CC(=O)NCCNC(=O)c1cnn(-c2ccc(C)c(Cl)c2)c1C1CC1,Cc1ccc(-n2ncc(C(=O)NCC3CCCO3)c2C2CC2)cc1Cl
C[C@@H](C(=O)C1=c2ccccc2=[NH+]C1)[NH+]1CCC[C@@H]1[C@@H]1CC=CS1,C[NH+]1C2CCC1CN(C(=O)C[NH+]1CCCC1c1ccsc1)CC2
CCN(C[C@@H]1CCOC1)C(=O)c1ccnc(Cl)c1,CCN(CC1CCOC1)C(=O)Nc1ccc(C(F)(F)F)nc1
Cc1ccccc1C[S@](=O)CCCc1ccccc1,Cc1ccccc1CS(=O)Cc1ccccc1C
CSCC(=O)NNC(=O)c1c(O)cc(Cl)cc1Cl,Cc1ccc(C(=O)Nc2cccc(C(=O)[O-])c2)c(C)c1
c1ccc(-c2cc(N3C[C@H]4[C@@H]5CC[C@@H](O5)[C@H]4C3)c3ccccc3[nH+]2)cc1,CNc1[nH+]c(C(F)(F)F)cc2c1C=C(c1cccnc1)CC2
Cc1cc(CNC(=O)Nc2cc(-c3ccccc3)on2)no1,Cc1cc(CNC(=O)NC(c2ccccc2)c2ccccc2)on1
Cc1ccn2c(=O)c(C(=O)Nc3n[n-]c(C(F)(F)F)n3)cnc2c1,Cc1ccn2c(=O)c(C(=O)NC(C)C3CCCO3)cnc2c1
CN(Cc1ccncc1)C(=O)c1ccc(I)cc1,CN(Cc1ccncc1)C(=O)Nc1ccc(N(C)C)cc1
COc1ccccc1N1CCN(c2ccc(=O)n(CC(=O)NC3CC3)n2)CC1,O=C(Nc1ccc(Cl)cc1)c1ccc(=O)n(CC(=O)N2CCOCC2)n1
COC(=O)Cn1nc(C)c(CNc2ncnc3sccc23)c1C,CC(C)c1cc(NC(=O)Cc2ccccc2C(C)C)n(C)n1
C=CCNC(=O)Nc1ccc(F)c(NC(=O)OC)c1,CC(=O)Nc1cccc(C(=O)Nc2cc(C)cc(C)c2)c1
c1cnn(C[C@H]2CN(CCCOc3ccc4c(c3)OCO4)CCO2)c1,O=C(CCOc1ccc2c(c1)OCCO2)Nc1ccc2c(c1)OCO2
COc1cc(C(=O)Nc2ccccc2Oc2ccccc2)on1,COC(C)C(=O)Nc1cc(Oc2ccccc2)ccc1Cl
CCCc1nnc(NC(=O)NNc2ccccc2Cl)s1,CCCc1nnc(NC(=O)c2ccccc2Br)s1
COC(=O)c1ccc(CNc2ccn(C)n2)[nH]1,CCn1nc(C)cc1NC(=O)c1cc(C#N)c(C)n1C1CC1
N#Cc1cc2c(cc1C#N)N1CCCc3c(Cl)ccc(c31)O2,CC1N(CC#N)C(C)(C)C1(C#N)c1cccc(Cl)c1
Oc1ccc(C[NH2+]C[C@H]2CCCC[C@H]2CCl)cc1,OC1CC2CCCCC2C1C[NH2+]Cc1ccc(Oc2ccc(F)cc2)cc1
CCC[C@@H]1NC(=O)N(CC(=O)Nc2ccccc2Oc2ccccc2)C1=O,COc1ccccc1NC(=O)Cc1cccc(Cl)c1
CC(C)[C@H](C)[NH+]1Cc2cccc(NCc3cc(=O)n4ccsc4[nH+]3)c2C1,CC1COC2(CC[NH+](Cc3ccc(NC(=O)C(C)C)cc3)CC2)O1
CC1(C)C(=O)N(CC2(CC(N)=S)CC2)S1(=O)=O,O=C(NCc1ccc(Br)s1)c1cnn(C2CCCC2)c1
CS(=O)(=O)[C@H]1O[C@H]1c1ccc(Cl)cc1Cl,CC1(C)CC1NC(=O)c1cc(S(C)(=O)=O)ccc1Cl
CCCc1ccc(C(=O)N[C@@H](C)c2cccc(S(=O)(=O)NC)c2)cc1,CC(NC(=O)c1ccc(C(C)(C)C)cc1)c1ccncc1
CN(C(=O)CSc1nc2cc(Cl)ccc2o1)C1(C#N)CCCCC1,CC(C#N)N(C)C(=O)CCC(=O)Nc1cccc(Cl)c1
O=C(COc1ncnc2ccc(Br)cc12)Nc1ccccc1Cl,O=C(COc1ccccc1Cl)Nc1cc(Cl)ccc1Cl
COc1cccc(CN2CC=CC[C@@H](C3CC[NH+](Cc4ccccn4)CC3)C2=O)c1,O=CN1CCCc2cc(C[NH+]3CCc4ccccc4C3)ccc21
N#CCCCCNC(=O)N[C@@H](c1ccccc1F)C1CCCC1,O=C(NC(c1ccccc1F)C1CC1)N1CCCSCC1
N#CC1=C(N)OC2=C(C(=O)CCC2)[C@H]1[C@@H]1CC=CCC1,N#CC1=C(N)OC2=C(C(=O)c3cscc3C2N)C1C(N)=O
C[C@@H]1CCCC/C1=N/NC(=O)CCC(=O)Nc1ccccc1Br,CC1CCCC1NC(=O)CCOc1ccccc1Br
O=C(Nc1cccc(N2CCCNC2=O)c1)C(=O)N1CCc2cc(F)ccc2C1,O=C(Nc1cccc(N2CCCC2=O)c1)N1CCc2cc(F)ccc2C1
C[C@@H](c1ccc([S@](C)=O)cc1)N(C)C(=O)c1cc2cccc(F)c2o1,CC(NC(=O)C1=CCCCO1)c1ccc(S(C)=O)cc1
COc1ccc(N2CCN(C(=O)COC(=O)c3ccc(C)c(C)c3)CC2)cc1,Cc1ccc(C(=O)N2CCN(C(=O)Cc3cccc(O)c3)CC2)cc1C
C[C@@H](c1ccccc1F)S(=O)(=O)Cc1cccc(C(F)(F)F)c1,CC(C)c1cc(C(=O)NCc2cc(C(F)(F)F)ccc2F)on1
CC[NH+]1CCC2(CC1)OC[C@H](C(=O)[O-])N2C(=O)c1ccc(F)cc1,CC[NH+]1CCC(NC(=O)c2ccc(-c3ccc(F)cc3)cc2)C(C)C1
CCOC[C@H]1CC[NH+](Cc2ccc(-c3nc4ccccc4s3)o2)C1,CCOCC1CCC[NH+](Cc2nc3ccccc3s2)C1
Cc1ccc(S(=O)(=O)N2CCC(C(=O)N3CCCc4ccccc43)CC2)cc1C,CCC(C)C(=O)N1CCC(C(=O)Nc2ccc(C)c(F)c2)CC1
Cc1sc(NC(=O)Cc2ccc(F)cc2)nc1-c1ccc(F)cc1,Cc1ccc(NC(=O)Cc2ccc(F)cc2)c(C(=O)[O-])c1
C[C@H]1CCC[C@@]([NH3+])([C@@H]2CCOC3(CCCC3)C2)[C@@H]1C,CC1CC(C)CC(C([NH3+])c2ccccc2Br)C1
CC(=O)C1=CC[C@H]2[C@H]3CCC4=CC(=O)CC[C@@]4(C)[C@@H]3C(=O)C[C@]12C,CCCC1=C(C=O)CNC(C2CC2c2cccc(F)c2)=N1
Cc1nc(C(C)C)sc1C(=O)N(Cc1cccs1)[C@H]1CCS(=O)(=O)C1,Cc1ncc(C(C)NC(=O)N(Cc2ccc(F)cc2)C2CCS(=O)(=O)C2)s1
C[NH+]1CCC(C[NH+](C)C2CCC(c3ccc(O)cc3)CC2)CC1,C[NH+](Cc1ccc(Cl)cc1Cl)CC1CNC(=O)C1[NH+]1CCCC1
COCCOc1ccc(NC(=O)N2C[C@@H](CO)CC[C@@H]2C)cc1F,COc1ccc(NC(=O)N2CCC(c3ccccc3)C(C)C2)cc1OC
CCOc1ccc(CN2CC[NH2+][C@H](C(=O)[O-])C2)c(OCC)c1C,CCOc1ccccc1CN1CC[NH+](Cc2ccccc2C)CC1C(C)(C)C
CN(C[C@@H]1CC[NH+](C)C1)C(=O)NCc1ccnc(OCC(F)F)c1,CN(CC1CC[NH+](C)CC1)C(=O)c1csc(C(F)F)n1
C[C@H](C(=O)OCC(=O)N(C)[C@@H]1CCCc2ccccc21)c1cccs1,CN(C(=O)CC(O)c1cccs1)C1CCCc2ccccc21
C[C@H]1CN(S(=O)(=O)CC[NH2+]Cc2ccc(C(C)(C)C)cc2)C[C@@H](C)O1,CC1CN(Cc2ccc(C[NH2+]Cc3cccs3)cc2)CC(C)O1
CC[C@H](C)[NH2+]Cc1ccc(N(C)C)cc1,Cc1ccc(CC(C)[NH2+]C(C)c2ccc(N(C)C)cc2)cc1
O=C(CCC1CCCCC1)NNC(=O)[C@@H](O)c1ccccc1,CC(NC(=O)Cc1cccs1)c1ccc2c(c1)CCO2
COc1ccccc1/C=C/C[NH+]1CCN(CCO)CC1,COc1ccc(CC(C)C[NH+]2CCN(C(C)C)CC2)cc1C
COc1ccc(CN2CCN(C(=O)C34CC5CC(CC(C5)C3)C4)CCC2=O)cc1,COc1ccc(CN2CCN(C(=O)Nc3ccc(OC)cc3)CC2)cc1
CC(C)(C)C(=O)N1CCC[NH+](C[C@H](O)COCc2ccccc2Cl)CC1,CC(C)(C)C(=O)N1CCC[NH+](Cc2cccc(Cl)c2Cl)CC1
C=CCn1c(=O)c2c(nc3n2[C@H](C)C(C)=NN3C)n(C)c1=O,Cc1nn(C)cc1CNC(=O)N(C)Cc1ccc(Cl)s1
COc1ccc(C(=O)CCCC2OCC(C)(C)CO2)cc1OC,COc1ccc(C(=O)NCCC(=O)C(C)(C)C)cc1Br
COc1ccccc1[C@@H](NC(=O)c1ccc2nncn2c1)C(C)(C)C,COc1ccccc1C(NC(=O)c1ccn(C)c1)C(C)(C)C
C#CCN(CC(=O)[O-])C(=O)N(C)[C@H](C)c1cccs1,CC(c1cccs1)N(C)C(=O)CNC(=O)c1cccs1
CCc1c(C(=O)Nc2ccc3c(c2)NC(=O)CS3)[nH]c(C)c1C(C)=O,CCc1nnsc1C(=O)Nc1ccc(Cl)c(C(=O)[O-])c1
Cc1cc(F)ccc1S(=O)(=O)Nc1ccc2oc(C)c(C(=O)[O-])c2c1,Cc1ccc(NS(=O)(=O)c2ccc(C(=O)[O-])cc2C)cc1C
C[NH+](C)CCOc1ccc(CNC(=O)[C@@H]2COc3ccc(F)cc3C2)cc1,Cc1cccc(CNC(=O)C2COc3ccc(F)cc3C2)c1
COc1ccccc1N1C[C@@H](C(=O)NN2C(=O)NC3(CCCCC3)C2=O)CC1=O,COc1cccc(NC(=O)C2CC(=O)N(C(C)C)C2)c1
O=C([O-])[C@H]1C=C[C@H](NS(=O)(=O)c2ccc3c(c2)CCO3)C1,O=C([O-])c1ccc2oc3cc(S(=O)(=O)NCC4CC4)ccc3c2c1
CC(C)(C)NC(=O)CNC(=O)Nc1cnn(CC(F)F)c1,CC(C)(C)n1cc(NC(=O)c2ccn(CC(F)F)n2)cn1
CCCN(C(=O)c1ccc(CNC(C)=O)cc1)c1cccc2ccccc12,CC(=O)Nc1cccc(C(=O)NCc2ccc(Cl)cc2)c1
Cc1c(NP(=O)(C(C)(C)C)C(C)(C)C)c(=O)n(-c2ccccc2)n1C,CC(NC(=O)N(C)C(C)(C)c1ccccc1)C(=O)N(C)C
CCc1nn(C)cc1NC(=O)NCc1ccccc1OCCO,CCc1nn(C)cc1NC(=O)NCc1cc(Cl)ccc1Cl
O=C(Nc1ccc2c(c1)COC2)C(=O)N[C@@H]1CCOC2(CCCCC2)C1,COc1ccc(CC(=O)Nc2ccc3c(c2)COC3)cc1
CCOC(=O)C1=C(C)NC(=O)N[C@H]1c1cc(OC)ccc1O,Cc1ccc(-c2nnc(C[NH2+]C3CCCCC3)o2)cc1F
O=C(N[C@H]1CC(=O)N(c2cccc(F)c2)C1)c1cc2ccccc2oc1=O,O=C(NC1CC(=O)N(c2ccccc2)C1)c1cccs1
COc1ccccc1NC(=O)c1cc2c(cc1Cl)N1CCCCCC1=NS2(=O)=O,O=C(Nc1ccccc1C(=O)N1CCCCC1)c1cccs1
O=C1N(Cc2cccc(F)c2)c2ccccc2[C@]1(O)c1cccc(F)c1,NC(=O)COc1ccc(F)c(NC(=O)Nc2cccc(Cl)c2)c1
COc1cccc([C@@H](C)[NH2+]CCOc2ncccc2Cl)c1,COc1cccc(C([NH3+])c2c(Cl)cccc2Br)c1
O=C(/C=C/c1ccco1)N1CC[C@@H]2CCCC[C@@H]21,O=C(CN1CC2CCCCC2C1=O)NCc1ccoc1-c1ccco1
CC(=O)c1ccc(Oc2ccc(C(=O)NC[C@H]3CC[NH+](C)C3)cc2)cc1,CC(=O)NCc1ccc(-c2ccc(C(C)=O)cc2)s1
Cc1ccccc1Nc1nc(N)nc(COc2ccc(F)c(Cl)c2)n1,Cc1cccc(C)c1NC(=O)COc1ccc(Cl)cc1Cl
CNC(=O)c1nn(CN2CCN(c3cccc(C)c3C)CC2)c(=O)c2ccccc12,Cc1ccccc1NC(=O)N1CCN(c2cccc(C)c2C)CC1
NC(=O)c1c(F)cccc1Nc1cccc(N)c1,NC(=O)c1ccccc1NC(=O)c1ccccc1Br
Cc1ccc(C2=NN(C(=O)C[NH+]3CCC4(CC3)OCCO4)[C@H](c3ccccc3Cl)C2)c(C)c1,Cc1ccc(-c2nnc(C[NH+]3CCC4(CC3)OCCO4)o2)c(C)c1
COc1cccc(O[C@@H]2CC[C@H]([NH3+])C2)n1,COC1(Oc2cccc(OC3CCCC3O)n2)CC(C)(C)C1
CS(=O)(=O)c1ccc(F)c(S(=O)(=O)[N-]c2cccc(NC(=O)C3CC3)c2)c1,CS(=O)(=O)c1cccc(NC(=O)c2ccccc2S(C)(=O)=O)c1
Cc1nnc(Cc2ccc(NC(=O)c3ccc(N4CCOCC4)cc3)cc2)o1,CC(=O)Nc1ccc(Cc2ccc(N3CC(C)OC(C)C3)cc2)cc1
O=C(NC1CCCCCC1)N[C@H]1CCSc2c(F)cccc21,O=C(NC1CCC(S)(S)C1)C1SCCc2ccc(F)cc21
CC(C)C[NH2+]C[C@H]1CCCO[C@H]1[C@H]1CC=CCC1,Cc1ccc(C2OCCCC2C[NH2+]C(C)(C)C)c(C)c1
O=C(NCCCN1CCOCC1)c1nc(-c2cnccn2)no1,O=C(NCC(=O)N1CCCCC1)c1cc2cnccc2s1
CN1CCN(S(=O)(=O)c2cc(C(=O)Nc3ccc(Cl)c(Cl)c3)ccc2F)CC1,O=C(Nc1cccc(S(=O)(=O)N2CCCCCC2)c1)C1CC1
Cc1ccc([C@]2(C)NC(=O)N(CC(=O)Nc3cccc(OC(F)(F)F)c3)C2=O)cc1,Cc1cccc(CC(=O)Nc2ccc(OC(F)(F)F)cc2)c1
O=C([O-])c1ccc(-c2ccncc2)cn1,O=C([O-])c1cnccc1C(=O)Nc1ccc(C(F)(F)F)nc1
Cc1sc2ncn(CC(=O)N[C@@H](c3ccccc3)C(C)C)c(=O)c2c1C,Cc1sc2ncn(CCC(=O)NC(C)C(C)(C)C)c(=O)c2c1C
C[C@H](NC(=O)c1cc(-c2ccco2)[nH]n1)c1ccc(Cl)s1,CC(NC(=O)c1cc(-c2ccco2)n(C)n1)c1ccc(Cl)s1
COc1ccc(C[NH+]2CCc3nnc([C@@H](C)NC(=O)C(C)C)n3CC2)cc1OC,COc1ccc(C(C)NC(=O)C(C)C)cc1OC
CCCCn1c(N)c(N(C)C(=O)CSc2ccc(F)cc2)c(=O)[nH]c1=O,CN(C)C(=O)CCC(=O)NC1CCN(c2ccc(F)cc2)CC1
O=C(Cl)COc1ccc2c(c1)CCC2,O=C(COc1ccc2c(c1)CCC2)NCc1ccc2c(c1)CCC2
CCN(CCc1nccs1)C(=O)Nc1cncc2ccccc12,CC(=O)CCC(=O)Nc1cncc2ccccc12
Cc1cc(NC(=O)[C@H]2CCOc3ccccc32)c2ncccc2c1,Cc1cc(NC(=O)C2CCOc3ccccc32)c2ncccc2c1
CC[C@]1(c2ccccc2)NC(=O)N(CCOc2ccc(Cl)cc2Cl)C1=O,CCC(Oc1ccc(Cl)cc1Cl)C(=O)Nc1ccc(C#N)cc1
CCOC(=O)C(C)(C)c1nc(-c2ccccc2)no1,CN1CCC(NC(=O)Nc2cccc(-c3noc(C(C)(C)C)n3)c2)CC1
C[NH2+]C[C@@H]1C[C@@H]1c1c(F)cccc1Cl,N#Cc1c(F)cccc1NCc1ccc(Cl)o1
O=S(=O)(NC[C@H](O)c1ccc(C(F)(F)F)cc1)c1cc(F)ccc1F,O=C(CC(O)c1ccc(F)cc1)Nc1cc(F)ccc1Cl
Cc1ccc(S(=O)(=O)N2CCCC[C@@H]2CCNC(=O)Cc2ccc(Cl)cc2)cc1,CCC(=O)N1CCCCC1CNS(=O)(=O)c1ccc(C)cc1
CC[C@H](C#N)Oc1ccc(CO)nc1,CCC(C#N)NC(=O)c1ccc(OC(C)(C)C)nc1
Cc1ccc(NC(=O)[C@@H]2CCCCC[C@H]2[NH3+])c(F)c1,Cc1cccc(NC(=O)C2CCCN2S(C)(=O)=O)c1
COc1ccc(CNC(=O)NC[C@@H](C)[NH+]2CCc3sccc3C2)cn1,COc1ccc(CNC(=O)N2CCOC(c3cccs3)C2)cn1
O=C(N[C@@H]1CCCc2ccccc21)[C@@H]1CCCN1S(=O)(=O)c1ccccc1C(F)(F)F,CC(=O)N1CCC(C(=O)NC2CCc3ccccc3C2)CC1
CC1=NC(SCC(=O)Nc2ccccc2C(F)(F)F)=NC(=O)[C@H]1Cc1ccccc1,O=C(Nc1ccccc1C(F)(F)F)c1occc1Br
CSCC[NH2+]Cc1nc(C)c(C)s1,Cc1nc(C[NH2+]Cc2ccc(Br)s2)sc1C
Cn1nc(C(C)(C)C)cc1C(=O)NCCc1nc(-c2ccc(Cl)cc2)no1,Cn1nccc1C(=O)NCc1ccc(C(C)(C)C)cc1
COc1ccc(CCNC(=O)[C@@H]2CCCN2C(=O)Nc2cccc(OC)c2)cc1,COc1cccc(NC(=O)C2CCCN2C(=O)OCC(C)C)c1
CCOC(=O)[C@]1(Cc2cccc(Cl)c2)CCCN(C(=O)c2ccnn2C)C1,Cn1nccc1C(=O)N1CCCC(C(O)c2cccc(Cl)c2)C1
COc1cccc(N2C(=O)C[C@@H](N3CCN(c4ccc5c(c4)OCO5)CC3)C2=O)c1,COc1cccc(N2CCN(C(=O)c3cccc(OC)c3O)CC2N2CCCC2)c1
CC(C)[C@@]1(CC2CCOCC2)CCC[NH2+]1,CC(CC1CCC(C)(C)O1)C(=O)NC(C#N)C(C)(C)C
Cc1nccn1-c1ccc(C[NH2+][C@@H](C)c2ccccc2N(C)C)cc1F,CC([NH2+]Cc1ccc(C(C)(C)C)cc1)c1ccc([O-])cn1
CO[C@]1(C)C[C@H](NC(=O)NCc2ccnc(OCC(F)F)c2)C1(C)C,COC1(C)CC(NC(=O)Cc2cccc(F)c2)C1(C)C
COC[C@@H](C)NC(=O)N[C@@H](C(N)=O)c1ccccc1,COCC(C)NC(=O)N(C)C(C)c1cccc(Cl)c1
Cc1oc(-c2ccccc2)nc1CCNC(=O)c1ccc([S@@](C)=O)cc1,CS(=O)c1ccccc1C(=O)NCCc1ccccc1
CC[NH+]1CCC[C@@H]1CN(C)S(=O)(=O)c1cccc(C[NH3+])c1,Cc1ccc(S(=O)(=O)N(C)CC(C)(C)c2ccccc2)cc1
O=c1n(CCO)c2ccccc2n1CCO,O=c1[nH]c2ccccc2n1CCOCc1cccc(Br)c1
COc1cccc([C@@H](NC(=O)[C@@H](C)c2ccsc2)c2nccn2C)c1,CC(NC(=O)NC(c1cccs1)C(C)(C)C)c1ccsc1
C[NH+]1CCC(NC(=O)C(=O)Nc2ccc(OC3CCCC3)cc2)CC1,CC(=O)Nc1ccc(CC(=O)Nc2ccc3c(c2)CCC3)cc1
O=C(NNc1cccc(C(F)(F)F)c1)c1cccc2cccnc12,Cc1cccc(C(=O)NCC(=O)Nc2cccc(C(F)(F)F)c2)c1
O=S(=O)(c1ccc2c(ccn2Cc2ccccc2)c1)N1CCC[NH2+]CC1,CC(NS(=O)(=O)c1ccc2c(ccn2CC(=O)N2CC[NH+](C)CC2)c1)c1cccnc1
C[C@@H]1CCC[C@@H]1[NH2+][C@@H]1CCCS[C@@H]1C,CCC1SCCCC1[NH2+]C1c2cccc(F)c2CSC1C
O=C(NCc1ccc([N+]2=CCCC2)cc1)NC1(c2ccc(Cl)cc2)CC1,CC(C(=O)NC1(c2ccc(Cl)cc2)CC1)n1cccn1
Cc1cc(-n2c(C)cc(C[NH2+][C@H](C)c3ccc(F)c(F)c3)c2C)no1,Cc1c(C(C)[NH2+]Cc2ccc(C(F)(F)F)cc2)cnn1C
COc1ccc(SCC(=O)Nc2ccc(N3CC[NH+](C)CC3)c(F)c2)cc1,COCC(=O)Nc1ccc(N2CCCCC2)c(F)c1
C[C@@H](COc1ccccc1)OC(=O)[C@H]1CCCN(C(=O)c2cccs2)C1,O=C(NCC(=O)N1CCc2ccccc2C1)c1cccs1
O=C1O[C@H](C(=O)Nc2ccnc3ccnn23)Cc2ccccc21,CC(C)C(=O)Nc1cccc(C(=O)Nc2ccccc2)c1
CNC(=O)CN1CCN(C(=O)c2nc(C)n[nH]2)CC1,Cc1ccc(C)c(CN2CCN(C(=O)c3nc(C)n[nH]3)CC2)c1
CC(C)[C@@H](CO)Nc1ccc(N)cc1Br,Cc1ccccc1NC(=O)C(C)Nc1ccccc1Br
COc1ccc(CNC(=O)c2cc(N3C(=O)C(C)(C)CS3(=O)=O)ccc2Cl)cc1OC,COc1ccc(CNC(=O)c2ccccc2C)cc1O
CCc1cccc(S(=O)(=O)Nc2cccc(-c3nnnn3C)c2)c1,CCc1cccc(S(=O)(=O)Nc2cccc(C(C)C)c2)c1
CC[NH+](CC)c1ccc(/C=C2\Oc3c(ccc(OCC(N)=O)c3C)C2=O)cc1,N#Cc1cccc(CC(=O)NCc2cccc(Cl)c2)c1
Cc1ccsc1CNC(=O)CCCC[NH3+],Cc1ccc(CNC(=O)Cc2ccccc2Cl)s1
CCC[C@@H]1CC[C@H](C[NH3+])[C@H]([NH+]2C[C@@H](C)C[C@@H](C)C2)C1,Cc1cc(C(C)C2CC(C(N)=O)CCC2C[NH3+])sc1C
C[C@H](O)CC#CC[NH+]1CCC[C@H](c2cccnc2)C1,CC1CCC(C(=O)N2CCCC(c3cccnc3)C2)C[NH+]1Cc1cccnc1
COc1cc([C@@H]2NC(=O)c3cccnc3N2)ccc1O,CC(C)CC1Nc2ccccc2C(=O)N1C(C)C
Cc1ccc(NC(=O)CNc2ccc(C(=O)N3C[C@@H](C)O[C@H](C)C3)cc2)c(Br)c1,CC1CN(C(=O)Cc2ccc(NC(=O)C3CC3)cc2)CC(C)O1
O=C1NCCN(C(=O)CCc2ccccc2)[C@@H]1CC(=O)N1CCN(c2ccccc2)CC1,O=C(CCCc1ccccc1)N1CCN(c2ccccc2O)CC1
COC[C@H](O)CCCC(F)(F)F,OC(CCc1cc(F)cc(F)c1)Cc1cccc(F)c1
CC(C)N(C)C(=O)[C@H]1CSCN1C(=O)/C=C/SCc1ccco1,CC(C)N(C)C(=O)C1CSCN1C(=O)Cc1ccc[nH]1
O=C(NCCNS(=O)(=O)c1cccc(Cl)c1)C12CC3CC(CC(C3)C1)C2,O=C(NCc1cccc(Cl)c1)C1COc2ccccc2O1
COC(=O)c1c(NC(=O)c2cccc(OC)c2)sc(C(=O)NC(C)C)c1C,CC(NC(=O)c1cc(Cl)ccc1Cl)C(=O)Nc1ccccc1
Cc1ccc(S(=O)(=O)Nc2nc3ccccc3nc2N2CCCC2)cc1,Cc1ccc(S(=O)(=O)Nc2cc(C(N)=O)ccc2C)cc1
Cc1ccc(CN(C(=O)N[C@H](C)c2nnc3ccccn23)C2CC2)cc1C,CCC(C)NC(=O)NC(C)c1nnc2ccccn12
O=C(Nc1cccc2ccccc12)NC1CC[NH+](CC(F)F)CC1,O=C(NCC(F)F)Nc1cccc2ncccc12
Cc1cc(C)c(NC(=O)c2cc3ccccc3n2C)c(C)c1,Cc1cc(C)c(NC(=O)CNC(=O)c2ccccc2C)c(C)c1
CN(C(=O)c1ccn(C)n1)[C@H](Cc1ccccc1)C1CCN(C(=O)C2=CCCC2)CC1,CN(Cc1cnn(C)c1)C(=O)c1cc(Cl)ccc1O
CC(C)NS(=O)(=O)c1ccc(C(=O)N[C@H](C)c2ccccc2Br)cc1,CC(NC(=O)c1ccc(C(C)(C)C)cc1)c1ccncc1
CCOc1ncnc(S(=O)(=O)CC)c1N,CCCc1cccc(CS(=O)(=O)c2ccc(C(N)=O)cn2)c1
Nc1ccc(Cl)c(S(=O)(=O)N2CCN3C(=O)NC[C@H]3C2)c1,Cc1ccc(Cl)cc1S(=O)(=O)N1CC[NH+](C2CCCCC2)CC1
CCC1CCC(C[NH2+][C@@H]2CCC[C@H]2[C@@H]2CCCC[NH2+]2)CC1,CCC1CCC([NH2+]Cc2nnc3n2CCCC3)CC1
CC[NH+]1CCN(C(=O)C2CC[NH+](Cc3ccccc3F)CC2)CC1,CC1CCN(C(=O)CCF)CC[NH+]1Cc1cccc(F)c1
COc1ccc2nc(Nc3ccc4c(c3)CCC4)sc2c1,CC1CC1Nc1nc2ccc(OC3CCC(C)(O)C3)cc2s1
CC(C)C[C@H]1[NH2+][C@]2(C(=O)Nc3ccc(F)cc32)[C@@H]2C(=O)N(C(C)(C)C)C(=O)[C@H]12,NC(=O)C1COCCN1Cc1ncc(-c2ccc(F)cc2)s1
CN(C(=O)CCOc1cccc(C(N)=O)c1)[C@H]1CCC[NH+](C)C1,NC(=O)c1cccc(OCC(=O)N2CC3CCCCC3C2)c1
Cc1occc1C(=O)NC1CCN(C(=O)C(=O)Nc2ccc(F)cc2F)CC1,Cc1occc1C(=O)NC1CCN(C(=O)c2ccccc2F)CC1
CC[S@](=O)[C@H]1CCCC[C@@H]1NC(=O)NC[C@H](O)c1ccco1,CCS(=O)C1CCCCC1NC(=O)c1occc1Br
CNC(=S)N1CCCN(c2ccc(C#N)cn2)CC1,N#Cc1cccnc1NCC(=O)N1CCC(c2cccc(F)c2)C1
Cc1c(Cl)cccc1S(=O)(=O)NC[C@@H](C)CN1CC[NH+](C)CC1,Cc1c(Cl)cccc1S(=O)(=O)NCc1ccccn1
COc1cccc(CCNC(=O)CN2CCN(c3ccccc3O)CC2)c1,COc1cccc(CCNC(=O)N2CCOC(c3ccccc3)C2)c1
Cc1cc(C)c2nc(C3CC3)cc(C(=O)NCCCC(=O)NC3CC3)c2c1,Cc1ccc2c(C(=O)NC3CC3C)ccnc2c1C
Cc1nccn1-c1cc(N2CCC(C(=O)Nc3ccc(F)c(F)c3)CC2)ncn1,Cc1nccn1-c1cc(N2CCC(C(=O)NCC3CC3)CC2)ncn1
CCN(CC)c1ccc([C@@H]2C3=C([O-])CCCC3=NC3=NC(SC)=NC(=O)[C@@H]32)cc1,CN(Cc1ccc(CN2CCOc3cc(N)cc(Cl)c32)cc1)C1=NC(=O)CC(C2CC2)=N1
Cc1cnn(CCCCC[NH+]2CCN(c3ccc(O)cc3)CC2)c1,Cc1nn(-c2ccc(F)cc2)cc1CN1CCN(c2ccc(O)cc2)CC1
O=C(Nc1ccc(O)cc1)c1ccsc1,O=C(Nc1ccc(OC(F)(F)F)cc1)c1ccsc1
C[C@@H](OC(=O)[C@@H]1C[C@@H]1c1ccc(OC(F)(F)F)cc1)c1ccccn1,CC(c1ccccn1)N(C)C(=O)Cc1ccc(O)c(Br)c1
O=C(Cc1ccc(N2CCCC2=O)cc1)Nn1cnc2ccccc2c1=O,CC(C)C(NC(=O)N1CCCSCC1)c1ccccc1
CCO[C@@H]1C[C@@H]([NH+](C)C[C@@H]2CCCN(S(C)(=O)=O)C2)C12CCCCC2,CCOC1CC([NH+](C)CC2CCCN(S(C)(=O)=O)C2)C12CCCCC2
CC[NH2+][C@H](Cc1ncnn1C)C1([NH+]2CCCC2)CCCC1,CC([NH2+]Cc1nc(C(C)(C)C)cs1)c1ccccn1
Oc1cccc([C@@H]2CN(c3nccc(Oc4ccc(F)cc4)n3)CCO2)c1,Cn1nc(C2CN(c3ccc(Cl)cc3Cl)CCO2)[nH]c1=O
CC(=O)NCCn1c(SCC(=O)[O-])nc2cccnc21,NC1=NC2(CCNC(=O)Cc3cccs3)C=CC=CC2N1
Cc1cc(C)c2nc(N3CCN(C(=O)[C@@H]4CCCCN4S(C)(=O)=O)CC3)sc2c1,Cc1cc(C)c2nc(NC(=O)C3CCN(S(C)(=O)=O)CC3)sc2c1
Cc1cnn(CCCNC(=O)N2CCCC[C@H](N3CC[NH+](C)CC3)C2)c1,Cc1cnn(CCC(=O)N2CCCC(c3cn[nH]c3)C2)c1
CN(Cc1nc2c(s1)CCCC2)C(=O)[C@@H]1CCN(c2ccccc2)C1=O,CN(Cc1nc2c(s1)CCCC2)C(=O)C1CCCO1
CCc1nnc(NC(=O)c2ccc(Oc3cccc(C)c3)cc2)s1,CCc1nnc(NC(=O)c2ccc(OC)c(OC)c2)s1
CC[C@@H]([NH2+][C@@H]1C[C@H](c2ccccc2)Oc2ccccc21)c1c(C)noc1C,CCC([NH2+]C1CCCC1C(C)(C)C)c1cc(C#N)on1
CC[NH2+]Cc1c(C)nn(C)c1N1CCN2C(=O)NC[C@@H]2C1,CCc1nn(C)c(C)c1NCc1c(C)nn(C)c1C
C=CCOc1c(Br)cc(CN(C)[C@H]2CC[NH+](C)[C@H](C)C2)cc1OC,CCOc1ccccc1CN(C)C(=O)NC1CCCCC1
COc1cccc(COc2ccc(OC)cc2CCl)c1,COc1cccc(COc2cc(Cl)cc(C(F)(F)F)c2)c1
C[C@H](CCc1ccccc1F)[NH2+]CCc1nc2cc(F)ccc2n1C,CC(CCc1cccc(F)c1)[NH2+]C1CSc2ccccc2C1
O=C(Cn1c(=O)oc2cc(Cl)ccc21)N1CCC[C@@H]1c1cccs1,O=C(Cn1c(=O)oc2ccc(Cl)cc21)NCc1cccs1
[NH3+][C@H](Cc1ccc(O)cc1)c1ncccn1,CC(Cc1ccc(O)cc1)c1noc(C2CCCC2)n1
CCOC(=O)NCCC(=O)N[C@H]1CCc2c(O)cccc21,CCOC(=O)N1CCN(C(=O)NC2CCc3cccc(O)c32)CC1
C[C@@H]1CN(Cc2cnc3cnccn23)[C@H](c2ccccc2)CO1,CC1COC(c2ccccc2CO)CN1Cc1ccco1
CCC(C)(C)NC(=O)[C@@H](C)Oc1ccc(C[C@H](C)[NH3+])nc1,CC(C)C(NC(=O)N1CCOC(CC(C)(C)C)C1)c1ccccn1
N#Cc1ccc(OCC(=O)Nc2ccccc2N2CCc3ccccc32)cc1,N#Cc1ccc(OCC(=O)Nc2ccc(N3CCCC3)cc2)cc1
Cc1ccc(CCN(C)CC[NH+]2CCCC2)cc1,Cc1ccc(CN(C)C(=O)NCc2ccc(C#N)cc2)cc1
CCOc1ccc(C[NH+]2CCC[C@H]([C@H](O)c3nccn3C)C2)cc1OC,CCOc1ccc(C[NH+]2CCC(c3cc(C)cc(C)c3)C2)cc1O
C[C@H](NC(=O)NC[C@H](C)C[C@@H](C)O)c1ccc(S(C)(=O)=O)cc1,Cc1ccc(C(C)NC(=O)Cc2ccc(S(C)(=O)=O)cc2)cc1
CC[C@@H](c1ccccc1)[C@H]1N=N/C(=N/C(=O)Nc2ccc(OC)cc2)S1,COc1ccc(NC(=O)Nc2ccc(N3CCOCC3)cc2)cc1
Cc1ccccc1[C@@H]1C[C@H](C)N(C(=O)c2ccc(-n3ccnn3)cc2)C1,CCCC1OCCNC1c1cccc(C(=O)N2CC(C)CC2C)c1
Cn1nc(CNC(=O)Nc2ccccc2C(F)(F)F)cc1-c1ccncc1,Cc1ccccc1CNC(=O)N1CCN(c2ccccc2C(F)(F)F)CC1
CCNC(=O)N1CC[C@@H]([NH2+][C@H](C)CC(=O)Nc2cccc(F)c2)C1,Cc1ccc(C(C)[NH2+]C2CCN(C(=O)c3ccccc3)C2)s1
CC(C)(CNC(=O)NCc1ccc(OC2CCCC2)nc1)N1CCOCC1,CC(C)(C)CC(=O)NCc1ccc(OC2CCCCC2)nc1
COc1ccc(F)c(NC(=O)C(=O)NC[C@H](O)c2ccco2)c1,COc1ccc(NC(=O)Nc2cc(F)ccc2F)c(OC)c1
C[NH+](C)C[C@H]1CSCCCN1C(=O)C1CCN(S(C)(=O)=O)CC1,CC(C)CC1CCCCCN1C(=O)c1cnc(N2CCCC2C)s1
Cc1ccccc1CS(=O)(=O)N1CCC[C@@H](C(=O)Nc2ccc(Br)cc2F)C1,Cc1cccc(NC(=O)C2CN(S(=O)(=O)c3ccccc3)C2)c1
Cc1cc(C)n(C[C@@H](C)CNC(=O)NCc2cc3ccccc3o2)n1,Cc1cc(C)n(CC(C)CNC(=O)c2ccc(C)s2)n1
Cc1ccccc1CNC(=O)[C@@H]1CCCN(S(=O)(=O)Cc2ccc(Cl)cc2)C1,CC(=O)N1CCCC(C(=O)NCc2ccccc2Cl)C1
Cc1nc(C2CCCC2)sc1-c1nc(-c2ccc(C#N)cn2)no1,Cc1nc([NH+]2CCCC(C)C2)sc1-c1nc(C2CSC(C)C2)no1
Cc1cc(F)ccc1CCNCc1cn2ccccc2[nH+]1,Cc1cc(F)ccc1CCNC(=O)c1cccnc1
C[NH2+][C@H](COC(C)C)c1ncccn1,Cc1ccc(C(C)[NH2+]C(C)c2ccccn2)cc1C
C[C@@H]1CCCC[C@H]1NC(=S)N1CCOCC1,CC1CCCCC1NC(=O)N1CCN(C(=O)N2CCCC2)CC1
C=C(C)COc1ccc2c(c1)[C@H]1C=CC[C@H]1[C@@H](c1ccc(O)cc1)N2,COc1ccccc1OC1CN(C(=O)c2ccc(OCC(F)(F)F)cc2)C1
CC(=O)CCc1ccc(OCC(=O)N2CCO[C@@H]3CCCC[C@H]32)cc1,CC(=O)Nc1ccc(CC(=O)N2CCOC3CCCCC32)cc1
COc1ccc(OC)c(N2CC(=O)C(c3nc4ccccc4s3)=C2N)c1,COc1cc(CCNC(=O)N2Cc3cccc(Cl)c32)cc(OC)c1
CC[C@H](O)[C@@]1(C#N)CCC[C@H](C)C1,CCC(C)C(O)Cc1ccn(C2CC(C)CC(C)(C)C2)n1
COc1ccccc1S[C@@H](C#N)Cc1ccc(C)cc1,COc1ccc(CC(C#N)C(C#N)c2ccc(C)cc2)cc1C
O=C(N[C@@H]1CCS(=O)(=O)C1)c1ccc(CNS(=O)(=O)c2ccccc2)cc1,CC(C)c1ccc(S(=O)(=O)NCc2ccc(C(=O)N(C)C)cc2)cc1
COc1cccc2cc(C(=O)NCC3CCN(C(=O)NC(C)(C)C)CC3)c(=O)oc12,CCOC(=O)N1CCC(C(=O)Nc2cccc(Cl)c2)CC1
Cc1ccc2c(c1)c(=O)c(C(=O)Nc1ccc(Cl)cc1Cl)nn2C,CCS(=O)(=O)c1ccc(NC(=O)c2ccccc2Cl)cc1
CCCCn1nccc1NC(=O)c1ccn(-c2cccc(Cl)c2)n1,CCn1nccc1NC(=O)c1cnn(-c2cccc(Cl)c2)c1
COc1ccccc1[C@@H](NCc1ccc(C)s1)c1[nH+]ccn1C,COc1ccccc1C(NC(=O)C(C)C)c1noc(C)n1
CC(=O)N[C@@H](CC(=O)N[C@H](C(N)=O)C(C)(C)C)c1c(F)cccc1F,CC(=O)NC(CC(=O)N1CCC(c2ccccc2C)C1)c1cc(F)cc(F)c1
C=CCNC(=O)c1ccccc1NC(=O)[C@H]1CC(c2cccc(F)c2)=NO1,O=C(NCc1ccccc1Cl)C1CC(c2cccc(Cl)c2)=NO1
CN1CCC[NH+](Cc2cc(Cl)ccc2N)CC1,CC1CN(Cc2cc(Cl)ccc2Cl)CC[NH+](Cc2ccco2)C1
CC(C)(C)C(=O)N1CCCC[C@H]1[C@H]1CCCCC1=O,Cn1cc(CNC(=O)C2CCCN2C(=O)C(C)(C)C)cn1
Cc1csc(NC2=NC(=O)CS2)n1,CNc1nc(-c2ccc(Nc3nc(C)cs3)cc2)c(-c2nccs2)s1
C[C@@H]1Cc2ccccc2N1CC(=O)Nc1cc(C(F)(F)F)ccc1-n1cncn1,CC1Cc2ccccc2N1CC(=O)Nc1c(Cl)cccc1Cl
NC(=O)c1ccc(NC(=O)c2cccn(Cc3ccc(F)cc3)c2=O)cc1,CN(C)C(=O)c1ccc(NC(=O)c2ccc(=O)n(C)c2)cc1
CCC1=NN(c2cc(F)c(F)c(F)c2)C(=O)C1,CCCC1=NC(c2ccc(F)c(F)c2)NC(NC(=O)C2CC2C)=C1
N#C[C@H](COC(=O)c1cccc(Br)c1)Cc1cccs1,CC(Cc1cccs1)NC(=O)c1cccc(Br)c1
CCOc1cc(NC(=O)[C@@H]2C=C[C@H]([NH3+])C2)ccc1OC,CCOc1ccccc1NC(=O)c1cccc(OC)c1
CN(Cc1nccn1CC(F)(F)F)S(=O)(=O)c1ccc(C(F)(F)F)cc1,O=S(=O)(NCc1nccn1CC(F)(F)F)c1ccc(C(F)(F)F)cc1
O=C1C[C@H](c2nc(-c3cccnc3)no2)CN1c1cccc(Cl)c1,CC(C)c1nc(-c2cccc(N3CC(C4CCCC(=O)N4)CCC3=O)c2)no1
CC(C)C[C@@H](C(=O)N[C@H]1CC(=O)N(C2CC2)C1)N1CCCCC1=O,O=C(NC1CC(=O)N(C2CC2)C1)C(c1cccs1)C1CC1
CC(=O)N[C@@H](C)c1nc2ccccc2n1CCOc1ccc(C)c(C)c1,CC1=NC2(C)C=CC=CC2N1CCC(=O)NC(C)c1ccc(C)cc1
COc1ccc(NC(=O)c2n[nH]c3cccc(Cl)c23)cc1OC,COc1cccc(OC)c1C(=O)Nc1cccc(Cl)c1
CC[C@H](C)Sc1nncn1-c1ccccc1C,CCC(=O)NC(C)c1nnnn1-c1ccccc1C
C[C@@H]1C[C@@H]1C(=O)Nc1ccc(F)cc1C(=O)NC1CCC(O)CC1,CC1CC1C(=O)Nc1ccc(F)cc1Br
COc1ccc(CN2C(=O)c3ccccc3C[C@]2(C)C(=O)NC2CCCCCCC2)cc1,Cc1ccc(CNC(=O)C2(C)CCN(C(=O)c3ccco3)CC2)c(C)c1
CCOC(=O)[C@H](F)[C@@]1(O)CCC[NH+](C(C)C)CC1,CC(C)[NH+]1CCCC(C(=O)NCc2cccc(C(F)(F)F)c2)C1
CCN(C(=O)c1n[nH]c(C)n1)[C@@H]1CCC[NH2+]C1,CCCN(C(=O)c1n[nH]c(CC)n1)C1CCCC(C)C1
CCCS(=O)(=O)c1ccc(NCc2cn[nH]c2N)cc1,CCS(=O)(=O)c1ccc(NC(=O)C2CC2c2ccccc2)cc1
Cc1cc(Cl)ccc1NCc1c(C)n(C)n(-c2ccccc2)c1=O,CCC(C)c1ccccc1NCc1nnc2n1CCCCC2
Fc1cccc([C@@H](NCc2nnsc2Cl)c2ccccc2)c1,Cc1cccc(C(CNC(=O)C(C)C)N2CCOC(c3ccccc3)C2)c1
COc1ccc(-c2noc(C[NH+]3CCCC[C@@H]3C(=O)[O-])n2)cc1OC,COc1ccc(-c2nc(C[NH+]3CCCCC3C)no2)cc1OC
Fc1ccc(F)c(C[NH+]2CCC(n3cc(-c4cccnc4)nn3)CC2)c1F,Cc1cc(C)c(-c2cnnn2C2CC[NH+](CC#N)CC2)cc1C
COc1cccc(NC(=O)[C@@H]2CCCN(S(=O)(=O)c3ccc(NC(C)=O)cc3)C2)c1,O=C(Nc1cccc(S(=O)(=O)N2CCCCC2)c1)C1CCCCC1
Cc1cc(=O)c(OCC(=O)Nc2nc(-c3cccnc3)cs2)c[nH]1,Cc1csc(NC(=O)C(C)NC(=O)c2cccs2)n1
C[C@@H](C[C@@H]1CCCCC[NH2+]1)[NH2+]CC(C)(C)C,CC(C)CC1CCCCC[NH+]1Cc1cncs1
C[C@@H](Cc1ccccn1)n1cnc2c(F)cccc2c1=O,CC(Cc1ccccn1)N1CNc2ccccc2C1=O
CN(CCc1cccs1)C(=O)[C@@H]1C[C@@H]1c1ccccc1C(F)(F)F,O=C(NCCc1cccs1)C1CC1c1ccccc1C(F)(F)F
Cc1c([C@H](C)NC(=O)c2[nH]c3ccccc3c2Cl)cnn1C,Cc1c(C(C)NC(=O)Cc2ccccc2Cl)cnn1C
C[NH+](C)[C@@H]1CC[C@@H](NC(=O)c2ccc3c(c2)CCCN3S(C)(=O)=O)C1,O=C(NC1CCCC1)c1cccc(S(=O)(=O)N2CCCC2)c1
C[C@H]1CN(c2cc3c(cc2Br)C(=O)C(=O)N3)C[C@H](C)S1,Cc1nnn(CCc2ccccc2CC[NH3+])c1C
CCN(CC(=O)N1CCc2ccccc2C1)S(=O)(=O)c1cc(F)ccc1OC,Cc1ccc(C)c(C(=O)NCC(=O)N2CCc3ccccc3C2)c1
Cc1cc(Cl)c(NC(=O)C(=O)NC2CCC(O)CC2)cc1Cl,Cc1cc(Cl)ccc1NC(=O)C1CC(=O)N(C2CCCC2)C1
C[C@H](Oc1cccc(Cl)c1)C(=O)N1CCC(Cc2ccccc2)CC1,CC(Oc1cccc(Cl)c1)C(=O)N1CCCC(CC(N)=O)C1
C[C@@H](CNC(=O)NCC[C@@H](C)O)Oc1cccc(Cl)c1,CC(CNC(=O)c1ccccn1)Oc1ccc(Cl)cc1
CC1(C)c2[nH]c3ccccc3c2C[C@H]2C(=O)N(Cc3ccccc3Cl)CC(=O)N21,CC1(C)NCC(=O)N(Cc2ccccc2C(C)(C)O)C1=O
CCn1cnnc1S[C@H]1C[C@@H](C)OC1=O,CCn1c(CNc2nncn2C)nnc1SC1CCN(C(=O)C2CCOC2C)C1
C[C@@H]1CC[C@@H](C(=O)[O-])[C@H]2C(=O)N(c3ccccc3)C(=O)[C@@H]21,CC1CCCC(CC(=O)Nc2ccccc2-n2cccn2)C1
CCn1c(C)cc(CNCC[NH+]2CCCCC2)c1C,Cc1[nH]c(C(C)(C)C)cc1CNCc1cc(C2CC2)n(C)c1C
CCCC[C@@H](NC(N)=O)C(=O)Nc1cc(OC)ccc1F,COc1ccc(NC(=O)c2ccccc2F)c(OC)c1
COc1ccc(Cl)cc1NC(=O)c1cc2ccccc2o1,COc1ccc(Cl)cc1NC(=O)N(C)Cc1ccccc1
CC[C@@H]([NH2+]CCCC(C)(C)C)c1cnn(C)c1,CCC([NH2+]Cc1cc(Cl)c(Cl)s1)c1cnn(C)c1
C[C@H](OC(=O)[C@@H]1CCC[C@@H](C)C1)[C@@H]1CCCO1,CC1CCCC(C(=O)NC2CCCN(C(=O)C3CCCCC3)C2)C1
CCCCNC(=O)[C@@H](C)N1CCN(CC(=O)N2CCCC[C@@H]2C)CC1,CCC(C)NC(=O)CN1CCCC(c2nc(-c3cccs3)no2)C1
[NH3+][C@@H]1CCC[C@@H](n2cc(C(F)(F)F)cn2)C1,FC(F)(F)Cn1cc(C2CC[NH+](C3CCCC(C(F)(F)F)C3)CC2)cn1
C/C(=C/C(=O)N[C@@H](C)c1c(C)noc1C)c1ccccc1OC(F)F,Cc1noc(C)c1C(C)NC(=O)c1ccccc1OC(F)F
Cc1noc(C)c1COc1ccc(C(=O)N[C@@H](C)c2c(C)noc2C)cc1,Cc1noc(C)c1C(C)NC(=O)CCC(C)C
N#Cc1ccc(NC[C@H](O)COc2ccc(I)cc2)nc1,N#Cc1ccc(NCC(O)c2ccc(F)c(F)c2)nc1
Cc1nn(S(=O)(=O)c2ccc(F)cc2)c(C)c1S(=O)(=O)N1CCC(C)CC1,CC1CCN(C(=O)c2ccc(S(=O)(=O)N3CCC(C)CC3)cc2)CC1
Cc1ccc(/N=C2/COCCN2)cc1,Cc1ccc(N2CC(C(C)C)OCC2=O)c(Br)c1
C[NH+](CC(=O)NC(C)(C)C)C1CCC2(CC1)OCCO2,CNC(=O)C(CC(F)(F)F)NC(=O)c1cc(C)c(C)s1
CCC(=O)N1c2ccc(S(=O)(=O)CCC(=O)NCc3ccc(Cl)cc3)cc2C[C@@H]1C,CC(=O)N1c2ccccc2CC1C(=O)NCc1ccc(Cl)cc1
COc1ccc(OCC(=O)N2CC(OCc3ccc(Cl)cc3)C2)cc1,COc1ccc(NC(=O)Cc2ccccc2)c(Cl)c1
c1ccc(-c2ccc(NCc3ccc4c(c3)OCO4)nn2)cc1,COc1ccc(C(=O)NCc2ccc3c(c2)OCO3)cc1CO
CC(C)C(=O)NC[C@@H]1CCCN(S(=O)(=O)CCC2CC2)C1,CC(C)C(=O)NCC1CCCN(S(=O)(=O)c2cccc(Cl)c2)C1
C[C@H]1N=C(CCNC(=O)CCC2=c3ccccc3=[NH+]C2)CS1,Cc1noc(CCNC(=O)Cc2ccc3c(c2)CCCC3)n1
CC(=O)N1CN(CCC2=CCCCC2)Cc2c1sc1c2CCCC1,NC(=O)C1CCN(C(=O)CCn2ccc3cc(Cl)ccc32)C1
Nc1cc(Cl)c(Cl)cc1NC[C@@H]1CCCC[C@H]1O,O=C([O-])C1CCCCC1CNc1c(Cl)cccc1Cl
Cc1nc2n(n1)C[C@H]([NH2+]C[C@@H](O)CN(C)Cc1ccccc1)CC2,Cc1nc2n(n1)CC([NH2+]CC(C)c1ccccc1)CC2
COc1ccc(-c2nc(CN3CCNC(=O)C3)c(C)o2)c2ccccc12,COCC1CN(Cc2nc(CNC(=O)c3ncccc3C#N)cs2)CCO1
C=CCN(C(=O)C/C=C/c1ccc(C)cc1)[C@@H]1CCS(=O)(=O)C1,Cc1ccc(CN(C(=O)Nc2ccccc2)C2CCS(=O)(=O)C2)cc1
CN(Cc1noc(C2CC2)n1)[C@@H]1CCN(Cc2nnnn2C2CC2)C1,Cc1noc(CN2CCCC(NCc3nnc(C4CC4)n3C)C2)n1
Cc1ccc(/C=C/C(=O)N2CCC3(CC2)OCCO3)o1,Cc1cc(CNC(=O)C2CCCN2C(=O)c2ccco2)c(C)o1
C[C@@H]1CCCCN1C(=O)CSc1nnc(-c2cccnc2)n1C1CCCCC1,CC1CCCCN1C(=O)CNc1ccc(C(=O)N2CCCC2)cc1
C[C@H](C(=O)N1CCOCC1)[NH+]1CCN(Cc2ccc3c(c2)OCO3)CC1,O=C(C(O)c1ccccc1)N1CCN(Cc2ccc3c(c2)OCO3)CC1
COc1ccc(C(C)(C)C)cc1NC(=O)C[C@H](NC(N)=O)c1ccccc1F,COc1ccc(C(C)(C)C)cc1NC(=O)CN1CCOCC1
Cn1ncc2c1CCC[C@H]2NC(=O)NC[C@H](O)COc1ccc(F)cc1,Cn1ncc2c1CCCC2NC(=O)c1ccc(Cl)cc1
Cc1ccc(-c2nc(C[NH+]3CCCC[C@H]3c3cccnc3)c(C)o2)s1,Cc1nc(C[NH+]2CCCCC2c2cccnc2)c(-c2ccco2)o1
Cc1cc(F)ccc1CCNC(=O)Cc1c[nH]c2c(C)cccc12,CCC(C)N(C)C(=O)NCc1ccc(C#N)cc1F
C=C(C)Cn1ccc(-c2ccsc2)n1,CC(CNC(=O)c1ccsc1)Cn1cc(C(F)(F)F)cn1
CCOc1cc(NC(=O)NC[C@@H](C)[NH+]2CCC[C@H](C)C2)ccc1OC,CCOc1cc(NC(=O)c2csc(Br)c2)ccc1OC
CO[C@@H]1CCC[C@H](OC(=O)CCc2c(C)nn(C)c2C)C1,Cc1nn(C)c(C)c1CCC(=O)NCc1cccs1
CC(C)(C)OC(=O)N1CCC[C@@H](COS(C)(=O)=O)C1,CN(C(=O)NC1CCCN(C(=O)OC(C)(C)C)C1)c1nccs1
CCOC(=O)[C@H]1CCCN(C(=O)c2cn(CCc3ccccc3)nn2)C1,O=C(NCCc1ccccc1)C1CCCN(c2ncccn2)C1
Cc1cc(C[NH+]2CCC(CNS(=O)(=O)c3ccc(C)c(C)c3)CC2)c(C)o1,Cc1cc(C)c(C[NH+]2CCC(Cc3ccccc3)CC2)o1
CC[C@@H]([NH3+])[C@H](c1cc(Br)cs1)N(C)CCS(C)(=O)=O,CC(C)C(NS(C)(=O)=O)c1ccc(Br)s1
CCc1nncn1CC[NH2+][C@H](C)Cn1c[nH+]c(C)c1C,Cc1cn(CC(C)[NH2+]Cc2nncn2C2CCCC2)c(C)[nH+]1
CCC[NH2+][C@@H]1CC[C@@H](C)C[C@@H]1C[NH+]1CCC(CC)(CC)C1,CCC1(CC)C[NH2+]CCN1C(=O)Cc1c(-c2ccccc2)nn(C)c1C
O=[S@@](Cc1csc(-c2ccc(F)cc2)n1)c1cccc(F)c1,NC(=O)c1csc(CS(=O)C2CCCCC2)n1
CCC[C@@H]([NH2+]C1CCN(C(=O)NC2CCCCC2)CC1)C1CC1,CCC1CCC([NH2+]C2CCN(C(=O)C3CCC3)CC2)C1
O=C(NC1CC1)[C@@H]1CCC[NH+](C2CCN(C(=O)c3ccc[nH]3)CC2)C1,O=C(NCc1cccc(C(=O)N2CCCC2)c1)C1CCCCC1
CCC(CC)C(=O)N1CCC(NC(=O)Nc2ccc(OC)cc2Cl)CC1,CCC(C)C(=O)Nc1ccc(C(=O)N2CCCCC2C)cc1
CCC(CC)n1nccc1C(=O)O[C@@H](C)[C@H]1CCCO1,CCC(C)n1ncc(C(=O)Nc2nc(C3CC3)n[nH]2)c1C1CC1
CCN(CC)C(=O)CN(c1ccccc1)S(=O)(=O)c1ccc(C)cc1,CCN(CC(=O)Nc1ccc(Cl)cc1Cl)C(C)=O
COc1ccc(CC[NH2+][C@H](C)c2ccc(C)cc2)cc1S(N)(=O)=O,COc1ccc(C(C)[NH2+]Cc2ccc(C)cc2C)cc1
O=C(c1ccc(Br)cc1)[C@H](O)c1c[nH]c2ccccc12,O=C(NCC(=O)N1CCCCC1)c1ccc(Br)cc1
CC(=O)Nc1ccc(CN2CC[NH+](C3CCCC3)[C@H](CCO)C2)cc1,CC(=O)Nc1ccc(Cc2ccc(NC(C)=O)cc2)cc1
C[C@H](OCc1ccccc1)C(=O)Nc1sc2c(c1C(=O)NC1CC1)CCC2,CC(OCc1ccccc1)C(=O)Nc1sc2c(c1C(=O)N(C)C)CCCC2
COc1ccc(-c2cc(=O)n(CC(=O)NCc3ccccn3)cn2)cc1,COc1ccc(NC(=O)CN2CC(c3ccc(Cl)cc3)NC2=O)cc1
CC[C@H](C)[NH2+]CCc1n[nH]c(-c2ccco2)n1,CCC(C)[NH2+]C(C)c1n[nH]c(-c2ccc(C(C)(C)C)cc2)n1
CCn1ncc(C[NH2+]C)c1C1CC1,CCn1nc(C)c(C[NH2+]Cc2cnn(CC)c2C2CC2)c1C
CCc1nc(CN2CC[NH+](Cc3cc(Cl)c(OC)c(OC)c3)CC2)no1,CCc1nc(CN2CCC[NH+](Cc3cc(Cl)cc(Cl)c3)CC2)no1
Clc1ccccc1Cn1ccnc1,O=CN1CCN(Cc2cccnc2)CC1=O
C/C(=C/c1ccc(F)cc1)C(=O)NCc1cccc(OCC(F)F)n1,Cc1ccc(C(=O)NCc2cccc(OCC(F)(F)F)n2)s1
Clc1cccc(-c2ccc(C[NH2+]Cc3ccc4c(c3)OCO4)o2)c1,CC([NH2+]Cc1ccc2c(c1)OCO2)c1ccc2c(c1)OCO2
Cc1nc2n(n1)C[C@@H]([NH2+]Cc1cn(-c3ccccc3)nn1)CC2,Cc1ccccc1N1CC([NH2+]Cc2nc(C)c(C)o2)CCC1CC(F)(F)F
COCCN1C(=O)c2ccccc2[C@@H](C(=O)[O-])[C@H]1c1[nH+]ccn1C,COCCn1cc[nH+]c1CN1CCC(C(=O)N2CCC(C)CC2)CC1
O=C(NC[C@H]1CCS(=O)(=O)C1)N1CCC[C@H]([NH+]2CCCC2)C1,O=C(NCC1CCS(=O)(=O)C1)N1CCC(c2ccccc2)CC1
O=C(C[C@@H](O)c1cccc(F)c1)Nc1cc(F)ccc1O,Cc1ccc(C(=O)Nc2cccc(C(=O)[O-])c2)cc1C
CCC[C@@](C)(CO)NC(=O)Nc1ccc(N2CCc3sccc3C2)cc1,CCC(C)CC(=O)Nc1ccc(N2CCc3sccc3C2)cc1
CC(C)[NH+](C[C@@H](C)O)C1C[C@H](C)O[C@@H](C)C1,CC(C)c1ncc(C(C)[NH3+])s1
O[C@@H](CC[C@H]1Cc2ccccc21)C1CC1,O=C(NC(CCC1CCc2ccccc21)C1CC1)C1CCC1
CC(C)(C)OC(=O)N1CCC[C@@H](C(=O)N[C@@H]2CCCN(S(=O)(=O)c3ccc(F)cc3F)C2)C1,COC(=O)N1CCCC(C(=O)NCc2cc(F)cc(F)c2)C1
CCc1onc(C)c1NC(=O)c1cc2cccc(F)c2o1,CCc1onc(C)c1NC(=O)C1COc2ccccc2O1
C[C@@H](O)C[C@@H](C)CNC(=O)NCc1ccc(-n2ccnc2)cc1,CCN(CC)C(=O)Nc1ccc(-n2ccnc2)cc1
C=C(C)C(=O)N[C@H](C)c1nc2ccccc2n1CCC(=O)N1CCCCCC1,CC(C)C(=O)NCc1nc2ccccc2n1C1CCCCC1
O=C(NCCCn1ncccc1=O)[C@@H]1CC(=O)N(c2ccccc2)C1,O=C(NCCc1ccccc1)C1CC(=O)N(c2ccccc2Cl)C1
CCCC[C@@H](C)NC(=O)[C@H]1CCC[NH2+][C@@H]1C,CCC(C)NC(=O)CCc1cccc(Br)c1
CCC[C@H](C)C(=O)N1CCC2(CC1)OC[C@H](C)O2,CCC(C)C(=O)N1CCCC(CCC(C)C)C1
Cn1nc(NC(=O)c2cccc(F)c2)c2c1NC(=O)C[C@@H]2c1ccccc1,O=C(Nc1cnn(CC(F)F)c1)c1cccc(F)c1
CCOC(=O)CCCS(=O)(=O)N1CCCN(C)c2ccc(F)cc21,CNC(=O)CC1(N)CN(C(=O)c2ccc(Cl)s2)CCN1c1ccccc1
C#CC(C)(C)NC(=O)c1ccc(OC)c(O)c1,COc1ccccc1C(=O)NC(C)(C)c1ccc(Cl)cc1
[NH3+]C[C@H]1CC[C@@H](C(=O)N(C[C@@H]2CCCO2)[C@H]2CCSC2)O1,CC(c1ccc(Cl)cc1)N(C)C(=O)CC1C[NH2+]CCO1
CCS(=O)(=O)CC[C@@H](CCl)c1cccc(Br)c1,CCS(=O)(=O)CC(C)c1cccc(Cl)c1
COc1cccc([C@H]2CCCN2C(=O)c2ccccc2I)c1,COc1cccc(C2CCCN2C(=O)NC2CC2)c1
Fc1ccc2c(c1)[C@H]([NH2+]C1CC[NH+](CCN3CCOCC3)CC1)CC2,Fc1cccc(C[NH+]2CCc3ccc(OC4CCC4)cc3C2)c1
CN(C(=O)CCNS(C)(=O)=O)C1CCCCC1,CN(C(=O)CCc1c[nH]c2cc(F)ccc12)C1CCCCC1
CC(=O)Nc1ccc(S(=O)(=O)NCCOc2ccccc2)cc1,CC(=O)Nc1ccc(S(=O)(=O)Nc2ccc(Cl)cc2)cc1
COCCCNC(=O)[C@H]1CN(C(=O)c2cccs2)CC12CCCCC2,O=C(NCc1ccccc1OCC(F)(F)F)C1CCCN1C(=O)c1ccc[nH]1
O=S(=O)(c1cc(Cl)c(Cl)s1)N1CCN(c2cc(C(F)(F)F)cc[nH+]2)CC1,O=C(NCc1ccc(Cl)s1)C1CCN1S(=O)(=O)c1cccs1
O=C(c1cc2cccc(Cl)c2o1)N1CCC([C@@H](O)c2ccccc2)CC1,O=C(c1ccco1)N1CCC(C(O)c2cccc(Cl)c2)CC1
C[C@H]1CCCN(C(=O)C2C(C)(C)C2(C)C)[C@@H]1C[NH3+],CC(C)[NH2+]CC1CCCCN1C(=O)C1C(C)(C)C1(C)C
CCC[C@@H](NC(=O)C1C[C@@H](C)O[C@H](C)C1)C(=O)OC,CC1CC(C(=O)Nc2nnc(C3CCCCC3)s2)CC(C)O1
COc1ccc(/C=C2/SC(=O)N(CC(=O)Nc3ccc(F)cc3)C2=O)cc1OC,O=C(CN1CSCC1=O)Nc1ccc(Br)cc1
O=C(NCc1ccc2c(c1)OCCCO2)[C@H]1CCCN1C(=O)c1cc(Cl)cc(Cl)c1,O=C(NCc1ccccc1)C1CCCN1C(=O)NCc1ccccc1
CCOC(=O)C1=C(C)N=C2SCCC(=O)N2[C@@H]1c1ccc(Br)cc1,CC1=NC(COCC(=O)Nc2ccccc2)=C(c2ccc(F)cc2)C(C)(C)N1
O=C(NC[C@@H](O)CN1CCCC1=O)Nc1cccc(F)c1,O=C(NCc1cccc(Cl)c1)c1cccc(N2CCCC2=O)c1
Cc1cnc2c(S(=O)(=O)N(Cc3ccco3)C3CC3)cccc2c1,O=S(=O)(NCc1ccco1)c1cncc(Br)c1
CCC[NH2+][C@@H]1CCC[C@H]1CC[NH+]1CCCC(C)(C)CC1,Cc1noc(C(C)C[NH2+]C2CCCC(CC(F)(F)F)C2)n1
CCc1ccc(CN(C)C(=O)c2cc3ccccc3[nH]2)cc1,CCc1ccc(CN(C)C(=O)c2cc(Br)c[nH]2)cc1
Cn1cc(N2CC[C@H](NC(=O)CCSc3ccccn3)C2=O)cn1,O=C(Cc1cccc(F)c1)NC1CCN(c2ccccc2)C1=O
CC(C)C[C@@H](O)CNC(=O)Nc1ccccc1C(=O)N1C[C@H](C)C[C@@H](C)C1,CC1CCC(C)N(C(=O)CNC(=O)c2cccs2)C1
CC[C@H](C(=O)NNC(=O)C[C@H](O)c1cccc(F)c1)c1ccccc1,CCC(C(=O)N1CCCC(O)C1)c1cccc(F)c1
COC(=O)C(C)(C)C(C)(C)[NH2+]C1CCCC1,CC([NH2+]C1CCc2cc(Cl)ccc21)C(C)(C)c1ncn[nH]1
CC[C@H]1C[C@H](C)CC[C@@H]1[NH2+]CCCN1CCCC1=O,CCC1Cc2ccc(C)cc2C([NH2+]Cc2nnc3n2C(=O)CC3)C1
CC(C)C[C@@H](NC(=O)c1ccc(-n2cnnn2)cc1)c1ncnn1C,CCC(NC(=O)c1ccc(C)c(C)c1)c1ncnn1C
Cc1ccccc1C(C)(C)CNC(=O)NC[C@@H](O)C1CCOCC1,Cc1ccccc1C(C)(C)CNC(=O)N1CCCOc2ccccc21
CCC(C)(C)NC(=O)c1ccc(S(=O)(=O)[N-]c2ccccc2Cl)cc1,CCC(C)NC(=O)c1cccc(S(=O)(=O)[N-]c2ccccc2F)c1
O=C(COc1cc(Cl)c(Cl)cc1Cl)N1CCN(C(=O)Nc2ccccc2)CC1,O=C(COc1ccc(Cl)cc1)N1CCN(c2ccc(O)cc2)CC1
COc1cc(OC)c(C[NH+]2CCC([C@H](O)c3ccc(F)cc3)CC2)c(OC)c1,OC(c1ccc(C[NH+]2CCCC2)cc1)c1ccc(F)cc1Cl
Cc1ccc(Cn2ncc3c(N)ncnc32)cc1,Cc1ccc(CN2CCN(Cc3ccc(O)cc3O)c3cn(C)c(=O)nc32)c(C)c1
CC[C@](C)(NC(=O)[C@](C)(N)c1ccccc1)C(=O)[O-],CCC(C)NC(=O)C(C)Nc1cc(Cl)ccc1Cl
CCOC(=O)C1CCC(NC(=O)[C@@](C)([NH3+])CC)CC1,CN(CC1CC[NH+](C(C)(C)C)CC1)C(=O)C1Cc2cc(Cl)ccc2O1
CC1(C)[C@@H]2CC[C@@]1(CS(=O)(=O)NCCCO)C(=O)C2,CC1(C)C2CCC1(CS(=O)(=O)NCc1ccccc1)C(=O)C2
CCCCn1c(C)c(CC(=O)N2CCC(COC)CC2)c2c1CCCC2=O,CCn1c(C)c(C(=O)N2CCCCC2CO)c2c1C(=O)Cc1cscc1-2
COc1cc(C[NH2+][C@@H]2C[C@H]3CC[C@]2(C)C3(C)C)ccc1OCC(N)=O,COc1ccc(C[NH+]2CC(C)SC(C)C2)cc1OC
CC1=C(CC[NH+]2CCC[C@@H](C(N)=O)C2)C(C)(C)CCC1,CC(C)CN1CC(C(=O)NC2CCCN(c3ccccc3)C2=O)CC1=O
Cc1nc(CCC[NH+]2CCC[C@H]2C(N)=O)cs1,Cc1csc(C[NH+]2CCC(C(=O)N3CCCCC3C)CC2)n1
CCOC(=O)c1cnn(C(=O)OCC)c1N,Cc1cc(NC(=O)C2CCCN(C(=O)OCC(C)C)C2)no1
CCCN1CC(=O)N2[C@@H](CC3=c4ccccc4=[NH+][C@@H]3[C@H]2c2ccccc2OC)C1=O,COc1cccc(C2C[NH2+]CC3CN(CCc4ccccc4)C(=O)N=C32)c1
O=C(Nc1ccccc1C(F)(F)F)N[C@@H](c1ccc(F)cc1)[C@H]1CCCO1,CC(NC(=O)Nc1ccccc1C(F)(F)F)C1CCCO1
C[C@@H](C(=O)NC(c1cccs1)c1cccs1)n1cccn1,CC(C(=O)NC(c1cccs1)C(C)(C)C)n1cccn1
Cc1cc(N(C)C)ccc1NC(=O)c1c[nH]c2nccc(Cl)c12,Cc1cc(N(C)C)ccc1NC(=O)c1ccc(N(C)C)cc1
CC[NH2+][C@@H]1CCCC[C@H]1SC[C@@H](C)CO,CC[NH2+]C1C(SC)CCCC1SC1CCc2ccccc21
CC[C@@H](C)C(=O)Nc1cccc(CNC(=O)C[NH+]2CCCCCC2)c1,CCC(C)C(=O)Nc1cccc(C(=O)Nc2ccccc2)c1
Cc1ccc([C@@H](C[NH3+])S[C@H](C)CCO)cc1,CC(C[NH2+]C(C)c1ccc(F)cc1)c1ccc(Cl)cc1
Cc1nn(C)c(C)c1CN[C@H]1CCC[NH2+]C1,Cc1nn(C2CCN(C)CC2NCc2nn(C)c(C)c2C)c(C)c1C
COc1ccc(C)cc1NC(=O)CNc1ccc(OC2CCCC2)cc1,COc1ccc(CC(=O)Nc2ccc(OC)c(Cl)c2)cc1
COc1ccc(OC)c([C@H]2OC(COc3ccc4c(c3)OCO4)=NN2C(C)=O)c1,COc1cccc(CCC(=O)Nc2ccc3c(c2)OCO3)c1
C[C@H]1CCC2=C(C1)S[C@H](/N=C/[C@@H]1C=NN=C1c1ccccc1)[C@@H]2C#N,CC1CCc2[nH+]c(CNCc3ccc(C#N)cc3)[nH]c2C1
Cc1ccccc1OCC(=O)O[C@@H](C)c1nccs1,CC(NC(=O)COc1ccccc1F)c1nccs1
Cn1ccnc1COC(=O)CCc1cc(Cl)ccc1Br,O=C(CCc1cc(F)cc(F)c1)Nc1ccon1
CCNS(=O)(=O)c1ccc(Cl)c(N)c1,O=S(=O)(NCc1ccncc1)c1ccc(Cl)c(Cl)c1
Cc1ccc(N2C(=O)C3=C4C[C@H](C(C)C)OC[C@@H]4SC3=NC2=S)cc1,CC(C)Cn1c(=O)nc(C2CC2)c2ccccc21
C[NH+](C)Cc1ccc(CNC(=O)N[C@@H]2CCC[C@H](C(F)(F)F)C2)cc1,O=C([O-])C1CCCCC1C(=O)NCc1ccc(C(F)(F)F)cc1
COc1ccc([C@H](O)CN[C@@H](C)c2ccc(F)cc2Cl)cc1OC,COc1ccc(C(C)[NH2+]Cc2ccc(F)cc2Cl)cc1F
Cc1ccc([C@H]2CN(CCN3C(=O)c4ccccc4C3=O)CCO2)c(C)c1,Cc1cccc(C2CN(CCN3CC(C[NH3+])OC(c4cccc(C)c4)C3)C(=O)CO2)c1
Cc1ccc(C(=O)[C@H]2CSCCS2)cc1C,Cc1cc(C)c(C([NH3+])C2CSCCS2)cc1C
Cc1cc(NC(=O)N[C@@H](Cc2ccccc2)c2ccccc2F)n(C)n1,Cc1cc(NC(=O)NC(C)c2ccncc2)n(C)n1
O=C([O-])c1cc(C2CC2)nc2c(-c3ccc(Cl)cc3)cnn12,O=C([O-])c1ccccc1C(=O)Nc1ccc(Cl)c(Cl)c1
Cn1cnc(S(=O)(=O)Oc2ccc(Cl)cc2Br)c1,Cc1cc(Cl)ccc1NC(=O)c1cccnc1OC1CC1
C[NH2+][C@@H](Cc1csc(C)n1)C(OC)OC,Cc1csc(CC([NH2+]C(C)c2cccnc2)c2cccc(O)c2)n1
CC(C)c1cc(Br)ccc1OCC(=O)Nc1ccc(C(=O)N2CCOCC2)cc1,CC(C)c1ccc(NC(=O)COc2ccc(C(C)C)cc2)cc1
CCn1nc(C(C)C)cc1C(=O)N1CCC[C@H](OCc2ccccn2)C1,CCN(CC)C(=O)N1CCCC(C(=O)Nc2ccc(Cl)cn2)C1
CC(C)[C@H](C)[NH2+][C@H]1CCOC2(CCCC2)C1,CC([NH2+]C1CCOC2(CCC2)C1)c1ccc(Br)cc1
COC(=O)c1cc(Br)ccc1NC(=O)c1ccc(Br)cc1,CN(C)C(=O)c1ccccc1NC(=O)c1ccc(Br)cc1
O=C(Nc1ccccc1)[C@H]1CCCN(c2ccc3nnc(C(F)(F)F)n3n2)C1,O=C(Nc1ccccc1)C1CCCN(c2cccnn2)C1
CC(=O)Nc1ccc(NC(=O)c2ccc(Cn3ccnc3)cc2)cc1,CC(=O)Nc1ccc(CC(=O)Nc2ccc(Cl)cc2)cc1
CCC(=O)N(Cc1ccco1)Cc1cc2ccc(C)cc2[nH]c1=O,CCCC(=O)N(Cc1ccco1)Cc1cc2cccc(C)c2[nH]c1=O
Cc1ccc([C@H]2Nn3c(C)nnc3S[C@H]2C(=O)NCc2ccco2)cc1,CCN(Cc1ccco1)C(=O)NCC(C)(C)c1nnc2n1CCC2
C[C@@H]1C[NH+](CCN2C(=O)NC(C)(C)C2=O)C[C@@H](C)S1,CC(C)c1n[nH]cc1CN1CCN(C(C)C(F)(F)F)CC1
C[C@@H]1SCCC[C@]1(C[NH3+])N1CCC(C[NH+](C)C)CC1,CC1CCC(C[NH3+])(N2CCC(c3cccs3)CC2)CS1
CC[C@H]1CCC[C@](C[NH3+])(C2(O)CCCCCC2)C1,CCC1CCC(C[NH3+])(C(O)c2ccc3ccccc3n2)CC1
CCCN1CCO[C@@H](C(=O)c2cc(C)ccc2F)C1,CCCN1CCOC(C([NH3+])c2ccc(Cl)c(F)c2)C1
CC1(C)[C@H]2OCCC[C@H]2[C@@H]1OC(=O)c1ccc(-c2cscn2)cc1,CC1(C)C(NC(=O)c2csc(-c3cccs3)n2)C2CCCOC21
CCC[C@](C)(CO)NC(=O)Nc1cnn(Cc2ccc(Cl)cc2)c1,O=C(Cc1ccc(Cl)cc1)Nc1cnn(Cc2ccc(Cl)cc2)c1
[NH3+][C@@H](CC(=O)[O-])c1cccc2ccccc12,CC(CC([NH3+])C1CCOC1)c1cccc2ccccc12
O=C(NC1CCCCC1)c1c(N2C(=O)[C@@H]3[C@H]4CC[C@H](O4)[C@@H]3C2=O)sc2c1CCCC2,CC(=O)Nc1sc2c(c1C(=O)NC1CCCC(=O)C1)CCCC2
CN(CC[C@@H]1CCC[C@]1(N)C#N)CC[NH+]1CCCC1,CN(CCC(N)=O)C1(C#N)CCCCC1C1(C#N)CCCC1
CCCc1cc(=O)n2c(n1)SC[C@@H]2CC(=O)Nc1cccc(Cl)c1Cl,CCCc1nc(CC(=O)Nc2c(Cl)cccc2Cl)cc(=O)[nH]1
C[C@H]1C[C@@H](N(C)CC(=O)N2CCOCC2)CC[NH+]1C,CC(Cc1ccccc1)N(C)C(=O)NCc1nnc2n1CCCCC2
CCCN(C(=O)C1CC=CC1)[C@@H]1CCc2ccccc2C1,CCCN(C(=O)NC1CCc2ccccc21)C1Cc2ccccc21
COc1c(F)cc([C@H]([NH3+])CO)cc1Cl,COc1cccc(C([NH3+])c2ccc(Cl)c(Cl)c2)c1
Cc1ccc([C@@]23CCC(=O)N2CCC[NH2+]3)cc1,Cc1ccc(C2CC(C)N(C(=O)C(C)N3CC(c4ccc(C)cc4)CC3=O)C2)cc1
Cc1ccc(SC(=O)[C@@H](C)Oc2ccc(F)cc2)cc1,CC(Oc1ccc(F)cc1)C(=O)Nc1ccc(Cl)cc1Cl
CC(C)n1ncc2cc(NC(=O)CCc3ccccc3)cnc21,CC(C)n1cc(NC(=O)CCc2cc(F)cc(Cl)c2)cn1
COC[C@](C)(O)C1(C#N)CCCC1,COC(CO)c1nccnc1Oc1cccc(Cl)c1
O=C(CCc1nc2ccccc2c(=O)[nH]1)N[C@H]1CCc2ccccc21,O=C(CCc1nc2ccccc2c(=O)[nH]1)NC1CCc2ccccc21
CNC(=O)c1ccc(Cl)c(NC(=O)[C@H]2C=C[C@@H]([NH3+])C2)c1,CNC(=O)c1ccc(Cl)c(NC(=O)c2cccs2)c1
CC[C@@H](CCO)CNC(=O)c1ccc2c(c1)OCC(=O)N2,O=C1COc2ccc(C(=O)NCCc3cccs3)cc2N1
COc1ccc(OCc2nc(C)no2)c(/C=C/C(=O)[O-])c1,Cc1noc(CCC(=O)Nc2ccccc2C(C)(C)C)n1
O=C(c1cc2c(F)cccc2[nH]1)N(C[C@@H]1CCCO1)c1ccncc1,O=C(Nc1ccncc1)N(CC1CCCO1)C1CCCC1
CCC(CC)CNC(=O)N[C@H]1CCC[C@H](S(C)(=O)=O)C1,CCC(CC)NC(=O)N1CCN(C(=O)c2ccc(C)cc2)CC1
Cc1cccc(OC[C@@H](O)CN2CC[NH+](C)CC2)c1C,Cc1cccc(C)c1OCC(=O)N1CC[NH+](C2CCCC(C)C2)CC1
CC1([C@H]([NH3+])Cc2cccs2)CCCC1,CC(Cc1cccs1)C([NH3+])c1ccccc1Br
C[C@@]1(CO)c2ccccc2O[C@H]1n1nnc2ccccc21,OC(COc1ccc2c(c1)CCO2)c1ccc2c(c1)CCO2
CCSCC[C@H](C)NC(=O)c1ccc2c(c1)NC(=O)CN2CC,CCN1CC(=O)Nc2ccc(C(=O)NC(C)c3ccccc3)cc21
O=C(COc1ccc(I)cc1)NC[C@@H]1COc2ccccc2O1,O=C(NCC1COc2ccccc2O1)c1ccccc1Cl
C[C@H](CN(C)C(=O)c1ccc(F)c(F)c1F)C(=O)[O-],CC(CN(C)C(=O)Nc1cccc(F)c1F)C(=O)[O-]
C[C@H](CC(=O)N1CCC(C(=O)[O-])CC1)N1C(=O)c2ccccc2C1=O,CC(C)CC(=O)NC1CCN(C(=O)Cc2ccc(F)cc2)CC1
COc1ccc(OC)c(NC(=O)Cc2csc(-c3cccc(F)c3)n2)c1,COc1cccc(OC)c1CC(=O)Nc1cccc(Br)c1
COCCN1C[C@H](C(=O)N(Cc2cccc(Cl)c2)C(C)C)CC1=O,COCc1cccc(CNC(=O)N(C)C(C)c2cccc(Cl)c2)c1
C[C@@H](CO)[C@@H](C)NC(=O)C(=O)Nc1cnc(-c2ccccc2)s1,CC(C(=O)Nc1cccc(C(F)(F)F)c1)S(=O)(=O)c1ccccc1
CC(=O)N1CC[C@@H]([NH2+][C@H](C)c2ccc3[nH]c(=O)[nH]c3c2)C1,CC(=O)N1CCC([NH2+]C(C)c2ccc(C(F)(F)F)cc2)C1
COc1ccc([C@@H]2C(C#N)=C(N)Oc3cc(C)n(CCN4CCOCC4)c(=O)c32)cc1OC,COc1ccc(C2C(C#N)=C(N)OC3=C2C(C)N=N3)cc1
O=C([O-])[C@@H]1C[C@@H](O)CN1C(=O)c1ccccc1,CC(=O)Nc1cccc(C(=O)N2c3ccccc3CC2C(=O)[O-])c1
Cc1ncccc1NC(=O)C(=O)N1CCn2c(nnc2C(F)(F)F)C1,Cc1cnc(NC(=O)CCC(F)(F)F)c(Br)c1
C#Cc1cccc(N(Cc2ccco2)C(=O)COCC)c1,CC(CNC(=O)C1CCOC1C)c1ccccc1Cl
O[C@@H](C1CCCCCC1)[C@H]1CCO[C@]2(CCOC2)C1,OC(CCC1CCOC2(CCOC2)C1)c1cccc(Cl)c1
CCOC(=O)c1nc2ccccc2nc1Nc1ccc(F)cc1F,CCC(C)C(=O)NCCc1ccc(F)c(F)c1
O=C(Nc1ccc(N2CCOCC2)cn1)c1cc(-c2cccnc2)on1,O=C(Nc1ccc(N2CCOCC2)cc1)c1cccnc1N1CCOCC1
Cc1cc(C(=O)NNC(=O)c2cccc3ccccc23)c(C)o1,Cc1cc(C(=O)Nc2ccc(NC(=O)c3ccco3)nc2)c(C)o1
COCC(=O)N1C[C@@H](C)c2ccccc21,COCC(=O)NC1CCN(C(=O)c2cc(C)ccc2Cl)CC1
O=S(=O)(c1ccccc1)N1C[C@H]2c3ccccc3CC[NH+]2[C@H]1c1ccccc1,Cc1ccc(CNS(=O)(=O)c2ccc(C(F)(F)F)cc2)cc1
Cc1nn(C)c(C)c1CNC(=O)[C@@H]1C[NH2+]C[C@H]1C,Cc1c(CNC(=O)C2COc3ccccc32)nn(C)c1C
CC[C@H](CBr)C[C@H]1Cc2ccccc2S1,CCC(CC(C)(C)C)C(C)(C)[NH3+]
CNC(=O)c1ccc(NC(=O)c2csc(-c3ccccc3)n2)cc1,CNC(=O)c1cccc(NC(=O)c2ccc(C(C)C)cc2)c1
CNC(=O)NC(=O)[C@H](C)Nc1ccccc1CCC(F)(F)F,O=C(NCCC(F)(F)F)c1cc(CC(=O)N2CCOCC2)no1
C[NH2+]Cc1ccc(OC)c(C[NH+]2C[C@H](C)[C@@H](C)C2)c1,COc1ccc(C[NH+]2CC(C)CC(C)C2)cc1Br
O=C(NCCCO[C@@H]1CCOC1)N[C@H]1C[C@@H]2CCCc3cccc1c32,O=C(NC1CCC(O)(c2ccc(F)cc2)C1)C1CCOc2ccccc21
Cc1cc(NC(=O)CSc2nnc(CC3CCCC3)[nH]2)no1,Cc1cc(NC(=O)C(C)SCC2CCCC2)on1
CC[C@H](NC(=O)c1cccc(S(=O)(=O)NC(C)C)c1)c1ccc(C)cc1,CCC(NC(=O)NC(C)c1ccc(C)cc1)c1cccs1
COc1cccc(-c2ocnc2C(=O)NCc2cccc(Br)c2)c1,O=C([O-])c1cccc(CNC(=O)c2cccc(Br)c2)c1
Nc1cc2c(cc1NC(=O)N1CCCCC1)OCCCO2,O=C(Nc1ccc2c(c1)OCCCO2)N1CCC(O)CC1
COc1c(F)cc(NC(=O)CCc2cnn(-c3ccccc3)c2)cc1F,O=C(Nc1ccccc1)c1cccc(NC(=O)N2CCOCC2)c1
NC(=O)[C@H]1C[NH2+]CCN1c1nc2c(Br)cccn2n1,O=C(C1CSCCCN1C(=O)Cc1ccccc1)N1CCN(CCO)CC1
COc1cccc(NC(=O)CSCCc2ccccc2)c1,COc1cccc(NC(=O)CCc2ccc(Cl)cc2)c1
COc1cc(S(=O)(=O)CCC(C)C)cc(C(=O)[O-])c1OC,CC(C)CC(=O)Nc1cc(F)c(C(=O)[O-])c(F)c1
CC(C)(C)NC(=O)c1cccc(NC(=S)NC(=O)c2ccccc2F)c1,CC(C)(C)NC(=O)c1ccccc1NC(=O)c1ccccc1F
O=C(NCCCn1nc(C(F)(F)F)cc1C1CC1)c1ccc(Br)o1,CCNC(=O)c1ccc(Cn2nc(C3CC3)c3ccccc32)o1
COc1ccc(CN(C)C(=O)CCC(=O)c2cccs2)cc1F,COc1ccc(CNC(=O)Cc2ccc3c(c2)CCCC3)cc1
O=C(Nc1ccc(Oc2ccc(Cl)nn2)cc1)[C@@H](O)c1ccccc1,O=C(Nc1cccc(Cl)c1)C(O)c1cccc(Cl)c1
CCC(CC)(CC(=O)Nc1ccc(NC(C)=O)cc1)C(=O)[O-],CC(=O)Nc1ccc(CC(=O)Nc2ccc(C)c(C)c2)cc1
Cc1cc([C@@H]([NH2+]CCN(C)C)C(=O)[O-])ccc1Br,Cc1ccc(C(CC(=O)Nc2cccc(C#N)c2)C(=O)[O-])cc1
CCCC[C@@H](CC)C(=O)NCc1nc[nH]n1,CCNC(=O)C(Cc1nc2ccccc2s1)N1CCCC(C)C1
COc1ccc(CCCC(=O)Nc2cccc(S(N)(=O)=O)c2)cc1F,CNC(=O)c1cccc(NC(=O)C(C)c2cccc(C)c2)c1
CCCC[C@H](CC)CNC(=O)Nc1ccc(C#N)cc1,N#Cc1ccc(NC(=O)NCc2ccccc2Cl)cc1
Cc1cc(N2CCCCS2(=O)=O)cc(C)c1S(=O)(=O)N1CCC2(CC1)OCCO2,Cc1cc(NCC(=O)N2CCC3(CC2)OCCO3)ccc1-c1ccccn1
Cc1cc(C)c(C)c(S(=O)(=O)N[C@@H](C)C(=O)NC2CCCCCC2)c1C,Cc1ccc(C)c(S(=O)(=O)NC(C)Cc2c(C)noc2C)c1
O=C(Nc1ccc(Br)cc1F)[C@H]1CCCN1C(=O)C12CC3CC(CC(C3)C1)C2,O=C(Nc1ccc(F)cc1F)C1CCN(C(=O)C2CC2)CC1
CC(=O)[C@@](C)(Cl)Cc1ccc(Cl)cc1,CC(Cc1ccc(Cl)cc1)NC(=O)C1(C#N)CC1
O=C(Cc1csc(-c2ccsc2)n1)Nc1ccccc1F,CC(C)C(=O)NCCc1csc(-c2ccsc2)n1
COCCN(Cc1ccsc1)C(=O)[C@@H]1CC(=O)N(c2ccc(F)cc2)C1,O=C(NCCc1ccsc1)C1CC(=O)N(c2ccc(Cl)cc2)C1
CCCCC(=O)c1c(C)cc(C)[nH]c1=O,Cc1cc(C)c(CCC(=O)N(C)C2CCCCC2)c(=O)[nH]1
CC1(C)CCCC[C@H]1[NH2+]Cc1c[nH]cn1,CC1(C2CC2)CCCCC1[NH2+]Cc1cnc2[nH]ccn12
C[C@@H]1CCC[NH+](C[C@@H](C)NC(=O)N[C@@H]2CCCC[C@@H]2n2cccn2)C1,O=C(CCC(F)(F)F)NC1CCCCC1n1cccn1
CCN1CCN(C(=O)c2nnc3sc(-c4ccccc4Cl)nn23)CC1,CCN(CC)C(=O)Cc1c(C)n(C)c2ccccc12
O=C(c1cc(=O)[nH]c2ccccc12)N1CCC([C@H](O)c2ccccc2)CC1,O=C(Cc1cccc(C(O)c2cccc(Cl)c2)c1)N1CCOCC1
CCCOc1ccccc1NC(=O)C[C@@H]1Nc2ccccc2NC1=O,O=C1CN(C(=O)CCOc2ccccc2NC(=O)c2ccccc2)CCN1
C=C[C@](C)(O)CC[C@H]1C(C)=CC(=O)[C@H]2C(C)(C)CCC[C@@]21C,CC(C)CC(C)(C)c1ccc(C(N)=O)cc1
Cc1ccc(-c2nc(-c3ccc(OCC(F)(F)F)nc3)no2)cc1,Cc1ccc(-c2noc(CNC(=O)c3cncc(F)c3)n2)cc1
O=C(Cn1cccc(C(F)(F)F)c1=O)N1CCCc2c(Cl)ccc(F)c21,CC(=O)N1CCCc2cc(NC(=O)CCC(F)(F)F)ccc21
Cc1cccn2c(=O)c(C(=O)N(C)[C@H](c3ccccc3)C(C)C)cnc12,CCN(C(=O)C(C)NC(=O)c1cnc2c(C)cccn2c1=O)C(C)C
O=Cc1ccn(-c2ccc(Br)cc2)c1,Cn1cc(C#N)cc1C(=O)Nc1ccc(N2CCCCC2)cc1
Cc1ccc([C@@H](C)NC2=[NH+]CCC2)cc1,Cc1ccc(C(C)NC(C)c2cccnc2)cc1
CC(=O)N=P(N1CCCCC1)(N1CCCCC1)C(C)(C)C,CC(=O)NC(c1ccc(NC(=O)C(C)(C)C)cc1)c1ccc(Cl)cn1
CCc1c(C)nc(-n2nc(C)cc2NC(=O)c2ccco2)nc1[O-],CCc1cc(C)nc(-n2nc(C)cc2NC(=O)NC2CC2C)n1
COCCOc1ncccc1NC(=O)N(C)Cc1ccccn1,CCN(Cc1ccccn1)C(=O)Nc1ccccc1C(F)(F)F
Cc1ccc(NC(=O)c2c[nH]cc2-c2ccc(F)cc2)cc1C(=O)N(C)C,CN(C)C(=O)c1cc(NC(=O)N(C)Cc2ccncc2)ccc1F
Cc1cc(C(=O)CN2CCC[C@@H](C(=O)NCC3CC3)C2)c(C)n1C1CC1,Cc1cc(C(=O)NCC2CCCN(c3cc[nH+]cc3)C2)c(C)n1C1CC1
O=C(c1cc(=O)c2cc(Cl)ccc2o1)N1CCN([C@H]2CCS(=O)(=O)C2)CC1,O=C(NC1CCS(=O)(=O)C1)C1(c2cccc(Cl)c2)CC1
C[C@H](NC(=O)NCC1([NH+](C)C)CCCCC1)c1nncn1C,Cn1cnnc1C(NC(=O)CN1CCCOC1=O)c1ccc(Cl)cc1
CCOc1ccccc1OC/C=C/C[NH+](C)C,CCOc1ccccc1CNC(=O)c1ccccc1OC
CCc1ccc(C(=O)CN2CCO[C@H](C#N)C2)cc1,CCCC1CN(Cc2cccc(C(=O)Nc3ccc(F)cc3)c2)CCO1
COc1ccc(Br)cc1/C=C/C(=O)N1CCN(C(=O)c2ccccc2)CC1,O=C(Nc1ccc(C(=O)N2CCCCC2)cc1)c1ccccc1
Cc1cccc2c(=O)cc(C(=O)Nc3ccc(Cl)c(Cl)c3)oc12,CC(=O)Nc1ccc(C(=O)Nc2ccc(Cl)c(Cl)c2)cc1
Cn1c(=O)n(CC(=O)N[C@@H]2CCCc3ccc(F)cc32)c2ccccc21,CNC(=O)c1ccc(NC2CCCc3cc(F)ccc32)nn1
Cc1cc(N(CCC#N)C(=O)CN(C)[C@H](C)c2ccncc2)ccc1Cl,Cc1ccc(CC(=O)NC(C)c2ccncc2)cc1C
CCn1cnnc1CNC(=O)NC[C@H](O)c1ccccc1OC,CCn1cnnc1CNC(=O)C1Oc2ccccc2OC1C
CCC1(CO)CC[NH+](Cc2cc(OC)c(O)cc2Br)CC1,Cc1ccc(C)c(C[NH+]2CCCN(c3cc(C)ccc3C#N)CC2)c1
CCN[C@@H]1[C@H]([NH+]2CCC[C@H]3CCC[C@@H]32)CCC1(C)C,CCNC(=O)c1ccc(CNC2CCCc3cccc(F)c32)o1
O=C1NCCS[C@@H]1Cc1ccccc1,CC1SC(Cc2ccc(CC3Sc4ccccc4NC3=O)cc2)CNC1=O
Cc1ccc(Cl)cc1NCC(=O)Nc1cccc(S(=O)(=O)N2CCCC2)c1,O=C(Nc1cccc(S(=O)(=O)N2CCCCCC2)c1)C1CC1
CC[C@@H](C)[C@@H]([NH3+])c1ccc(Cl)s1,CCC(C)(C([NH3+])c1ccc(Cl)s1)C([NH3+])c1ccc(Cl)s1
Cn1c(CNC(=O)c2cccc(C(F)(F)F)c2)nc2ccccc21,NC(=O)c1cccc(C(=O)NCc2cccc(C(F)(F)F)c2)c1
COCCn1cc(NC(=O)CSc2nc(C)c(C)c(C)c2C#N)cn1,Cc1nc(C)c(C(=O)Nc2cnn(CCO)c2)s1
C[C@H]1CCN(C)c2ccccc2N1C(=O)c1occc1Br,CC(=O)N1CCN(C(=O)c2ccc(Cl)o2)c2ccccc2C1C
CN(C[C@H]1C=c2ccccc2=[NH+]C1=O)C(=O)c1ccccc1,Cc1ccccc1CNC(=O)c1cccc(C#N)c1
COC(=O)CCN(Cc1cnc2ncccn12)C1CCOCC1,O=C(NCCC(=O)N1CCCCC1)c1ccnc2ccccc12
CCCCc1nnc(NC(=O)C2CCN(S(=O)(=O)c3ccc(C)cc3)CC2)s1,CCCc1nnc(NC(=O)c2ccc(C)cc2C)s1
COCCOC[C@H]1CC[NH+](C2C[C@@H](C)O[C@H](C)C2)C1,CC1CC(C)OC(C(=O)NCC2CCN(c3ccc(F)cc3)CC2)C1
C[C@@H](Oc1ccc(Cl)cc1Cl)C(=O)N1CCC(C(=O)Nc2nncs2)CC1,Cc1nnc(NC(=O)C(C)Oc2ccc(C)c(C)c2)s1
CC[C@H](C)[C@@H](CO)c1ccccc1C,Cc1ccccc1C(C)C(C)C[NH2+]C(C)c1cccnc1
O=C(Nc1ccc(Cl)cc1)c1coc(NC(=O)c2ccco2)n1,O=C(Nc1ccc(Cl)cc1)c1cccnc1N1CCCC1
CCOC(=O)c1ccc(N2CCN(c3ccc(Br)cn3)CC2)nc1,CCCNC(=O)c1ccc(N2CCN(c3ccc(F)cc3)CC2)nc1
CC[C@H](C)C[C@@H](C)NC(=O)CCN1C(=O)[C@H]2CCCC[C@H]2C1=O,Cc1ccc2c(c1)CCN2CC(=O)NC(C)CC(C)C
COc1ccc(O[C@H](C)C(=O)N(C)[C@@H](C)Cc2cccs2)cc1,CC(NC(=O)c1ccco1)C(=O)N(C)C(C)Cc1cccs1
CCOc1c(OC)cc(CN2CCOC[C@H]2C#N)cc1OC,N#CC1COCCN1CC(=O)Nc1ccccc1Cl
Cc1cc(CC(=O)Nc2ccc(OC(F)F)c3ncccc23)no1,Cc1cc(CC(=O)Nc2c(N3CCCC3)ccc3ncccc23)on1
C[C@@H](C#N)CN(C)C(=O)C1[C@H]2CCC[C@@H]12,CC(C#N)CN(C)C(=O)NCc1ccc2c(c1)OCCO2
COc1ccccc1Oc1ccc(CNC(=O)[C@@H]2CCCN2C(=O)C2CCCC2)cc1,O=C(NCc1ccccc1Cl)C1CCCN1C(=O)C1CC1
CC(C)n1cc(S(=O)(=O)N2CCn3c(nn(C)c3=O)C2)cn1,CC(C)c1cc(NS(=O)(=O)c2cnn(C(C)C)c2)no1
CCc1nnc(-c2cc3ccccc3n2CC(=O)NC(C)(C)C)o1,CCCn1cc(C(=O)NC(C)C)c2ccccc21
Cn1c(CC(=O)NNC(=O)c2ccc3c(c2)CCCC3)nc2ccccc21,Cn1c(CCNC(=O)CC2CCCCC2)nc2ccccc21
C[C@@H](C(=O)NCCC1=CCCCC1)n1nc(-c2ccc(F)cc2)ccc1=O,CC(C(=O)NCC1CCSC1=O)n1nc(-c2ccccc2)ccc1=O
C[C@@H]1[NH+]=c2ccccc2=C1CCN1C(=O)[C@H]2CCCC[C@@H]2C1=O,CCNC(=O)CCNC1CCCc2cc(Cl)ccc21
CC(=O)c1ccc(S(=O)(=O)N2CCCC[C@H]2C)cc1,CC1CCCCN1C(=O)c1ccc(S(=O)(=O)N2CCCCC2C)cc1
C[NH+](C)[C@@H]1CC[C@H](NC(=O)[C@@H]2CCCc3[nH]ncc32)C1,C[NH+](C)C1CCC(NC(=O)c2coc3c(Cl)cccc23)C1
CC[C@H]1COCCN1Cc1cccc(C)c1C,CCC1COCCN1Cc1ccccc1CNC(=O)c1ccoc1
Oc1ccccc1N1CC[NH+](Cc2nc(Cc3ccccc3)no2)CC1,CC(C)c1nc(CN2CCN(c3ccc(O)cc3)CC2)no1
CCOc1ccc2nc(SCc3cc(N)cc[nH+]3)[nH]c2c1,CCOC(C)C(=O)NCc1nc2ccc(Cl)cc2n1C
C#Cc1cccc(N(Cc2cccs2)S(=O)(=O)c2cn[nH]c2)c1,CCCn1cc(S(=O)(=O)Nc2cc(C)ccc2C)c(C)n1
C[C@H](CC[NH+](C)C)NC(=O)Cc1cccc(Cl)c1,CC(C)C(C(=O)NCc1ccccc1)c1cccc(Cl)c1
CCSCC[C@@H](C)NC(=O)N1CCN(C(=O)c2ccc(C)cc2)CC1,Cc1ccc(NC(=O)N2CCN(C(=O)c3ccc(C#N)cc3)CC2)cc1
CC[C@H](C)Cn1c(CCCl)nc2c(C)nn(C)c21,CCCc1nn(C)c2c1nc(CC(C)CC)n2C
CCSCCn1cnc2sc(C)cc2c1=O,Cc1cc2c(=O)n(CCC(C)C(C)C)cnc2s1
C=C(C)COCc1nc2ccccc2n1CC(=C)C,COCC(C)([NH3+])c1nc2ccccc2n1CC(C)C
COC[C@H]1CN(C(=O)/C=C(/C)c2ccccc2OC(F)F)CCO1,CC1CN(C(=O)CCC(=O)Nc2cccc(F)c2)CCO1
COc1ccc(C(=O)N(C)Cc2cccc(F)c2)cc1S(=O)(=O)NC1CC1,CN(Cc1cccc(F)c1)C(=O)Nc1cccc(Br)c1
C[NH+]1CCC2(CC1)CNC(=N)N2c1ccc(Cl)c(Br)c1,CNc1ccc2c(c1)CCC2[N+]12CCCCC1CN(c1ccc(F)cc1)CC2
CC(C)CN([C@H]1CCS(=O)(=O)C1)S(=O)(=O)c1ccc2c(c1)OCCCO2,CCCN(CC(C)(C)C)C(=O)c1cccc(NC(C)=O)c1
Cn1ccnc1SCC(=O)N1CCC(C(=O)N2CCCCCC2)CC1,CC(=O)NCC(=O)N1CCN(Cc2cccc(Cl)c2)CC1
CCO[C@H]1C[C@@H](NC(=O)N[C@@H](CS(C)(=O)=O)c2ccccc2)C1(C)C,CCOC1CC(NC(=O)N(C)C(C)c2cccs2)C1(C)C
CC[NH2+]CCc1c[nH]c2c(Cl)cccc12,CC[NH2+]CCc1ccc2[nH]c3c(c2c1Cl)CCOC3
CCCCOc1ccccc1NC(=O)c1scnc1C1CC1,O=C(Nc1ccccc1Br)c1csc(NC(=O)C2CC2)n1
COCCNC(=O)[C@H]1CCCN1S(=O)(=O)c1ccc(Br)cc1,O=C(NC1CC1)C1CCCCN1S(=O)(=O)c1ccc(Br)cc1
CC(=O)C1=C([O-])C(=O)N(CCC2=c3ccccc3=[NH+][C@H]2C)[C@H]1c1ccccc1F,CCCN1C(=O)C(CC(=O)NC(C)(C)C)(c2ccccc2)N=C1N
COc1ncc(C(=O)Nc2nc3cc(Cl)c(C)cc3s2)cn1,COc1ncc(C(=O)Nc2cc(C)ccc2C)c(OC)n1
Cc1ccc(NC(=O)Nc2c([O-])c3ccccc3oc2=O)cc1C,Cc1ccc(NC(=O)Nc2cccc(C#N)c2)cc1C(=O)[O-]
CCc1cc(NC(=O)Cc2cccs2)nn1-c1ccccc1,CCc1nn(-c2ccccc2)c(NC(=O)Cc2cccs2)c1N
CC(=O)Nc1cccc(CN[C@H]2CC[NH+]([C@@H](C)c3ccccc3)C2)c1,CC(=O)Nc1cccc(CC(=O)N2CCCC2C(C)c2ccccc2)c1
COCCN(C(=O)[C@@H]1C[C@@H]1c1ccccc1OC)C1CCCC1,COc1ccccc1C1CC1C(=O)Nc1cccc(C(=O)N2CCCC2)c1
C[C@H](OC(=O)C1CCN(C(=O)C(C)(C)C)CC1)C(=O)Nc1ccc2c(c1)OCO2,CC(C)C(=O)N1CCC(C(=O)Nc2ccc3c(c2)OCO3)CC1
CC(C)CNC(=O)NC(=O)[C@@H](C)Nc1ccc(OC(C)C)cc1,CC(C)Oc1ccc(NC(=O)CN2CC(C)OC(C)C2)cc1
CC(C)(NC(=O)c1ccc(-n2cccn2)cc1)c1ccc2c(c1)OCO2,CC(NC(=O)c1ccc(-n2cc(C(=O)N3CCCC3)cn2)cc1)c1ccc2c(c1)OCO2
C[C@H](CNC(=O)c1ccc(-c2ccccc2)[nH]c1=O)Oc1ccc(F)cc1,CC(CNC(=O)c1ccc(C#N)[nH]c1=O)Oc1ccc(Cl)cc1
O=C(NCC1([NH+]2CCCCC2)CCOCC1)c1n[nH]c(C2CC2)c1Cl,O=C(NCC(=O)N1CCCCC1)c1[nH]nc(C2CC2)c1Cl
C[C@H]([NH2+]Cc1nc(Cc2ccccc2)no1)[C@@H](C)n1cccn1,CC(NC(C=O)C(C)C)c1nc(-c2cccs2)no1
O=C(Cc1ccc(F)cc1)/N=C1/S[C@H]2CS(=O)(=O)C[C@@H]2N1c1ccc(F)cc1F,Cc1cc(F)ccc1NC(=O)Cc1ccc(F)cc1
O=C(Cc1csc(-c2ccoc2)n1)N[C@H](c1ccccc1)C1CCC1,Cc1cocc1C(=O)NC(c1cccc(Cl)c1)C1CCCC1
COc1cc(OC)cc(OCCN[C@@H]2C[C@H](C)[NH+](C)C[C@H]2C)c1,CC1CCCC(C)[NH+]1CCC(=O)Nc1cccc(C#N)c1
C[C@@H](NC1CC[NH+]([C@H]2CCCC[C@@H]2O)CC1)c1ccsc1,CC(NC(=O)c1cscc1Br)c1ccsc1
Cc1cc(=O)n(CC(=O)N2CCC[C@@H](c3[nH+]ccn3C)C2)c2ccccc12,Cn1cc[nH+]c1C1CCCN(C(=O)NCCc2ccc3c(c2)OCO3)C1
Cc1nc(CC(=O)NCCC[NH+]2CCCC[C@H]2C)cs1,CC(C)c1nc(CC(=O)NC2CCc3ccccc32)cs1
CC(C)CCC(=O)NNC(=O)NC[C@H](C)c1ccsc1,CC(CNC(=O)N1CCOCCC1C)c1ccsc1
CCn1c(=O)n(CC(=O)NCc2ccc(F)c(C)c2)c2ccccc21,Cc1ccc(CNC(=O)Cn2c(=O)[nH]c3ccccc32)cc1F
C[C@@H]1CCc2sc(C(=O)N3CC[S@@](=O)C(C)(C)C3)cc2C1,Cc1ccccc1CNC(=O)c1cc2c(s1)CC(C)CC2
CCc1ccc(CC(=O)C(C)(C)OC)s1,CCc1ccc(C(=O)NC(C)Cc2ncc(C)s2)s1
C[C@@H](Nc1ccc(OC(F)F)cn1)c1ccc(NC(=O)C2CC2)cc1,O=C(Nc1ccc(OC(F)F)nc1)c1ccncc1
CC(=O)c1ccc2nc(N)sc2c1,CC(=O)Cc1ccc(C(=O)Nc2ccc(Cl)cc2Cl)s1
Cc1noc2ncc(NC(=O)c3ccc(F)c(Br)c3)cc12,CCN(CC)C(=O)Nc1ccc(-c2ccc(Br)cc2)nc1
C[NH+](C)[C@@H]1CC[C@H](NC(=O)C2CCN(CC(F)(F)F)CC2)C1,O=C(NC1CCN(CC(F)(F)F)CC1)N1CCCC(C(F)(F)F)C1
Cc1cccc(F)c1[C@H](N)C(F)(F)F,Cc1cccc(C(C)NC(C)C(=O)[O-])c1C
COc1cc(OC)cc(-c2onc(C)c2C(=O)NC2Cc3ccccc3C2)c1,COc1cc(CC(=O)NC2CCc3ccccc32)cc(C)c1C
Cc1ccc(-c2nnc(C[NH+](CCO)[C@H]3CCc4ccccc43)o2)cc1,Cc1ccc(-c2nnc(C[NH+](C)C3CCCC3(C)C)o2)cc1
CN1CCO[C@@H](CN(C)C2(C[NH3+])CCCCC2)C1,CN1CCOC(CN(C)C(=O)NCC2CN(Cc3ccsc3)CCO2)C1
CC(=O)C[C@H]1CCCCCN1C(=O)N1CCCCCC1,CC(=O)CC1CCCCCN1C(=O)Cc1ccc(C)c(O)c1
CC(C)[C@H](NS(=O)(=O)c1ccccc1F)C(=O)N(C)Cc1ccccc1F,CN(Cc1ccccc1F)C(=O)Nc1c(F)cccc1F
CC(=O)Nc1ccc(NCc2cn3c(C)cc(C)nc3n2)c(Cl)c1,CC(=O)Nc1ccc(C)c(NCc2ccccc2Cl)c1
C[C@H](CNC(=O)N1CCN(S(C)(=O)=O)CC1)N1CCOCC1,Cc1ccc(C(CNC(=O)C(C)C)N2CCOCC2)cc1
CC[NH+](C1CC1)[C@@H](C[NH3+])c1cccc(OC)c1OC,COc1c(Cl)cccc1C(C[NH3+])C1CCc2ccccc21
CC1CCC(OC(=O)C2=NC3=C(C(=O)C[C@@H](c4ccccc4)C3)[C@H]2C)CC1,O=C(NCCc1ccc(F)cc1)C1CCC(c2ccccc2)CC1
COc1ccc(-c2n[nH]c(NC(=O)c3cccc(C(F)(F)F)c3)n2)cc1,CC(=O)Nc1cccc(C(=O)Nc2cnc(-c3ccccc3)nc2)c1
CCCCCc1nnc(NC(=O)Nc2cn(C)nc2CC)s1,CCc1nn(C)cc1NC(=O)NCc1ccnc(C)c1
Cn1nc(C(=O)NCc2ccco2)cc1NC(=O)Cc1ccccc1,CC(C)c1nnc(NC(=O)c2cn(C)nc2C(C)(C)C)s1
CN(C)c1cccc(C(=O)OCC(=O)C(C)(C)C)c1,CCN(C)c1cccc(NC(=O)C2CC(C)OC(C)C2)c1
C[C@]1(C(N)=O)Oc2ccc(Cl)cc2NC1=O,CC1(C)CN(C(=O)C2(C)Oc3ccc(Cl)cc3NC2=O)CCO1
O=C(CCCN1C(=O)CNC1=O)N[C@H]1CCN(c2c(F)cccc2F)C1,O=C(NC1CCN(c2ccccc2)C1)NC1CCN(c2c(F)cccc2F)C1
CCc1ccc(S(=O)(=O)NCC2([NH+](C)C)CCOCC2)s1,CCc1sc(S(=O)(=O)NCC2(C)CCCC2(C)C)cc1C
CCOc1ccc(NC(=O)[C@@H]2CC(=O)N(C)/C(=N\c3cccc(Cl)c3)S2)cc1,CCC(=O)N1CCC(C(=O)Nc2cccc(Cl)c2)C1
Cc1cc(CCl)cnc1N(C)c1ccccc1,CC1C[NH+](Cc2ccccc2)CCC1N(C)c1ccc(C#N)cn1
CC(C)OCC[C@H]1CCCCN1C(=O)NC1CCC([NH+]2CCCCC2)CC1,CC(=O)NC(CC(=O)N1CCc2cc(C)ccc21)c1ccc(Cl)cc1
CCCCn1c(=O)c2sccc2n2c(=O)n(C)nc12,CCc1nc2c(c(=O)[nH]1)SC(CCc1ccc(Br)cc1)N2CN
CC(C)(C)c1ccc(=O)n(CCCOc2ccc(F)cc2)n1,Cc1ccc(NC(=O)CCOc2ccc(C(C)(C)C)cc2)cc1
CC(C)C(=O)NC[C@@H]1CCC[NH+](Cc2cc(Cl)cc(Cl)c2O)C1,CC(C)C(=O)NCC1CCC[NH+]1Cc1cc(Cl)cc(Cl)c1
O=C(NCCNS(=O)(=O)c1cccc(Cl)c1F)c1cccnc1,O=S(=O)(NCc1ccccc1Cl)c1cccc(Cl)c1F
O=C(COC(=O)C1(c2ccccc2F)CCCC1)N1CCOCC1,O=C(CC(O)c1cccc(F)c1)N1CCOC(c2cccs2)C1
C[C@@H](c1ccc(S(C)(=O)=O)cc1)N(C)c1ccc2ccc(F)cc2n1,CC(c1cccs1)N(C)C(=O)Nc1ccc(S(C)(=O)=O)cc1
Cc1c(C)c2ccc3c(c2oc1=O)CN(C1CC(C)(C)[NH2+]C(C)(C)C1)CO3,CC(C)(C)CNC(=O)C(C)(C)N1CCN(c2nccs2)CC1
CC1CCC([C@@H](O)[C@H]2CCOC2)([NH+](C)C)CC1,CC(c1ccc(Br)s1)N1CCC(C2CCOC2)=N1
CCCC(=O)Nc1nnc([C@@H]2CC(=O)N(c3ccc(SC)cc3)C2)o1,CCCC(=O)Nc1nnc(C2CC(=O)N(c3ccc(C)c(C)c3)C2)o1
CCC[NH+]1CCC(N(C)C(=O)NC[C@H]2CCCN(c3ncccn3)C2)CC1,CC[NH+]1CCC(N(C)C(=O)c2cccnc2N2CCCCC2)CC1
C[C@H]1C[C@@H](C)C[NH+](C[C@@H](O)CO[C@@H]2CCC[C@H]2C)C1,CC1CCC(O)(C(O)c2sccc2Br)C1
CN(Cc1ccc(Cl)nc1)C(=O)Nc1cccc2ccccc12,CN(Cc1cccc(Cl)c1)C(=O)Nc1ccccc1
CCc1[nH+]n(C)c2c1NC[C@]1(C)COC[C@H]1N2,CCCCNc1ncc(Br)c(-c2c(C)nn(C)c2C)n1
CC(=O)N[C@@H](Cc1c[nH]c2ccccc12)C(=O)N1CCc2sccc2C1,CC(=O)NC(C(=O)N1CCc2sccc2C1)c1ccccn1
C[C@@H]1CCC[C@](O)(c2ccc(Cl)s2)CC1,CC([NH2+]CC1CCCC1(O)c1ccc(Cl)s1)c1ccc(Cl)s1
COc1ccc(-c2cc(C(=O)NCC(F)(F)F)c3ccccc3n2)cc1OC,CC(C)CC(=O)NCc1cc(C(F)(F)F)nc2ccccc12
Cc1ccc(S(=O)(=O)N2CCC[C@@H]2C(=O)N(C)Cc2cccc(Cl)c2)cc1,CCN(Cc1cccc(Cl)c1)C(=O)NC(C)c1cccs1
CCC[NH2+]C[C@@]1(c2ccc(OC)c(OC)c2)CC[C@@H]1C,CC(Cc1cccc(O)c1)NC(=O)c1csc(C(C)(C)C)n1
C[C@@H]1CS(=O)(=O)N(c2ccc(S(=O)(=O)Nc3ccccc3C(F)(F)F)cc2)C1=O,CS(=O)(=O)NC1SC(=O)NC1c1ccc(Cl)cc1
COc1cc2c(cc1OC)CC([NH3+])C2,COc1ccc2c(c1)CC([NH2+]C1CCc3cc(OC)ccc31)C2
Cc1c(Cl)cccc1NC(=O)c1occc1COc1ccccc1,Cc1c(Cl)cccc1NC(=O)c1ccoc1C(=O)[O-]
Cn1nnc2cc(C(=O)N[C@@H](C#N)c3ccc(Cl)c(Cl)c3)ccc21,N#CC(NC(=O)c1ccc(Cl)c(Cl)c1)c1ccc(Cl)cc1
Cc1cc(CSc2nnc(N3CCOCC3)n2C[C@@H]2CCCO2)no1,Cc1cc(C2CN(CCc3c(C[NH3+])noc3C)CCO2)no1
COc1ccc2ccccc2c1CN(C)[C@@H](C(N)=O)c1cccc(F)c1,CC(C)C(NC(=O)CN(C)c1cccc(F)c1)C(=O)N(C)C
COc1ccccc1[C@@H](Nc1ncc(Cl)cc1F)c1[nH+]ccn1C,COc1ccccc1CNC(=O)C(C)c1ccc(Cl)s1
COc1ccc(C(=O)O[C@@H](C)[C@@H]2CCCO2)cc1OC(F)F,Cc1ccc(O)c(C(=O)NCc2ccccc2OC(F)F)c1
CCN(Cc1ccc(OC)c(OC)c1)C(=O)C[NH+]1CC[C@@H](C)[C@H](O)C1,CCC[NH+]1CCCC(C(=O)N(C)Cc2ccc(Cl)c(C)c2)C1
C[C@H](NC(=O)C1CC1)c1nc2ccccc2n1C/C=C/c1ccccc1,CCC(C)NC(=O)CCCn1c(N)nc2cc(Cl)ccc21
O=C1NC[C@@]2(CCCN(C(=O)c3cc4c(s3)CCCCC4)CC2)O1,O=C(NC1CCN(C(=O)c2cccs2)C1)c1ccccn1
CC1(C)[C@@H]2CC[C@@]1(C)[C@H](NC(=O)COc1ccc(C3SCCCS3)cc1)C2,CC1(C)C2CCC1(C)C(NC(=O)COc1ccccc1Cl)C2
COc1ccc([C@@H](C)NC(=O)Cc2cccc3ccccc23)cc1,CC(NC(=O)Cc1cccc2ccccc12)C(=O)N1CCOCC1
C=CCCC(=O)N1CCC(c2nn(C)c(=O)n2C2CCCC2)CC1,O=C(NC1CCCC1)N1CCC(c2n[nH]c(=O)n2C2CC2)CC1
COc1cc(-c2ccno2)ccc1S(=O)(=O)NCc1ccco1,COc1cc(C)c(Br)cc1S(=O)(=O)NCc1ccco1
C[C@H](Sc1ccc(F)c(F)c1)C(=O)N(C)[C@H]1CCS(=O)(=O)C1,CN(C(=O)Nc1ccc(F)c(F)c1)C1CCS(=O)(=O)C1
CS(=O)(=O)N1CCCN(S(=O)(=O)c2ccc(F)c(F)c2)CC1,CS(=O)(=O)N1CCN(S(=O)(=O)c2cc(F)ccc2F)CC1
O[C@@H]1C[C@H](C2CCCCC2)[NH+](Cc2cccc3[nH]ccc23)C1,c1cc(C2CCC[NH+]2CC2CCCCC2OC2CCCC2)c2[nH]ccc2c1
O=C(Nc1cncc2ccccc12)N[C@@H]1CCCc2occc21,O=C(NC1Cc2cocc21)NC1CCCc2occc21
COc1ccc(Br)cc1C(=O)NC(=S)Nc1cc(C)cc(C)c1,Cc1cccc(NC(=O)N(C)Cc2cccc(Br)c2)c1
CNc1nc([C@H]2CCCN(C(=O)CCc3ccccc3)C2)[nH+]c2c1CC[NH+](C)C2,O=C(CCCc1ccccc1)N1CCCC(c2[nH]cc[nH+]2)C1
COc1ccccc1/N=N\c1c(O)n[nH]c1C,COc1ccccc1NC(=O)Nc1ccccc1Br
Cc1ccc2c(c1)CCN2C(=O)c1ccc(C)nc1C,CCC(=O)N1CCc2cc(C(=O)Nc3cc(C)ccc3C)ccc21
Cc1cccc(-n2ncc(C(=O)Nc3ccccc3)c2C2CC[NH2+]CC2)c1,CNc1cccc(NC(=O)c2c(C)nn(-c3cccc(C)c3)c2C)c1
CN(C)c1ccc(/C=C2\C=Cc3ccccc32)cc1F,CN(C)c1cccc(C(=O)NCc2ccc(Cl)cc2)c1
COc1ccccc1N(CCC#N)C(=O)[C@H](C)N1CCO[C@@H](C)C1,CC1CN(C(C)C(=O)Nc2cc(F)cc(Br)c2)CCO1
O=S1(=O)CCc2[nH]c3cc(F)c(F)c(F)c3c2C1,O=C([O-])C1=Cc2c(F)cccc2[SH]2C=CC=C12
CCOC(=O)NC(=O)c1c(NC(=O)Cc2ccc(F)cc2)sc2c1CC[C@H](C)C2,Cc1ccc(C(=O)Nc2sc3c(c2C(N)=O)CCC(C)C3)cc1
COCCNC(=O)c1cc2sc(C)cc2n1Cc1ccccc1,COc1cc(C)sc1C(=O)NCc1ccc(C(=O)[O-])cc1
CC(=O)N1CCc2cc(S(=O)(=O)N[C@@H](C(=O)[O-])C(C)C)ccc21,CC(=O)N1CCc2cc(S(=O)(=O)Nc3cc(C)cc(C)c3)ccc21
Cc1nc(Nc2ccc(OCC3CCOCC3)cc2)c2cc[nH]c2n1,Cc1nc(Nc2cccc(OCC3CCCO3)c2)c2cc[nH]c2n1
C[C@@H](OC(=O)[C@@H]1CSC2(CCCC2)C(=O)N1)C(=O)NCc1ccccc1Cl,CC(Oc1ccccc1)C(=O)NCc1ccccc1Cl
CCCc1cc(C(=O)Nc2ccc3ccccc3c2)n(C)n1,CCCc1cc(C(=O)Nc2cc(C)ccn2)nn1C
COC(=O)c1sc(S(=O)(=O)N2CCC(C(N)=O)CC2)c(C(=O)OC)c1C,O=C(NCC(O)c1ccc(Cl)cc1)C1CCN(C(=O)C2CC2)CC1
Cc1noc(C[NH+]2CC[C@@H](OCCCc3ccccc3)C2)n1,Cc1noc(CCC2CC[NH+](Cc3cccc(F)c3)C2)n1
C[C@@H](Cc1ccccc1F)NC(=O)C(=O)Nc1cc(CC(C)(C)C)nn1C,CC(Cc1ccccc1F)NC(=O)c1cn(C)nc1C(C)(C)C
Cc1ccc(N2C[C@@H](C(=O)Nc3nnc(-c4sc(C)nc4C)o3)CC2=O)cc1,Cc1ccc(C)c(N2CC(C(=O)NC3CC3)CC2=O)c1
[O-]c1[nH]c(=S)nnc1Cc1ccc(F)cc1,Cc1ccc(CCc2ccc(C(F)(F)F)cc2)cc1O
COc1ccc(N2C[C@H](C(=O)N[C@@H](C)C(=O)NC3CCCC3)CC2=O)cc1,CC(NC(=O)C1CC(=O)N(c2ccc(Cl)cc2)C1)c1ccccc1
CC[C@@H](CCO)C[NH2+][C@H]1C[C@H](C)c2c(C)ccc(O)c21,CCC(C)C[NH2+]C1c2c(C)cccc2CC1C
CSc1nnc(S[C@H](C(=O)Nc2ccc(C)c(C)c2)C(C)C)s1,Cc1ccc(NC(=O)C(SC2=NCCS2)C(C)C)cc1C
Cc1ccccc1COc1ccc([C@@H]2C3=C(CCCC3=O)Nc3nnnn32)cc1,CC[NH2+]Cc1c(-c2ccc(C)cc2)oc2c(c1=O)C(=O)NCC2
CC(C)C1(CNC(=O)N(C)C[C@H](C)O)CC1,Cc1cccc(C)c1C(=O)NCC(C)c1cnn(C)c1
CCC[C@H](C)NC(=O)C[NH2+]Cc1cscc1C,Cc1cscc1C[NH2+]CC(=O)Nc1cccc(Cl)c1
Cc1nc(C)c(C(=O)Nc2ccc(Oc3ccccc3)cn2)o1,Cc1nc(C)c(C(=O)Nc2ccc(Oc3ccccc3)cn2)o1
Cc1ccc(NC(=S)NC(C)C)cc1C,Cc1ccc(NC(=O)CSC(C)(C)C)cc1C(=O)[O-]
CC(C)OCc1cccc(N[C@H](C)C(=O)NC(=O)NC(C)(C)C)c1,CC(C)(C)CC(=O)Nc1cccc(COc2ccccc2)c1
COC(=O)[C@@H](C)[C@H](C)[NH2+]CC1CCCCC1,CC(C)C(CC1CCCC1)C(=O)NCC1CCCC(C)(C)C1
O=C([O-])CC[NH+]1CCN(Cc2ccccc2C2CC2)CC1,O=C(CCC1CC1)N1CC[NH+](Cc2ccccc2)C(C2CC2)C1
CCOC(=O)c1cc(C)sc1NC(=O)Cn1c(=O)oc2ccccc21,CC(C(=O)NC1C(=O)Sc2ccccc21)c1ccc(Cl)s1
COc1cc(C(=O)N[C@H]2CC(=O)N(C)C2)nc(OC)n1,COc1nccc(NC(=O)NC2CC(=O)N(c3ccccc3)C2)n1
C[C@H]1CC(=O)N(CC(=O)Nc2cccc3ccccc23)c2ccccc2S1,CCCC(=O)NCC(=O)N1CCCC1c1ccc(Cl)cc1
O=C(Nc1cccc2cnccc12)C(=O)N1CCN(C(=O)C2CCCCC2)CC1,O=C(Nc1cccc2cnccc12)N1CCN(C(=O)C2CC2)CC1
CCCCNC(=O)CCc1c(C)nc2c3ccccc3nn2c1C,CCC(C)NC(=O)CCc1c(C)nc2ccnn2c1C
C=CCN(CC=C)C(=O)C1CCN(C(=O)C(C)(C)C)CC1,CC(C)c1nnc(NC(=O)C2CCN(C(=O)C(C)(C)C)CC2)s1
CC(C)c1nsc(NC[C@H](C2CC2)[NH+](C)C)n1,CC(C)c1ncc(NC(=O)Nc2cccc(C(=O)N(C)C)c2)cn1
CC(=O)Nc1cc(C(=O)Nc2ccc(-n3cncn3)nc2)ccc1C,CCC(=O)Nc1cccc(C(=O)Nc2nc(C)cc(C)n2)c1
C[C@H](CNC(=O)c1ccn(C2CCCC2)n1)c1nc(-c2ccccc2)no1,O=C(NCC1(c2ccccc2)CC1)c1ccn(C2CCCCC2)n1
Cc1cc(C(=O)Nc2ccccc2-n2ccc(C(N)=O)n2)c(C)o1,Cc1cc(C(=O)Nc2ccccc2N2CCOCC2)c(C)o1
Cc1cc(C)n(-c2ccc(CNC(=O)N[C@H]3CCC[C@@H]3C(N)=O)cn2)n1,CCN(C(=O)NCc1cccnc1-n1cccn1)C1CCC1
C[NH+](CCNC(=O)c1cccn1-c1nnc(N2CCCC2)s1)C1CCCCC1,CC(CNC(=O)c1cccn1C)N1CCOCC1
Cc1ccc(CCN2C[C@]34C=C[C@H](O3)[C@H](C(=O)N3CC(O)C3)[C@H]4C2=O)cc1,Cc1ccc(C)c(CNC(=O)N2CCN(Cc3ccccc3)CC2)c1
CCCn1ncc(C(=O)N[C@H](c2ccc(C)cc2)c2cccnc2)c1C,Cc1ccc(C(C)NC(=O)Nc2ccc(C(=O)[O-])cc2)cc1
CC1(C)CC[C@@H](CNC(=O)c2ccc3nncn3c2)c2ccccc21,CC1(C)CCC(CNC(=O)c2ccoc2)c2cccnc21
CC(C)S(=O)(=O)CC(=O)N1CCN(c2ncccc2C#N)CC1,N#Cc1cccnc1N1CCN(CC(O)c2ccc(Cl)cc2)CC1
COC[C@H](NC(=O)c1cc(-c2ccccc2)c(C)[nH]c1=O)C(N)=O,Cc1cc(C)c(C(=O)NCc2ccc(Cl)cc2)c(=O)[nH]1
CCNC(=O)[C@@H](C)Sc1ncc(-c2ccccc2)n1C[C@H]1CCCO1,CC(NC(=O)C1CCCO1)c1ccc(-c2ccncc2)cc1
Cc1cccc(-c2nn(C[NH+]3CCCCC3)c(=S)n2-c2ccccc2)c1,Cc1cccc(-c2nnc(NC(=O)C3=COCCO3)o2)c1
Cc1cc(O)c(C(C)C)cc1[N-]S(=O)(=O)c1c[nH]c2ncccc12,CC(C)c1cccc(C([NH3+])c2cc(F)cc(Br)c2)c1
CC(=O)NCCOc1ccc(C)c(C)c1,Cc1ccc(OCCNC(=O)c2ccc(C)c(C)c2)cc1C
CCCC[C@@H]1NC(=O)N(Cc2noc(C3CC3)n2)C1=O,O=C1C(CNCc2noc(C3CC3)n2)CCCN1Cc1ccccc1
O=C(O[C@H]1CCOC1)C1(c2ccc(Cl)c(Cl)c2)CCC1,O=C(NC1(c2cccc(Cl)c2)CC1)C1(c2cccc(Cl)c2)CC1
COc1cccc(CN(C)C(=O)C(=O)Nc2cccc3cccnc23)c1,COc1cccc(CC(=O)Nc2cccc3cccnc23)c1
Cc1c(C(=O)N2CCCC2)oc2c1-c1nn(CC(=O)N3C[C@@H](C)C[C@@H](C)C3)cc1CC2,CC1CC1C(=O)Nc1cnn(CC(=O)N2CCCC(C)C2C)c1
COc1ccc(C2(CNC(=O)[C@H]3CC(=O)N(c4ccc(C)cc4)C3)CCOCC2)cc1,Cc1ccc(C2(C(=O)Nc3cc(C)ccc3C)CCOCC2)cc1
O=C(Nc1ccc(Cl)cc1)c1cc(S(=O)(=O)N2CCOCC2)c(Cl)cc1Cl,O=C([O-])c1ccc(Cl)c(S(=O)(=O)N2CCCCC2)c1
O=C(NCCc1ccc(Cl)cc1)[C@H]1CCC(=O)N(C2CCCCCC2)C1,O=C(NCCc1ccc(Cl)cc1)C1CCC(=O)N(C2CC2)C1
N#CCCN(C[C@H]1CCOC1)Cn1ccc(-c2ccsc2)n1,N#Cc1csc(CNc2c[nH]nc2-c2ccsc2)c1
COc1ccc(S(=O)(=O)N2CCCN(CC[NH+](C)C)CC2)cc1,COc1cc(S(=O)(=O)N2CCCCCC2)ccc1NC(C)=O
C[C@@H]1C[C@H]1c1ccc(CCC(=O)N2CCC[C@H](CNS(C)(=O)=O)C2)o1,CC1CC1c1ccc(CC(=O)N2Cc3ccccc3CC2C(N)=O)o1
COc1ccc(N2CCn3c2nn(CC(N)=O)c(=O)c3=O)cc1,COc1ccc(N2CC=C(NC(=O)C(C)O)C2=O)cc1
N#CCOc1ccccc1N1CCCCC1=O,N#Cc1ccccc1OCC(=O)N1CCc2ccc(N3CCCC3=O)cc2C1=O
O=C(Cc1noc(-c2ccncc2)n1)Nc1cc(Cl)cc(Cl)c1,CC(C)C(=O)NCc1nc(-c2cccnc2)no1
COCCC[C@@]1(C(=O)[O-])CCCN(C(=O)c2sccc2C)C1,CCNC(=O)C1CCCN(C(=O)c2sccc2C(F)(F)F)C1
O=C(Nc1ccnn1Cc1ccc(Cl)cc1)[C@@H]1COc2ccccc2O1,O=C(Nc1ccnn1Cc1ccc(Cl)cc1)C1COc2ccccc2O1
CCC(CC)N(C)c1ncnc2c1cnn2CC(=O)OC,CCC(CC)N(C)c1ncnc2[nH]ncc12
C[C@@H]1CCCC[C@@H]1NC(=O)NC(=O)CSc1nnc(-c2cccnc2)n1C,CC1CCCCC1NC(=O)Cn1c(C2CCCCC2)nc2ccccc21
COCCn1/c(=N\C(=O)[C@H]2CCCCN2S(C)(=O)=O)sc2c(C)cc(C)cc21,Cc1cccc(NC(=O)C2CCCN2S(C)(=O)=O)c1
CC1(C)CCC(O)([C@]2(C#N)CCOC2)CC1,N#CC1(C(O)c2cc(Cl)cc(Cl)c2)COC(O)C1
Cc1ccoc1C[NH+]1CC[C@@H](C)[C@H](C)C1,Cc1cc(C[NH+]2CC(C)CCC2c2ccco2)c(C)o1
CCCCS(=O)(=O)[N-]c1ccc(NC(=O)[C@H]2CCC[NH+](C)C2)cc1,CCC(C)S(=O)c1ccc(NC(=O)N2CCCC2)cc1
C[C@@H]1Cc2ccccc2N1S(=O)(=O)c1ccc2c([O-])n[nH]c(=O)c2c1,O=C1CCC(C2CCCN2S(=O)(=O)c2cccc(Cl)c2)[NH2+]1
CCc1ccc([C@H](N)CC[NH+](CC)CC)cc1,CCc1ccc(C(C)NC(=O)Cc2ccc(C(F)(F)F)cc2)cc1
CC(C)C[C@H]1COCCN1C(=O)CSCC(=O)c1ccccc1,O=C(NCCC(=O)N1CCOCC1)c1ccc(Cl)cc1
COC(=O)C(C)(C)[C@H]1CCCN(S(=O)(=O)c2ccc(F)c(F)c2)C1,Cc1ccc(S(=O)(=O)N2CCCCC2)cc1C(=O)NCC(C)(C)C
CC(C)[NH+]1CCN(CC(=O)NCCc2ccc(F)cc2)CC1,CC(C)c1nn(C)cc1C(=O)NCCc1ccc(Cl)cc1
Cc1cccc(NC(=O)C(=O)NCCC(=O)Nc2ccccc2)c1Cl,CCc1cccc(NC(=O)Cc2cccc(Cl)c2)c1
CC(C)CN1CCO[C@@H](CNC(=O)[C@]23CC[C@H](C[C@@H]2Br)C3)C1,N#Cc1csc(NC(=O)NCC2CN(Cc3ccccc3)CCO2)c1
COC(=O)C(C)(C)C[NH2+][C@@H]1C[C@H]1c1ccccc1,O=C(C1CC1)N1CCC([NH2+]C2CC2c2ccccc2)C1
CCc1nnc2n1CCN(C(=O)COCCc1ccccc1)C2,Cc1nnc2n1CCN(C(=O)NCCc1ccc(Cl)cc1)C2
O=C(CNC(=O)c1ccc(Cl)c(Cl)c1O)NCc1ccco1,Cc1cc(C)c(C(=O)NCC(=O)NCc2ccco2)c(C)c1
CC(C)(CBr)CN1C(=O)C(C)(C)S1(=O)=O,CC(C)(C)CNC(=O)C(c1ccccc1)c1ccccc1
CC(C)[C@@H]([NH3+])[C@H](C)CCc1ccccc1,CC(Cc1ccccc1)CC([NH3+])C(C)(C)C
CCc1ccc([C@@H](C)NC(=O)[C@H](C)[NH+]2CCc3n[nH]cc3C2)cc1,CC(NC(=O)C(C)n1cncn1)c1ccc(C(F)(F)F)cc1
CCC[NH+](C)C[C@H]1CCN(C(=O)Nc2cc(NC(C)=O)ccc2C)C1,CCC(C)N(C)C(=O)Nc1ccc(C(F)(F)F)cc1
Cc1cccc(NC(=O)NCCNC(=O)c2ccc(F)cc2)c1Cl,Cc1ccc(Cl)c(NC(=O)c2ccc(C(=O)[O-])cc2)c1
COCCC(=O)N1CC[C@](Cc2ccccc2-c2ccccc2F)(C(=O)N(C)C)C1,CC(C)N(C)C(=O)CNC(=O)Cc1cccc(F)c1F
COc1cccc(N(CC(=O)[O-])S(=O)(=O)c2ccc(C)cc2)c1,Cc1ccc(S(=O)(=O)N(C)CC(=O)Nc2ccccc2)cc1
COC(=O)[C@@]1(NC2CCCC2)CCCS[C@H]1C,O=C(NC(Cc1ccc(O)cc1)C1CC1)N1CCCC1c1ccccc1
O=S(=O)(NCc1ccc(-n2cncn2)cc1)c1cccc(Cl)c1,O=S(=O)(NCc1cccc(Cl)c1)c1cccc(Cl)c1
C[C@H]1C[C@](O)([C@]2(C#N)CCOC2)CC[C@H]1C,Cc1nn(C(C)C(O)c2ccco2)c(C)c1Br
CN(C)S(=O)(=O)c1ccc(C(=O)N(C(=O)N2CCCCC2)c2ccccc2)cc1,Cc1ccc(C(=O)Nc2cccc(C(=O)N(C)C)c2)cc1
CC[C@H](C)C[C@H](C)NC(=O)[C@@H]1CCC[NH2+][C@@H]1C,CC1CCCC(C)N(C(=O)NC(C)Cn2cc(Br)cn2)C1
[NH3+][C@H]1CCC[C@@H]1CCSc1n[nH]c(=O)n1C1CC1,CC1CC1n1c(C[NH2+]C2C(Cl)CCC2(S)S)nc2ccccc2c1=O
C[S@](=O)CC[NH2+]C/C=C/c1ccc(C#N)cc1,Cc1ccc(C#N)cc1C[NH2+]Cc1ccc(CC#N)cc1
C[C@H](SCCOc1ccccc1F)C(=O)N(C)c1ccccc1,CC(C(=O)Nc1ccccc1F)S(=O)(=O)C(C)C(=O)N(C)c1ccccc1F
CC(C)CNC(=O)[C@](C)(N)C(F)(F)F,Cc1ccc(C)c(C(C)NC(=O)CCn2cccn2)c1
Cc1cccc(C)c1NC(=O)c1c(-c2ccc(F)cc2F)noc1C,Cc1oncc1CS(=O)C(C)C(=O)Nc1c(F)cccc1F
Cc1cc(NC(=O)N2CCN(Cc3ccc(-c4cccc(F)c4)s3)CC2)no1,Cc1cc(NC(=O)N2CCN(Cc3cc(F)cc(F)c3)CC2)on1
COC(=O)c1sc(NC(=O)Cc2csc(C(C)C)n2)nc1C1CC1,Cc1csc(NC(=O)CNC(=O)N2CCCCC2C2CC2)n1
O=C([C@H]1CCCN1S(=O)(=O)N1CCCCC1)N1CCSCC1,O=C(C1CCN(S(=O)(=O)c2ccccc2)CC1)N1CCCCC1
CC(C)(C)CS(=O)(=O)N1Cc2nc[nH]c2C[C@H]1C(=O)[O-],CC(C)(C)CC(=O)NCC1CCCN(C(=O)c2csc3c2=NCCN=3)C1
CCc1cccc2c(/C=N/n3c(C)nnc3C)c[nH]c12,CC1CCCC(CNC(=O)c2cnn(Cc3ccccc3)c2)C1
CCN(CCOC)[C@]1(C[NH3+])CCCS[C@@H]1C,CCC(C[NH3+])N(c1ccccc1)C(C)c1cccs1
Cc1cc(Br)ccc1N1C[C@H](C)CS1(=O)=O,Cc1cc(NCc2ccc(N3CCCS3(=O)=O)[nH+]c2)ccc1Br
CNC(=O)[C@@H]1CCCN(S(=O)(=O)c2c(C)nn(CC(=O)NC(C)(C)C)c2C)C1,Cc1nn(CC(=O)NC(C)(C)Cc2ccccc2)c(C)c1C
COC(=O)CNC(=O)c1sc2ncn(CC(=O)N3CCCCC3)c(=O)c2c1C,CC(C)C(=O)NCC(=O)N1CCN(Cc2cccc(Cl)c2)CC1
CCn1c([C@H]2CCCN(C(=O)c3cc(CC(C)C)nn3C)C2)nn(C)c1=O,CCn1c(C2CCCN(C(=O)CC(C)C)C2)n[nH]c1=O
COC(=O)c1c(NC(=O)c2cccc(F)c2)sc(C(=O)NC(C)C)c1C,CC(C)NC(=O)c1cccc(NC(=O)c2cccc(F)c2)c1
C[C@@H]1CC([NH+]2CCC(N3CCNC3=O)CC2)C[C@@H](C)C1,CC1CCCC(C(=O)N2CCC[NH+](C3CCCC(C)C3)CC2)C1
CC(=O)c1cc(CN2CCC3=NN=C(c4ccccc4F)[C@@H]3C2)cs1,CCNC(=O)c1cc(CN2CCC3(CC2)OCC(C)O3)cs1
CCc1nn(C)cc1CNC(=O)c1cc(C)nc2ccc(OC)cc12,CCc1nn(C)cc1CNC(=O)C(C)c1cccc(C)c1
Cc1nonc1C(=O)N1CCC[C@@H]1c1nc(C)c2c(n1)N(C)C(=O)CC2,CC(=O)CC1CCCN1C(=O)c1cnc(C)nc1C
C[C@@H]1CCc2c(sc3ncn(CC(=O)N[C@H](C)c4ccco4)c(=O)c23)C1,CC(C)C(NCCc1ccco1)c1ccccn1
COc1ccc(Cl)cc1S(=O)(=O)N[C@H](C)C(=O)NCc1ccc2c(c1)OCO2,COc1cc(Cl)ccc1S(=O)(=O)NC(C)c1ccccc1
CC[n+]1c(N)n(CCOc2ccc(Cl)cc2Cl)c2ccccc21,Cc1ccc(OCCN2CCN(c3ccccc3Cl)C2=O)c(Cl)c1
Cc1cccc([C@@H](C[NH3+])S[C@H](C)CCO)c1,Cc1cccc(C(C)SCC(C)([NH3+])c2cccc(C)c2)c1
C#CCN1CCN(C(=O)c2cnc([C@@H]3CCCO3)s2)CC1,O=C(NCCC1CCC1)c1cnc(C2CCCO2)s1
COC(=O)c1nc2ccc(F)cc2c2oc(C(C)(C)O)cc12,OCC(O)c1cc2ccc(F)cc2cc1OC1CCOCC1
Cc1ccc([C@H](NC(=O)NC[C@H]2CC[NH+](C3CC3)C2)C2CC2)cc1,Cc1ccc(C(NC(=O)C2CSC(=O)N2)C2CC2)cc1
Cc1cccc(-c2cccc(CNC(=O)NC[C@H](C)C[C@H](C)O)c2)c1,Cc1cccc(CNC(=O)CNC(=O)c2cccc(C)c2C)c1
C[NH+](C)C1(CNC(=O)C2CCN(C(=O)c3ccc(F)cc3)CC2)CCCCCC1,O=C(NC1CC1)C1CCN(C(=O)c2ccc(F)cc2)CC1
Nc1cnccc1SCc1ncon1,Cc1ccc(Sc2ccc(NC(C)Cc3noc(CSc4ccc(N)cn4)n3)cn2)cn1
O=C(N[C@H](c1ccccc1)C1CC1)N1CCC(OCc2ccc(F)cc2)CC1,NC(=O)C1CCN(C(=O)NC(c2cccc(F)c2)C2CC2)C1
CC1=C(C(=O)C2=C([O-])C(=O)N(CC[NH+](C)C)[C@H]2c2cccc(Cl)c2)[C@H](C)N=N1,CCn1c(CC(=O)NC2CCC([NH+](C)C)C2)nc2cc(Cl)ccc21
CCS(=O)(=O)N1C[C@H](C(=O)N[C@@H](C)CCc2ccccc2)Oc2ccccc21,CCC(C)NC(=O)C1CN(S(=O)(=O)c2ccccc2)c2ccccc2O1
CCn1c(CC[NH3+])nnc1Sc1ncnc2ccc(F)cc12,CCn1cnnc1SC1CCCC1CCNC(=O)c1coc(Br)c1
COc1cccc(C[C@@H](NCc2ncn(C)n2)c2ccccc2)c1,COc1cccc(CNC(=O)NC(C)c2cccc(Cl)c2)c1
Cc1nc2ccc(C(=O)N[C@@H]3COc4ccccc4C3)cc2nc1C,Cc1ccc(C(=O)NCC(=O)NC2COc3ccccc3C2)cc1
CC(C)CCNC(=O)c1ccc(/C=C2/Sc3ccccc3NC2=O)cc1,CCc1ccc(C(=O)NCc2ccc(C(=O)[O-])cc2)cc1
Cc1ccc2c(c1)N(C(=O)c1ccc(-n3ccnn3)cc1)CCC2,CCOCc1ccc(NC(=O)N2CCCc3cc(F)ccc32)cc1
CC(=O)c1cccc(C[NH+]2CC[C@]3(CCC[NH+](Cc4cccc(C)c4)C3)C2)c1,CC(=O)N1C2CCC1C[N+]1(CCC(C=Cc3ccccc3)CC1)CC2
CC(C)c1ccc(CN(C)C(=O)NCCCn2cccn2)cc1,CCN(C)C(=O)NCC(C)(C)Cn1cc(Cl)cn1
Cn1c(C(=O)Nc2cc(Cl)ccc2Cl)cc2occc21,O=C(Nc1cc(Cl)ccc1Cl)c1cccc(Cl)c1
O=C(NC1(c2cccc(F)c2)CCOCC1)c1ccc2ncccc2c1,O=C(NC1(c2cccc(F)c2)CCOCC1)c1cccc(F)c1
C#CCN(Cc1cc(Br)cc(OC)c1O)[C@@H]1CCS(=O)(=O)C1,COc1ccc(Br)cc1CN(C)C1CCS(=O)(=O)C1
CCOC(=O)[C@@]1([NH2+]C)CC[C@H](S[C@@H]2CCC[C@H](C)C2)C1,CC1CCCC(C[NH2+]C(c2ccccc2)c2ccccn2)C1
CC1CCN(C(=O)Cc2coc3ccc4ccccc4c23)CC1,CC1CCN(C(=O)NCc2cc3cc4c(cc3o2)OCO4)CC1
CCOC(=O)[C@@H]1CCCN(C(=O)c2nc(-c3ccc(C)cc3)n3c2CCCCC3)C1,CCNC(=O)CC1CCCN(C(=O)c2cc(C)cc(C)c2)C1
CCn1ccnc(NCC[C@@H](O)C(C)C)c1=O,CCn1ccnc(NC(CNc2nccn(C)c2=O)C(C)C)c1=O
O=C(Cc1nc(Cc2ccc(Cl)cc2)n[nH]1)NCc1ccco1,CC(C)CNC(=O)Cc1cc(-c2ccc(Cl)cc2)on1
CC[C@H](C)C[C@@H](C)NC(=O)N1CCN(CC(=O)NC2CC2)CC1,CC(CC(C)(C)C)NC(=O)N1CCN(C(=O)c2ccncc2)CC1
COc1ccc(CN/C(C)=C2/C(=O)N(c3ccc(OC)cc3)N=C2C)cc1,COc1ccc(CNC(=O)c2ccc(C)cc2)cc1
O=C(CNC(=O)c1cccc(Br)c1)NCC1(c2ccccc2)CCCC1,O=C(NCC1(c2ccccc2)CCOCC1)c1cccc(F)c1
COc1ccc(Cl)c(NC(=O)NCc2cn3ccsc3n2)c1,COc1ccc(Cl)c(NC(=O)NCc2cn3ccsc3n2)c1
CC(C)[C@@H](ON1C(=O)c2ccccc2C1=O)C(=O)[O-],CC(C)C(=O)NC1CCN(C(=O)C2CCCc3ccccc32)CC1
COc1ccccc1CN1CCO[C@H](c2cccc(OC(F)F)c2)C1,COc1cccc(C2CN(Cc3cccc(O)c3)CCO2)c1
Cc1cc(C)cc(-c2nnc(Sc3nc(C(C)C)ns3)o2)c1,Cc1cc(C)cc(-c2nnc(CS(=O)(=O)C(C(C)C)C(C)C)o2)c1
CN(CCOCC1CC1)C(=O)c1cnc([C@@H]2CCCO2)s1,CN(Cc1cccc(NC(=O)N(C)C2CCC2)c1)C(=O)NC1CCC1
CC(C)CN(CCC#N)C(=O)NC[C@@H]1CC[C@H](C(=O)[O-])O1,CC(C)CN(C)C(=O)NCC1COc2ccccc2O1
CCCCn1nc(C)c(C[NH2+]C[C@@H](C)O)c1Cl,Cc1nn(C)c(C)c1C[NH2+]Cc1c(C(C)C)nn(C)c1Cl
Cc1ccc(-c2cccc(C[C@@]3(C(=O)NC(C)C)CCN(C(=O)C4CC4)C3)c2)cc1,Cc1cccc(CC(C)NC(=O)C2CCCN(C(=O)C3CC3)C2)c1
O=C1N[C@H](c2cccc(Oc3ccccc3)c2)Oc2ccccc21,O=C(NCC1COc2ccccc2O1)c1ccccc1O
CC[C@@H](C)[C@@H](O)C[NH2+][C@@H](c1cccs1)C1CC1,CCC(C)(C(=O)N1CC(C)OC(C)C1)C([NH3+])c1ccc(F)cc1
CC(C)N[C@@]1(C#N)CC[C@@H](N(C)C[C@@H]2CC[NH+](C)C2)C1,CC(C)c1ccc(C(=O)NC2C(C)(C)C(C#N)(N(C)C)C2(C)C)cc1
COC(=O)[C@H]1C[C@H]1C(=O)N[C@@H]1C[C@@](C)(OC)C1(C)C,COC1(C)CC(NC(=O)C2C(C)(C)C2(C)C)C1(C)C
CCc1ccc(NC(=O)c2nn(-c3ccc(CC)cc3)ccc2=O)cc1,CCc1ccc(C(=O)Nc2cccc(CC)c2)cc1
CC[C@@H](C)NC(=O)[C@@H](C)Sc1ncc(-c2ccc3c(c2)OCCO3)n1CC,CCn1cc(C(=O)NC(C)c2ccc3c(c2)OCCO3)cn1
C=CCN1CC2(CCC1=O)CCN(C(=O)CCc1cccnc1)CC2,O=C(CCc1cccnc1)N1CCC2(CCC(=O)N(CCO)C2)CC1
Cc1ccccc1C(=O)Nc1ccc(N2CC[NH+](Cc3ccccc3)CC2)cc1,Cc1ccccc1C(=O)Nc1ccc(N2CCCCCC2)cc1
CCNc1ncc(COc2cccc3ccccc23)s1,CCNc1ncc(CN(C)c2nccs2)s1
Clc1ccc(COc2ccc(CNn3cnnc3)cc2)cc1,O=C(NCc1ccc(Cl)cc1)c1cc(Cl)ccc1O
CCC[C@H](C)N(C)S(=O)(=O)c1ccc(CC(=O)[O-])s1,CC(C)(C)C(NCc1ccc(Cl)s1)C(=O)[O-]
Cc1ccc2[nH]c(=O)c(CNc3ccc(OC(C)C)cc3)cc2c1,CC(C)Oc1ccc(CC(C)(O)c2ccc(F)cc2)cc1
CC[C@H](C)CN(CC)[C@@H](C[NH3+])c1ccccc1F,CCC(C)C(NC(=O)CN(C)C(C)(C)C)c1ccccc1Cl
C[C@H]1CCC[C@H](C)N1C(=O)c1ccc2c(c1)COCO2,CC1CCCC(C)N1C(=O)c1cccc(N2CCC(C(N)=O)CC2)c1
C[C@H]1CC(C(=O)NCCC[NH+]2CCN(c3cccc(Cl)c3)CC2)C[C@H](C)O1,CC1CCCCN1C(=O)NCC1CCN(c2cccc(Cl)c2)C1
CC(=O)Nc1ccc(NC(=O)c2nnn(-c3ccc(C)c(C)c3)c2C)cc1,Cc1ccc(-n2nnc(C(=O)NC(C)C)c2C)cc1
O=C(CN1CCN(Cc2ccc(F)c(F)c2)CC1)c1cccs1,O=C(CN1CCN(C(=O)NC(F)c2cccs2)CC1)N1CCCC1
Cc1cc2c(cc1C)O[C@@H](C(=O)NCc1nc3ccccc3s1)C2,Cc1ccc(C(=O)Nc2nnc(C(C)(C)C)s2)s1
CCC[C@@H](C)C(=O)Nc1cc(C(=O)N[C@H](C)c2ccccc2)ccc1C,CC(NC(=O)C(C)n1cccn1)c1ccc(Cl)cc1
Cc1cccc(CSC2=NC(=O)[C@H]3C(=N2)NC(=O)C[C@H]3C(=O)Nc2ccc(F)c(Cl)c2)c1,CC1CCC2(CCC(C(=O)Nc3cccc(Cl)c3)NC2=O)C(=O)N1
Cc1ccc(N2CC[C@H](C(=O)NC[C@@H](CC(C)C)N3CCOCC3)C2=O)cc1,Cc1ccc(N2CC(C(=O)NCCc3ccc(F)cc3)CC2=O)cc1
O=C(CCCn1c(=O)oc2ccccc21)Nc1ccc(Cl)cc1F,O=C(CS(=O)(=O)Cc1ccc(F)cc1)Nc1ccc(Cl)cc1
C[C@H](C#N)Sc1nc(-c2ccccc2)cs1,CC(C)C(=O)Nc1ccc(-c2csc(C(C)[NH3+])n2)cc1
CS(=O)(=O)CCCOc1ccc(-n2cncn2)cc1,CC1CCCC(NC(=O)COc2ccc(-n3cncn3)cc2)C1C
OCc1cccc(-c2ncccn2)c1,CN(Cc1cccc(C(F)(F)F)c1)C(=O)CNc1nccc(C#N)n1
OCc1cn2c(n1)OC(Cl)=CC2,N#Cc1csc(Cn2ccnc2C(O)c2cccc(Cl)c2)c1
