CC(=O)NCCNC(=O)C1=C(C2CC2)N(C2=CC=C(C)C(Cl)=C2)N=C1,CC(=O)NCC1=CC(C(=O)N2CCCC(C)CC2)=NN1C1=CC=C(F)C=C1
CC(C(=O)C1=C2C=CC=CC2=[NH+]C1)[NH+]1CCCC1C1CC=CS1,CC(C(=O)NC1CCCC1)N1CCN(C2=CC=CC=C2)CC1
CCN(CC1CCOC1)C(=O)C1=CC=NC(Cl)=C1,CCN(CC1CCOC1)C(=O)C1=CC(NC)=NC=C1Cl
CC1=CC=CC=C1CS(=O)CCCC1=CC=CC=C1,CC1=CC=CC=C1CS(=O)CC(=O)NCC1=CC=CC=C1
CSCC(=O)NNC(=O)C1=C(O)C=C(Cl)C=C1Cl,CCC1=CC=C(CC(=O)NC2=CC(C)=NC(C(C)C)=N2)C=C1
C1=CC=C(C2=CC(N3CC4C5CCC(O5)C4C3)=C3C=CC=CC3=[NH+]2)C=C1,O=C1CCCN1C1=CC=CC(NCC2=CC=CC=C2Cl)=C1
CC1=CC(CNC(=O)NC2=NOC(C3=CC=CC=C3)=C2)=NO1,CC1=NOC(C(=O)NCCC2=NC(C(C)(C)C)=CS2)=C1
CC1=CC2=NC=C(C(=O)NC3=N[N-]C(C(F)(F)F)=N3)C(=O)N2C=C1,CC1=CC=NC2=C1N=C(C(=O)NC13CC4CC(CC(C4)C1)C3)NC2=O
CN(CC1=CC=NC=C1)C(=O)C1=CC=C(I)C=C1,CN(CC1=CC=C(C(N)=O)C=C1)C(=O)CC1=CC=CC=C1
COC1=CC=CC=C1N1CCN(C2=NN(CC(=O)NC3CC3)C(=O)C=C2)CC1,O=C(CN1N=C2C=CC=CC2=CC1=O)NC1CCN(C2=CC=CC=C2)C1
COC(=O)CN1N=C(C)C(CNC2=NC=NC3=C2C=CS3)=C1C,CC1=CN(CCNC(=O)C2=CC=CC=C2Br)N=C1C
C=CCNC(=O)NC1=CC=C(F)C(NC(=O)OC)=C1,CCOC(=O)NC1=CC=C(F)C(S(=O)(=O)N2CCCC2)=C1
C1=CN(CC2CN(CCCOC3=CC=C4OCOC4=C3)CCO2)N=C1,CNC(=O)CC1CN(C2=CC=C3OCOC3=C2)CCO1
COC1=NOC(C(=O)NC2=CC=CC=C2OC2=CC=CC=C2)=C1,COC1=CC=CC=C1C(=O)NC1=CC=CC=C1Br
CCCC1=NN=C(NC(=O)NNC2=CC=CC=C2Cl)S1,CCCC1=NN=C(NC(=O)C2=CC=CC=C2Br)S1
COC(=O)C1=CC=C(CNC2=NN(C)C=C2)N1,CCN(CC(=O)NC(C)(C)C)C(=O)C1=CC2=CC=CC=C2N1C
N#CC1=CC2=C(C=C1C#N)N1CCCC3=C(Cl)C=CC(=C31)O2,CC1=NNC2=C1C(=O)C(C#N)=C(C1=CC=C(C(=O)NC3CCCC3(C#N)C(F)(F)F)C=C1)O2
OC1=CC=C(C[NH2+]CC2CCCCC2CCl)C=C1,CC1CC(C[NH2+]CC2=CC=C(O)C(Br)=C2)CC(C)O1
CCCC1NC(=O)N(CC(=O)NC2=CC=CC=C2OC2=CC=CC=C2)C1=O,CCOC1=CC=CC=C1NC(=O)C1=CC=CC(OC)=C1
CC(C)C(C)[NH+]1CC2=CC=CC(NCC3=CC(=O)N4C=CSC4=[NH+]3)=C2C1,CC(C)C(C)NC(=O)CN1CCCSC2=CC=CC=C21
CC1(C)C(=O)N(CC2(CC(N)=S)CC2)S1(=O)=O,CC1=NOC(C(C)(C)NC(=O)CC2CCCC(C)C2)=C1C
CS(=O)(=O)C1OC1C1=CC=C(Cl)C=C1Cl,CS(=O)(=O)C1=CC=CC=C1C(=O)NCC1=CC=CC=C1Cl
CCCC1=CC=C(C(=O)NC(C)C2=CC=CC(S(=O)(=O)NC)=C2)C=C1,CC1=CC=C(C(C)NC(=O)C2=CC=CC(S(C)(=O)=O)=C2)C=C1
CN(C(=O)CSC1=NC2=CC(Cl)=CC=C2O1)C1(C#N)CCCCC1,CC(C)C1CCCC(C#N)(NC(=O)CN(C)C(=O)C2=CC=CO2)C1
O=C(COC1=NC=NC2=CC=C(Br)C=C12)NC1=CC=CC=C1Cl,NC(=O)COC1=CC=C(Br)C2=C1SC=N2
COC1=CC=CC(CN2CC=CCC(C3CC[NH+](CC4=CC=CC=N4)CC3)C2=O)=C1,COC1=CC(C[NH+]2CCC(C3=CN(C)N=C3)CC2)=CC(OC)=C1
N#CCCCCNC(=O)NC(C1=CC=CC=C1F)C1CCCC1,N#CC1=CC=C(C(=O)NC(C2=CC=CC=C2F)C2CCCC2)C=C1
N#CC1=C(N)OC2=C(C(=O)CCC2)C1C1CC=CCC1,N#CC1=C(NCC2=CC=C3OCOC3=C2)OC2=CC=CC=C2C12CC=CCC2
CC1CCCCC1=NNC(=O)CCC(=O)NC1=CC=CC=C1Br,CCC(C)NC(=O)CC1=CC=C(C)C(Br)=C1
O=C(NC1=CC=CC(N2CCCNC2=O)=C1)C(=O)N1CCC2=CC(F)=CC=C2C1,COC1=CC=C(C(=O)N2CCC3=CC(OC)=C(OC)C=C3C2)C=C1OC
CC(C1=CC=C(S(C)=O)C=C1)N(C)C(=O)C1=CC2=CC=CC(F)=C2O1,CC(C1=CC=CC=C1F)N(C)C(=O)C1=CC(Cl)=CN1
COC1=CC=C(N2CCN(C(=O)COC(=O)C3=CC=C(C)C(C)=C3)CC2)C=C1,CCC(CC)NC(=O)C1=CC=C(N2CCCCC2=O)C=C1
CC(C1=CC=CC=C1F)S(=O)(=O)CC1=CC=CC(C(F)(F)F)=C1,CC(C)C(C1=CC=CC=C1F)N(C)C(=O)C1=CNN=C1C(F)(F)F
CC[NH+]1CCC2(CC1)OCC(C(=O)[O-])N2C(=O)C1=CC=C(F)C=C1,O=C(NCC1=CC=C(F)C=C1)C1CCN(C(=O)C2=CC=C(F)C=C2)CC1
CCOCC1CC[NH+](CC2=CC=C(C3=NC4=CC=CC=C4S3)O2)C1,COC1=CC=CC2=C1N=C(C[NH+]1CCC(C(C)C)CC1)S2
CC1=CC=C(S(=O)(=O)N2CCC(C(=O)N3CCCC4=CC=CC=C43)CC2)C=C1C,CC1=CC=C(C(=O)N2CCCC(C(=O)NC3CC3)C2)C=C1C
CC1=C(C2=CC=C(F)C=C2)N=C(NC(=O)CC2=CC=C(F)C=C2)S1,COCC1=CC=C(C2=CSC(NC(=O)C(C)(C)C)=N2)C=C1
CC1CCCC([NH3+])(C2CCOC3(CCCC3)C2)C1C,CC1CCC2(CCC2)CC1([NH3+])CC1=CC=CC=C1Br
CC(=O)C1=CCC2C3CCC4=CC(=O)CCC4(C)C3C(=O)CC12C,CC(=O)NC1=CC=C(C(=O)NC(C)C2=CC=C(Cl)C=C2)C=C1
CC1=C(C(=O)N(CC2=CC=CS2)C2CCS(=O)(=O)C2)SC(C(C)C)=N1,CC1=NC=C(C(=O)N(CC2=CC=CC=C2O)C2CCS(=O)(=O)C2)S1
C[NH+]1CCC(C[NH+](C)C2CCC(C3=CC=C(O)C=C3)CC2)CC1,FC1=CC=C(Br)C=C1C[NH2+]C1CCOCC1
COCCOC1=CC=C(NC(=O)N2CC(CO)CCC2C)C=C1F,COC1=CC=C(NC(=O)C2CC(=O)N(C(C)C3=CC=C(F)C=C3)C2)C=C1
CCOC1=CC=C(CN2CC[NH2+]C(C(=O)[O-])C2)C(OCC)=C1C,CC1=CC=CC=C1CN1CC[NH+](CC2=CC=CC=N2)CC1
CN(CC1CC[NH+](C)C1)C(=O)NCC1=CC=NC(OCC(F)F)=C1,CN(CC1CCC1)C(=O)NC1=CC=C(OCC(F)F)N=C1
CC(C(=O)OCC(=O)N(C)C1CCCC2=CC=CC=C21)C1=CC=CS1,CC(C(=O)N1CCC(C)C(O)C1)C1=CC=C(Cl)S1
CC1CN(S(=O)(=O)CC[NH2+]CC2=CC=C(C(C)(C)C)C=C2)CC(C)O1,CCC(CC)(NC(=O)C1=CC=C(C(C)(C)C)C=C1)C(=O)N1CCOCC1
CCC(C)[NH2+]CC1=CC=C(N(C)C)C=C1,CC1=CC=C(C[NH2+]CC2=CC=C(C(F)(F)F)C=C2)C(N(C)C)=C1
O=C(CCC1CCCCC1)NNC(=O)C(O)C1=CC=CC=C1,CC1=CSC(CNC(=O)C(O)C2=CC=CC=C2)=N1
COC1=CC=CC=C1C=CC[NH+]1CCN(CCO)CC1,COC1=CC=CC=C1C1CCC[NH+]1CC1=NOC(C(C)(C)C)=N1
COC1=CC=C(CN2CCN(C(=O)C34CC5CC(CC(C5)C3)C4)CCC2=O)C=C1,COC1=CC=C(CN2CCN(C(=O)C3=CC(Cl)=CN3)CC2)C=C1
CC(C)(C)C(=O)N1CCC[NH+](CC(O)COCC2=CC=CC=C2Cl)CC1,CC(C)(C)C(=O)N1CCCC(C(=O)NCCC2=CC=CC=C2Cl)C1
C=CCN1C(=O)C2=C(N=C3N(C)N=C(C)C(C)N32)N(C)C1=O,CCN1C(CCNC(=O)C2CCOC2C)=NC2=CC=CC=C21
COC1=CC=C(C(=O)CCCC2OCC(C)(C)CO2)C=C1OC,COC1=CC=CC(C(=O)NCC2=CC=C(Cl)C=C2)=C1F
COC1=CC=CC=C1C(NC(=O)C1=CN2C=NN=C2C=C1)C(C)(C)C,COC1=CC=CC=C1C(NC(=O)C(C)C)C1=CC=CN=C1
C#CCN(CC(=O)[O-])C(=O)N(C)C(C)C1=CC=CS1,CC(C)N(C)C(=O)CNC(=O)N(C)C(C)C1=CC=CS1
CCC1=C(C(=O)NC2=CC=C3SCC(=O)NC3=C2)NC(C)=C1C(C)=O,COC1=CC=C(NC(=O)CC2C(=O)SC3=CC=CC=C32)C=C1
CC1=CC(F)=CC=C1S(=O)(=O)NC1=CC=C2OC(C)=C(C(=O)[O-])C2=C1,CC1=CC(C(=O)NC2=CC=CC(F)=C2C(=O)[O-])=C(C)O1
C[NH+](C)CCOC1=CC=C(CNC(=O)C2COC3=CC=C(F)C=C3C2)C=C1,COC1=CC=C(CNC(=O)C2COC3=CC=CC=C3C2)C=C1
COC1=CC=CC=C1N1CC(C(=O)NN2C(=O)NC3(CCCCC3)C2=O)CC1=O,CC(C)CN(C(=O)C1CC(=O)N(C2=CC=CC=C2O)C1)C1=CC=CC=C1
O=C([O-])C1C=CC(NS(=O)(=O)C2=CC=C3OCCC3=C2)C1,CC(C)C(C)NS(=O)(=O)C1=CC=C2OCCCOC2=C1
CC(C)(C)NC(=O)CNC(=O)NC1=CN(CC(F)F)N=C1,CCN(CC(=O)NC1=CC=CC(F)=C1)C(=O)C1=CC=C(C)S1
CCCN(C(=O)C1=CC=C(CNC(C)=O)C=C1)C1=CC=CC2=CC=CC=C12,CCCN(CC)C(=O)C1=CC=C(NC(=O)C2CCCCC2)C=C1
CC1=C(NP(=O)(C(C)(C)C)C(C)(C)C)C(=O)N(C2=CC=CC=C2)N1C,CC1=C(NC2=NCCS2)C(=O)N(C2=CC=CC=C2)N1C
CCC1=NN(C)C=C1NC(=O)NCC1=CC=CC=C1OCCO,CCC1=NN(C)C=C1NC(=O)C12CC3CC(CC(C3)C1)C2
O=C(NC1=CC=C2COCC2=C1)C(=O)NC1CCOC2(CCCCC2)C1,CC1=CC=C(NC(=O)CS(=O)C2CCCCC2)C=C1
CCOC(=O)C1=C(C)NC(=O)NC1C1=CC(OC)=CC=C1O,COC1=CC=C(CCC(=O)NC2=CC=CC(C#N)=C2)C=C1
O=C(NC1CC(=O)N(C2=CC=CC(F)=C2)C1)C1=CC2=CC=CC=C2OC1=O,O=C(NC1CC(=O)N(C2=CC=C(F)C=C2)C1)C1=CC=CC=C1F
COC1=CC=CC=C1NC(=O)C1=CC2=C(C=C1Cl)N1CCCCCC1=NS2(=O)=O,COC1=CC=CC=C1C(=O)NC1=CC=C(Cl)C=C1
O=C1N(CC2=CC=CC(F)=C2)C2=CC=CC=C2C1(O)C1=CC=CC(F)=C1,O=C(CC(O)C1=CC=CC(F)=C1)NC1=CC(F)=CC=C1Cl
COC1=CC=CC(C(C)[NH2+]CCOC2=NC=CC=C2Cl)=C1,COC1=CC=CC(C(C)[NH2+]CC2=CC(Cl)=C3OCCOC3=C2)=C1
O=C(C=CC1=CC=CO1)N1CCC2CCCCC21,O=C(C1=CC=CO1)N1CCC([NH2+]C2CCCCC2)C1
CC(=O)C1=CC=C(OC2=CC=C(C(=O)NCC3CC[NH+](C)C3)C=C2)C=C1,COC1=CC=C(C(=O)NCCC2=CC=C(C#N)C=C2)C=C1
CC1=CC=CC=C1NC1=NC(N)=NC(COC2=CC=C(F)C(Cl)=C2)=N1,COC1=CC=CC=C1NC1=NC(N)=NC(N2CCC(C)CC2)=N1
CNC(=O)C1=NN(CN2CCN(C3=CC=CC(C)=C3C)CC2)C(=O)C2=CC=CC=C12,CC1=CC=CC(N2CCN(C(=O)NC3CCCCC3)CC2)=C1C
NC(=O)C1=C(F)C=CC=C1NC1=CC=CC(N)=C1,CN(C)C1=CC=CC(NC(=O)C2=CC=CC(N(C)C)=C2)=C1
CC1=CC=C(C2=NN(C(=O)C[NH+]3CCC4(CC3)OCCO4)C(C3=CC=CC=C3Cl)C2)C(C)=C1,CC(=O)C1CCCN1C1C(=O)C=COC1C1=CC(C)=CC(C)=C1
COC1=CC=CC(OC2CCC([NH3+])C2)=N1,COC1=CC=CC(COC2=CC=C3C(=C2)CCCC3O)=C1
CS(=O)(=O)C1=CC=C(F)C(S(=O)(=O)[N-]C2=CC=CC(NC(=O)C3CC3)=C2)=C1,O=S(=O)(NC1=CC(F)=CC=C1F)C1=CC=CC=C1F
CC1=NN=C(CC2=CC=C(NC(=O)C3=CC=C(N4CCOCC4)C=C3)C=C2)O1,CC(NC(=O)C1=CC=C(C#N)C=C1)C1=CC=C(F)C=C1
O=C(NC1CCCCCC1)NC1CCSC2=C(F)C=CC=C21,O=C(NC1CCSC2=CC=C(F)C=C21)C1=CC=NC=C1
CC(C)C[NH2+]CC1CCCOC1C1CC=CCC1,CC(C)C[NH2+]CC1COC2CC3=CC(Cl)=CC=C3C2C1
O=C(NCCCN1CCOCC1)C1=NC(C2=CN=CC=N2)=NO1,O=C(NCCC1=CC=C(Cl)C=C1)C1=CN=CC=N1
CN1CCN(S(=O)(=O)C2=CC(C(=O)NC3=CC=C(Cl)C(Cl)=C3)=CC=C2F)CC1,CN(C)C1=CC=C(NC(=O)NC2=CC=C(Cl)C=C2)C=C1
CC1=CC=C(C2(C)NC(=O)N(CC(=O)NC3=CC=CC(OC(F)(F)F)=C3)C2=O)C=C1,CC1=CC(C)=CC(OCC(=O)NC2=CC=CC(OC(F)F)=C2)=C1
O=C([O-])C1=CC=C(C2=CC=NC=C2)C=N1,CC1(C)CCC(CNC(=O)C2=CC(C(=O)[O-])=C3C=CC=CC3=N2)CC1
CC1=C(C)C2=C(N=CN(CC(=O)NC(C3=CC=CC=C3)C(C)C)C2=O)S1,CCC(CC)NC(=O)CN1C=NC2=CC=C(Cl)C=C2C1=O
CC(NC(=O)C1=NNC(C2=CC=CO2)=C1)C1=CC=C(Cl)S1,O=C(NC(C1CC1)C1CC1)C1=CN=C2C=CC=CC2=N1
COC1=CC=C(C[NH+]2CCC3=NN=C(C(C)NC(=O)C(C)C)N3CC2)C=C1OC,CC(C)C(C)N1C=C[NH+]=C1CN1CCN(C(=O)C2=NNC=C2)CC1
CCCCN1C(N)=C(N(C)C(=O)CSC2=CC=C(F)C=C2)C(=O)NC1=O,CCCCN1N=C(C)C(C(=O)NC2=CC=C(Cl)C=N2)=C1C
O=C(Cl)COC1=CC=C2CCCC2=C1,O=C(COC1=CC=C2CCCC2=C1)NC1=CC=C(Cl)C(Cl)=C1
CCN(CCC1=NC=CS1)C(=O)NC1=CN=CC2=CC=CC=C12,CN(CC1CC1)C(=O)NC1=CN=CC2=CC=CC=C12
CC1=CC(NC(=O)C2CCOC3=CC=CC=C32)=C2N=CC=CC2=C1,CC1=CC(C)=CC(NC(=O)C2COC3=CC=CC=C3C2)=C1
CCC1(C2=CC=CC=C2)NC(=O)N(CCOC2=CC=C(Cl)C=C2Cl)C1=O,CCC(=O)N1CCCCC1C(=O)NC1=CC=CC=C1Cl
CCOC(=O)C(C)(C)C1=NC(C2=CC=CC=C2)=NO1,CC(=O)NCC1=NC(C2=CC=C(OC(F)(F)F)C=C2)=NO1
C[NH2+]CC1CC1C1=C(F)C=CC=C1Cl,FC1=CC=CC(F)=C1C[NH2+]CC1CC1C1=CC=CC=C1Cl
O=S(=O)(NCC(O)C1=CC=C(C(F)(F)F)C=C1)C1=CC(F)=CC=C1F,CCOC1=CC=CC=C1C(=O)NCC1=CC=C(C(F)(F)F)C=C1
CC1=CC=C(S(=O)(=O)N2CCCCC2CCNC(=O)CC2=CC=C(Cl)C=C2)C=C1,COC(=O)NC1CCN(S(=O)(=O)C2=CC=C(C)C=C2)CC1
CCC(C#N)OC1=CC=C(CO)N=C1,CC1=CC=C(C(=O)NCC(C)C2=CC=C(OC(C)C#N)C=C2)C=C1
CC1=CC=C(NC(=O)C2CCCCCC2[NH3+])C(F)=C1,CC1=CC=C(F)C(NC(=O)C2CCCCC2C(=O)[O-])=C1
COC1=CC=C(CNC(=O)NCC(C)[NH+]2CCC3=C(C=CS3)C2)C=N1,COC1=CC=C(CNC(=O)C(C)C2=CSC=C2)C=N1
O=C(NC1CCCC2=CC=CC=C21)C1CCCN1S(=O)(=O)C1=CC=CC=C1C(F)(F)F,O=C(NCC1=CC=CC=C1Cl)C1CCCN1C(=O)C1CC1
CC1=NC(SCC(=O)NC2=CC=CC=C2C(F)(F)F)=NC(=O)C1CC1=CC=CC=C1,CCCS(=O)(=O)CC(=O)NC1=CC=CC=C1C(F)(F)F
CSCC[NH2+]CC1=NC(C)=C(C)S1,CC1=CN=C(CC[NH2+]CC2=C(C)N=C(C)S2)S1
CN1N=C(C(C)(C)C)C=C1C(=O)NCCC1=NC(C2=CC=C(Cl)C=C2)=NO1,CC(C)(C)OC(=O)NCC1=NC(C2=CC=C(Cl)C=C2)=NO1
COC1=CC=C(CCNC(=O)C2CCCN2C(=O)NC2=CC=CC(OC)=C2)C=C1,COC1=CC=C(NC(=O)N2CCCC2C2=CC=CN2C)C=C1
CCOC(=O)C1(CC2=CC=CC(Cl)=C2)CCCN(C(=O)C2=CC=NN2C)C1,CC(CC1=CC=CC(Cl)=C1)NC(=O)N1CCCC(C2=CC=NN2)C1
COC1=CC=CC(N2C(=O)CC(N3CCN(C4=CC=C5OCOC5=C4)CC3)C2=O)=C1,CC(C)(C)CC(=O)NC1CCN(C2=CC=C3OCOC3=C2)CC1
CC(C)C1(CC2CCOCC2)CCC[NH2+]1,CC(C)C(C1=CC=CC=C1)C(O)C1CCCOC1
CC1=NC=CN1C1=CC=C(C[NH2+]C(C)C2=CC=CC=C2N(C)C)C=C1F,CC([NH2+]CC1=CC(F)=CC=C1N(C)C)C1=NC=CC=C1Cl
COC1(C)CC(NC(=O)NCC2=CC=NC(OCC(F)F)=C2)C1(C)C,COC1(C)CC(NC(=O)C2=CC=CC=C2Br)C1(C)C
COCC(C)NC(=O)NC(C(N)=O)C1=CC=CC=C1,COCC(=O)NC(C)C1=CC=CC(Br)=C1
CC1=C(CCNC(=O)C2=CC=C(S(C)=O)C=C2)N=C(C2=CC=CC=C2)O1,CS(=O)C1=CC=CC=C1C(=O)NCCC1=CC=CC=C1
CC[NH+]1CCCC1CN(C)S(=O)(=O)C1=CC=CC(C[NH3+])=C1,CC1CCCC[NH+]1CC1=CC=CC(S(=O)(=O)N2CCCC2)=C1
O=C1N(CCO)C2=CC=CC=C2N1CCO,COCCN1CNC2=CC=C(NC(=O)OC(C)(C)C)C=C2C1=O
COC1=CC=CC(C(NC(=O)C(C)C2=CSC=C2)C2=NC=CN2C)=C1,COC1=CC=CC(C(NC(=O)N2CCCC(C)C2)C2=NC=CN2C)=C1
C[NH+]1CCC(NC(=O)C(=O)NC2=CC=C(OC3CCCC3)C=C2)CC1,O=C(CC1(O)CCCC1)NC1=CC=C(OC2CCC2)C=C1
O=C(NNC1=CC=CC(C(F)(F)F)=C1)C1=CC=CC2=CC=CN=C12,O=C(NCC1=NC(C(F)(F)F)=CS1)C1=CC=CN=C1
O=S(=O)(C1=CC=C2C(=C1)C=CN2CC1=CC=CC=C1)N1CCC[NH2+]CC1,CC(C)C(=O)N1CCC([NH2+]CC2=CC=CC=C2C(F)(F)F)CC1
CC1CCCC1[NH2+]C1CCCSC1C,CC1CCC([NH2+]C2CCCC2C)C2=CC=CC=C21
O=C(NCC1=CC=C([N+]2=CCCC2)C=C1)NC1(C2=CC=C(Cl)C=C2)CC1,O=C(NC1(C2=CC=C(Cl)C=C2)CC1)C1CCNCCS1
CC1=CC(N2C(C)=CC(C[NH2+]C(C)C3=CC=C(F)C(F)=C3)=C2C)=NO1,CC1=CC(C[NH2+]C(C)C2=C(C)ON=C2C)=CC(C)=C1F
COC1=CC=C(SCC(=O)NC2=CC=C(N3CC[NH+](C)CC3)C(F)=C2)C=C1,COC1=CC=C(N2C=CC(C)C2=O)C=C1NC(=O)CC1=CC=CC=C1
CC(COC1=CC=CC=C1)OC(=O)C1CCCN(C(=O)C2=CC=CS2)C1,CC(C)CNC(=O)C1CCCN(C(=O)C2=CC=CS2)C1
O=C1OC(C(=O)NC2=CC=NC3=CC=NN23)CC2=CC=CC=C12,O=C(NCC1=CC=C(Cl)C=C1)C1CC(C2=CC=C(Cl)C=C2)=NO1
CNC(=O)CN1CCN(C(=O)C2=NC(C)=NN2)CC1,CC1=NNC(C(=O)N2CCN(C(=O)C3=CC=C(C(F)(F)F)N=C3)CC2)=N1
CC(C)C(CO)NC1=CC=C(N)C=C1Br,COC(C(=O)NC1=CC=C(F)C=C1Br)C1=CC=CC=C1
COC1=CC=C(CNC(=O)C2=CC(N3C(=O)C(C)(C)CS3(=O)=O)=CC=C2Cl)C=C1OC,COC1=CC=CC=C1CNC(=O)C1=CC=C(Cl)C=C1Cl
CCC1=CC=CC(S(=O)(=O)NC2=CC=CC(C3=NN=NN3C)=C2)=C1,CCC1=CC=CC(S(=O)(=O)NC2=C(C)N(C)N=C2)=C1
CC[NH+](CC)C1=CC=C(C=C2OC3=C(C=CC(OCC(N)=O)=C3C)C2=O)C=C1,COCC(=O)NC1=CC=C(C2=CC=C3OCCC3=C2)C=C1
CC1=C(CNC(=O)CCCC[NH3+])SC=C1,CCC1=CN=C(CNC(=O)C2CC(C)OC(C)C2)S1
CCCC1CCC(C[NH3+])C([NH+]2CC(C)CC(C)C2)C1,CCCC1CC(NC(=O)CC2=C(C)ON=C2C)CC(C(F)(F)F)C1
CC(O)CC#CC[NH+]1CCCC(C2=CC=CN=C2)C1,CC(C1=CC=CN=C1)[NH+](C)CC1=CC=C(C(=O)N2CCCCC2)C=C1
COC1=CC(C2NC(=O)C3=CC=CN=C3N2)=CC=C1O,COC1=CC=C(C2NC(=O)C3=CC=CC=C3N2)C=C1OC
CC1=CC=C(NC(=O)CNC2=CC=C(C(=O)N3CC(C)OC(C)C3)C=C2)C(Br)=C1,CC1=CC=C(C)C(NC(=O)C2=CC=C(N3CCCC3=O)C=C2)=C1
O=C1NCCN(C(=O)CCC2=CC=CC=C2)C1CC(=O)N1CCN(C2=CC=CC=C2)CC1,CC(C)CC1C(=O)NCCN1C(=O)CCC1=NN(C)C(=O)C2=CC=CC=C12
COCC(O)CCCC(F)(F)F,OC(CCCC1=CC=CC(F)=C1)C1=CC=NC=C1
CC(C)N(C)C(=O)C1CSCN1C(=O)C=CSCC1=CC=CO1,CC1=CC=CC(NC(=O)N2CCCC2C(=O)N(C)C(C)C2=CC=CO2)=C1
O=C(NCCNS(=O)(=O)C1=CC=CC(Cl)=C1)C12CC3CC(CC(C3)C1)C2,O=C(NCC1=CC=CC(Cl)=C1)C1CN(C(=O)C2=CC=CS2)C1
COC(=O)C1=C(NC(=O)C2=CC=CC(OC)=C2)SC(C(=O)NC(C)C)=C1C,COC1=CC=C(C(=O)NC2=CC=C(C(=O)[O-])C=C2C)C=C1
CC1=CC=C(S(=O)(=O)NC2=NC3=CC=CC=C3N=C2N2CCCC2)C=C1,CC1=CC=C(S(=O)(=O)NC2=CC=C(N3CCCC3)N=C2)C=C1
CC1=CC=C(CN(C(=O)NC(C)C2=NN=C3C=CC=CN23)C2CC2)C=C1C,CC(C)CC(C)(C)C(=O)NCC1=NN=C2C=CC=CN12
O=C(NC1=CC=CC2=CC=CC=C12)NC1CC[NH+](CC(F)F)CC1,CC(C)C(C)S(=O)C(C)C(=O)NC1=CC=CC2=CC=CC=C12
CC1=CC(C)=C(NC(=O)C2=CC3=CC=CC=C3N2C)C(C)=C1,CC1=CC=CC(C)=C1NC(=O)CSCC1=CC=NC=C1
CN(C(=O)C1=NN(C)C=C1)C(CC1=CC=CC=C1)C1CCN(C(=O)C2=CCCC2)CC1,CC(C)C(C(=O)NCC(=O)N1CCCCC1)C1=CC=CC=C1
CC(C)NS(=O)(=O)C1=CC=C(C(=O)NC(C)C2=CC=CC=C2Br)C=C1,CC(NS(=O)(=O)C1=CC=CC=C1)C1=CC=CC=C1Br
CCOC1=NC=NC(S(=O)(=O)CC)=C1N,CCOC1=CC(NC2=CC(CC(C)(C)C)=NC(C)=N2)=NC=N1
NC1=CC=C(Cl)C(S(=O)(=O)N2CCN3C(=O)NCC3C2)=C1,O=C1NCC2CN(C3=CC=C(Cl)C(S(=O)(=O)N4CCCC4)=C3)CCN12
CCC1CCC(C[NH2+]C2CCCC2C2CCCC[NH2+]2)CC1,CCC1CCC([NH2+]CC2=CN=C3C=CC=CN23)CC1
CC[NH+]1CCN(C(=O)C2CC[NH+](CC3=CC=CC=C3F)CC2)CC1,COC1=CC=CC=C1C[NH+]1CCN(C(=O)C2=CC=CO2)CC1
COC1=CC=C2N=C(NC3=CC=C4CCCC4=C3)SC2=C1,COC1=CC=C(F)C(NC2=NC3=CC=C(OC)C=C3S2)=C1
CC(C)CC1[NH2+]C2(C(=O)NC3=CC=C(F)C=C32)C2C(=O)N(C(C)(C)C)C(=O)C12,CCC(C)CC(C)NC(=O)C1=CC(=O)C2=CC=CC=C2O1
CN(C(=O)CCOC1=CC=CC(C(N)=O)=C1)C1CCC[NH+](C)C1,O=C(CC1=CC(F)=CC=C1F)NC1=CC=C(N2CCCC2)N=C1
CC1=C(C(=O)NC2CCN(C(=O)C(=O)NC3=CC=C(F)C=C3F)CC2)C=CO1,CC1=C(C(=O)NC2CCN(C(=O)C3=CC=CO3)CC2)C=CO1
CCS(=O)C1CCCCC1NC(=O)NCC(O)C1=CC=CO1,CCS(=O)C1CCCCC1NC(=O)C1=C(Br)C=CO1
CNC(=S)N1CCCN(C2=CC=C(C#N)C=N2)CC1,N#CC1=CC=C(N2CCN(CC3=CC(F)=C(O)C(F)=C3)CC2)N=C1
CC1=C(Cl)C=CC=C1S(=O)(=O)NCC(C)CN1CC[NH+](C)CC1,CC1=CC=CC=C1CNS(=O)(=O)C1=CC=CC(Cl)=C1C
COC1=CC=CC(CCNC(=O)CN2CCN(C3=CC=CC=C3O)CC2)=C1,COC1=CC=CC=C1CCNC(=O)N1CCOC(C2=CC=CC=C2)C1
CC1=CC(C)=C2N=C(C3CC3)C=C(C(=O)NCCCC(=O)NC3CC3)C2=C1,COC1=CC(C(=O)NCC2=CC=C(C)C=C2)=CC(OC)=C1C
CC1=NC=CN1C1=CC(N2CCC(C(=O)NC3=CC=C(F)C(F)=C3)CC2)=NC=N1,O=C(NC1=CC=NC=C1)C1CCN(C2=NC=CC=N2)CC1
CCN(CC)C1=CC=C(C2C3=C([O-])CCCC3=NC3=NC(SC)=NC(=O)C32)C=C1,CSC1=CC=CC=C1NC1=NC(=O)C2C(=O)N=C3C=C(F)C=CC3C2=N1
CC1=CN(CCCCC[NH+]2CCN(C3=CC=C(O)C=C3)CC2)N=C1,CC1=CN(CCC(O)C2=CC=C(Br)C=C2)N=C1C
O=C(NC1=CC=C(O)C=C1)C1=CSC=C1,O=C(NC1=CC=C(OC(F)(F)F)C=C1)C1=CSC=C1
CC(OC(=O)C1CC1C1=CC=C(OC(F)(F)F)C=C1)C1=CC=CC=N1,O=C(NCC(F)(F)F)C1CCN(C(=O)C2=CC=CN=C2)CC1
O=C(CC1=CC=C(N2CCCC2=O)C=C1)NN1C=NC2=CC=CC=C2C1=O,O=C(CC1=CC=C(N2CCCC2=O)C=C1)NC1=CC=CC=N1
CCOC1CC([NH+](C)CC2CCCN(S(C)(=O)=O)C2)C12CCCCC2,CCOC1CC([NH+](C)CC2=NC3=CC=CC=C3S2)C12CCCC2
CC[NH2+]C(CC1=NC=NN1C)C1([NH+]2CCCC2)CCCC1,CC[NH2+]C(CC1=NC(C2=CC=NC=C2)=NN1C)C1CCCC1
OC1=CC=CC(C2CN(C3=NC=CC(OC4=CC=C(F)C=C4)=N3)CCO2)=C1,O=C(CC1=CC=CS1)NC1=NC([O-])=CC(C(F)(F)F)=N1
CC(=O)NCCN1C(SCC(=O)[O-])=NC2=CC=CN=C21,CC1=CC=C2N=C(CNC(=O)N3C(C)CCCC3C)NC2=N1
CC1=CC(C)=C2N=C(N3CCN(C(=O)C4CCCCN4S(C)(=O)=O)CC3)SC2=C1,CC1=CC(C)=C2N=C(NC(=O)C3CCN(S(C)(=O)=O)CC3)SC2=C1
CC1=CN(CCCNC(=O)N2CCCCC(N3CC[NH+](C)CC3)C2)N=C1,CC1=CN(CCC(=O)NC2=CC=C3COCC3=C2)N=C1
CN(CC1=NC2=C(CCCC2)S1)C(=O)C1CCN(C2=CC=CC=C2)C1=O,O=C(NCC1=NC2=C(CCC2)S1)C1=CC=CC=C1Cl
CCC1=NN=C(NC(=O)C2=CC=C(OC3=CC=CC(C)=C3)C=C2)S1,CCC1=NN=C(NC(=O)C2=CC=C(C)C(C)=C2)S1
CCC([NH2+]C1CC(C2=CC=CC=C2)OC2=CC=CC=C21)C1=C(C)ON=C1C,CCC([NH2+]C1CCOC2=CC=C(F)C=C21)C1=CC(C)=NO1
CC[NH2+]CC1=C(N2CCN3C(=O)NCC3C2)N(C)N=C1C,CC[NH2+]CC1=C(C)N(C2=CC=CC(Br)=C2)N=C1C
C=CCOC1=C(Br)C=C(CN(C)C2CC[NH+](C)C(C)C2)C=C1OC,COC1=CC=C(CN(C)C(=O)C2=CC=C(C)C=C2O)C=C1
COC1=CC=CC(COC2=CC=C(OC)C=C2CCl)=C1,COC1=CC(COC2=CC=CC(CO)=C2)=CC=C1Cl
CC(CCC1=CC=CC=C1F)[NH2+]CCC1=NC2=CC(F)=CC=C2N1C,CC([NH2+]C(C)C(C)CC1=CC=CC=C1F)C1=CC=CC=C1F
O=C(CN1C(=O)OC2=CC(Cl)=CC=C21)N1CCCC1C1=CC=CS1,CC(C)(CNC(=O)N1CCCC1C1=CC=CS1)CN1C=CC=N1
[NH3+]C(CC1=CC=C(O)C=C1)C1=NC=CC=N1,COC1=CC=C(C(C)C)C=C1C(O)CC1=CC=CC=N1
CCOC(=O)NCCC(=O)NC1CCC2=C(O)C=CC=C21,COCC1=CC=CC=C1C(=O)NC1CCC2=CC=CC(Cl)=C21
CC1CN(CC2=CN=C3C=NC=CN23)C(C2=CC=CC=C2)CO1,FC1=CC=C(C2CN(CC3=CN=CN3)CCO2)C=C1
CCC(C)(C)NC(=O)C(C)OC1=CC=C(CC(C)[NH3+])N=C1,CC(OC1=CC=CN=C1)C(=O)NCCC1=CC=C(Cl)C=C1
N#CC1=CC=C(OCC(=O)NC2=CC=CC=C2N2CCC3=CC=CC=C32)C=C1,CC(C)(C)OC(=O)NCC(=O)NC1=CC(Cl)=CC=C1Cl
CC1=CC=C(CCN(C)CC[NH+]2CCCC2)C=C1,CC1=CC=C(CCNC(=O)N(C)CC2=CC=C(C)C=C2C)C=C1
CCOC1=CC=C(C[NH+]2CCCC(C(O)C3=NC=CN3C)C2)C=C1OC,CN1C(Cl)=CN=C1CN1C=NC=C1C(O)C1CC1
CC(O)CC(C)CNC(=O)NC(C)C1=CC=C(S(C)(=O)=O)C=C1,CC(NC(=O)CC1CCS(=O)(=O)C1)C1=CC=C(Cl)C=C1
CCC(C1=CC=CC=C1)C1N=NC(=NC(=O)NC2=CC=C(OC)C=C2)S1,COC1=CC=C(NC(=O)CCC2=CC=C(C(F)(F)F)C=C2)C=C1
CC1=CC=CC=C1C1CC(C)N(C(=O)C2=CC=C(N3C=CN=N3)C=C2)C1,CC1=CC=CC=C1C(=O)N1CCCC1C(=O)NC1=CC=CC=C1O
CN1N=C(CNC(=O)NC2=CC=CC=C2C(F)(F)F)C=C1C1=CC=NC=C1,CN1N=CC(Cl)=C1C(=O)NC1=CC=C(Cl)C=C1
CCNC(=O)N1CCC([NH2+]C(C)CC(=O)NC2=CC=CC(F)=C2)C1,CCC(C)N(C)C(=O)NC1=CC=C(N2CCOCC2)C(F)=C1
CC(C)(CNC(=O)NCC1=CC=C(OC2CCCC2)N=C1)N1CCOCC1,CN(CC1CC1)C(=O)NCC1=CC=C(OC2=CC=C(F)C=C2)N=C1
COC1=CC=C(F)C(NC(=O)C(=O)NCC(O)C2=CC=CO2)=C1,O=C([O-])C1=CC=C(CNC(=O)C2=CC=CC=C2Br)O1
C[NH+](C)CC1CSCCCN1C(=O)C1CCN(S(C)(=O)=O)CC1,COC1=CC=C(C(=O)N2CCCC2CC(=O)NC2=CC=CC=C2)C=C1
CC1=CC=CC=C1CS(=O)(=O)N1CCCC(C(=O)NC2=CC=C(Br)C=C2F)C1,CC1=CC=CC=C1CS(=O)(=O)NC1CCCN(C2=CC=CC=C2)C1=O
CC1=NN(CC(C)CNC(=O)NCC2=CC3=CC=CC=C3O2)C(C)=C1,CC1=NN(CC(C)CNC(=O)N(C)C2CCCC(C)C2)C(C)=C1
CC1=CC=CC=C1CNC(=O)C1CCCN(S(=O)(=O)CC2=CC=C(Cl)C=C2)C1,CC1=CC(C)=C(C(=O)NC2CCN(S(C)(=O)=O)CC2)C(C)=C1
CC1=C(C2=NC(C3=CC=C(C#N)C=N3)=NO2)SC(C2CCCC2)=N1,CC1=C(C(C)[NH2+]C2CCCC2)SC(C2CCCC2)=N1
CC1=CC(F)=CC=C1CCNCC1=CN2C=CC=CC2=[NH+]1,COC1=CC=C(CCNC(=O)N2CCCCC2C#N)C=C1F
C[NH2+]C(COC(C)C)C1=NC=CC=N1,CC1=C(C(=O)NC(C)COC2=CC=CC=C2)OC(Br)=C1
CC1CCCCC1NC(=S)N1CCOCC1,CC1CCCC(C(=O)[O-])C1NC(=O)CC1=CC=C(Cl)C=C1
C=C(C)COC1=CC=C2NC(C3=CC=C(O)C=C3)C3CC=CC3C2=C1,COC1=CC=C(CNC(=O)C2=CC=C3NC(=O)CCC3=C2)C=C1
CC(=O)CCC1=CC=C(OCC(=O)N2CCOC3CCCCC32)C=C1,O=C(COC1=CC=C(Br)C=C1)NC1CCCCC1
COC1=CC=C(OC)C(N2CC(=O)C(C3=NC4=CC=CC=C4S3)=C2N)=C1,COC1=CC=C(OC)C(C2CCC(=O)N2CC2=NNC=C2)=C1
CCC(O)C1(C#N)CCCC(C)C1,CC(CC1=CC=C(Cl)C=C1)C(=O)NC1(C#N)CCC1
COC1=CC=CC=C1SC(C#N)CC1=CC=C(C)C=C1,COC1=CC=C(CC(C#N)C(C)(C)O)C=C1
O=C(NC1CCS(=O)(=O)C1)C1=CC=C(CNS(=O)(=O)C2=CC=CC=C2)C=C1,O=C(NCC1=CC=C(C(=O)N2CCCC2)C=C1)C1CCCCC1
COC1=CC=CC2=C1OC(=O)C(C(=O)NCC1CCN(C(=O)NC(C)(C)C)CC1)=C2,CC1=CC(C(=O)N2CCC(CNC(=O)C(C)(C)C)CC2)=C(C)N1C
CC1=CC=C2C(=C1)C(=O)C(C(=O)NC1=CC=C(Cl)C=C1Cl)=NN2C,CNC1=CC=CC=C1C(=O)NC1=CC=C(Cl)C=C1C
CCCCN1N=CC=C1NC(=O)C1=NN(C2=CC=CC(Cl)=C2)C=C1,CCCCN1N=CC(C(=O)NC2=CC(Cl)=CC=N2)=C1C(F)(F)F
COC1=CC=CC=C1C(NCC1=CC=C(C)S1)C1=[NH+]C=CN1C,COC1=CC(C)=C(C(=O)NCC2=CC=C(C)S2)C=C1OC
CC(=O)NC(CC(=O)NC(C(N)=O)C(C)(C)C)C1=C(F)C=CC=C1F,CC(C)(C)C(NC(=O)C1CCCO1)C1=CC=CC=C1F
C=CCNC(=O)C1=CC=CC=C1NC(=O)C1CC(C2=CC=CC(F)=C2)=NO1,O=C(NC1=CC=CC=C1F)C1=CC=CC(NC(=O)C2CC2)=C1
CN1CCC[NH+](CC2=CC(Cl)=CC=C2N)CC1,CC(C)C1C[NH+](CC2=CC=CC(Cl)=C2)CCCN1
CC(C)(C)C(=O)N1CCCCC1C1CCCCC1=O,O=C1CCCCC1C1CCCCN1C(=O)C1=CC(=O)NC2=CC=CC=C12
CC1=CSC(NC2=NC(=O)CS2)=N1,CC1=CSC(NC(=O)C2=CC=CC=C2N2CCCCC2=O)=N1
CC1CC2=CC=CC=C2N1CC(=O)NC1=CC(C(F)(F)F)=CC=C1N1C=NC=N1,CC1=CC=C(C(C)NC(=O)CN2N=C(C)C(C)=C2C)S1
NC(=O)C1=CC=C(NC(=O)C2=CC=CN(CC3=CC=C(F)C=C3)C2=O)C=C1,NC(=O)C1=CC=C(NC(=O)C2(C3=CC=C(F)C=C3)CCC2)C(F)=C1
CCC1=NN(C2=CC(F)=C(F)C(F)=C2)C(=O)C1,CC1=CC=C(CC2=NN(C3=CC=C4OCOC4=C3)C(O)C2)C=C1
N#CC(COC(=O)C1=CC=CC(Br)=C1)CC1=CC=CS1,CC(CC1=CC=CS1)NC(=O)C1=CC=CC(Br)=C1
CCOC1=CC(NC(=O)C2C=CC([NH3+])C2)=CC=C1OC,CCOC1=CC=C(NC(=O)C23CC4CC(CC(C4)C2)C3)C=C1
CN(CC1=NC=CN1CC(F)(F)F)S(=O)(=O)C1=CC=C(C(F)(F)F)C=C1,CN(CC1=NC=CN1CC(F)(F)F)C1CCS(=O)(=O)C1
O=C1CC(C2=NC(C3=CC=CN=C3)=NO2)CN1C1=CC=CC(Cl)=C1,O=C1CC(C2CCC(=O)N(C3=CC=CC(O)=C3)C2)CN1CC1=CC=C(Cl)C=C1
CC(C)CC(C(=O)NC1CC(=O)N(C2CC2)C1)N1CCCCC1=O,CC1=CC=C(N2CC(NC(=O)C3CC(C)OC(C)C3)CC2=O)C=C1
CC(=O)NC(C)C1=NC2=CC=CC=C2N1CCOC1=CC=C(C)C(C)=C1,CCOC1=CC=C(C(=O)NC2=CC=C(C)C(C)=C2)C=C1
COC1=CC=C(NC(=O)C2=NNC3=CC=CC(Cl)=C23)C=C1OC,COC1=CC=C(NC(=O)C2CC(C)OC(C)C2)C=C1OC
CCC(C)SC1=NN=CN1C1=CC=CC=C1C,CCC(C)NC(=O)C1=C(C)N(C2=CC=CC=C2Br)N=C1
CC1CC1C(=O)NC1=CC=C(F)C=C1C(=O)NC1CCC(O)CC1,O=C(NC1CCCCC1)C1=CC=C(N2CCCC2=O)C=C1
COC1=CC=C(CN2C(=O)C3=CC=CC=C3CC2(C)C(=O)NC2CCCCCCC2)C=C1,COC1=CC=C(CN2CC(C)C3=CC=CC=C3C2=O)C=C1
CCOC(=O)C(F)C1(O)CCC[NH+](C(C)C)CC1,CC(CC(=O)N1CCC[NH+](C(C)C)CC1)C1=CC=CC=C1
CCN(C(=O)C1=NNC(C)=N1)C1CCC[NH2+]C1,CCN(C(=O)NC1=NC=NN1C)C1CC(=O)N(C2=CC=CC=C2)C1
CCCS(=O)(=O)C1=CC=C(NCC2=C(N)NN=C2)C=C1,CCS(=O)(=O)C1=CC=C(NCC2=CN(C)N=C2)C=C1
CC1=CC(Cl)=CC=C1NCC1=C(C)N(C)N(C2=CC=CC=C2)C1=O,CC1=CC(Cl)=CC=C1NCC1=NN=NN1C1=CC=CC=C1
FC1=CC=CC(C(NCC2=C(Cl)SN=N2)C2=CC=CC=C2)=C1,O=C(NCCC1=CC=CC(Cl)=C1)C1=CC=CN=C1
COC1=CC=C(C2=NOC(C[NH+]3CCCCC3C(=O)[O-])=N2)C=C1OC,COC1=CC=CC(C2=NOC(C[NH+]3CCCCC3C)=N2)=C1
FC1=CC=C(F)C(C[NH+]2CCC(N3C=C(C4=CC=CN=C4)N=N3)CC2)=C1F,FC1=CC(Cl)=CC=C1C[NH+]1CCCC(N2C=CN=C2)C1
COC1=CC=CC(NC(=O)C2CCCN(S(=O)(=O)C3=CC=C(NC(C)=O)C=C3)C2)=C1,COC1=CC=CC(NC(=O)C2CC(=O)N(C3=CC=CC(Cl)=C3)C2)=C1
CC1=CC(=O)C(OCC(=O)NC2=NC(C3=CC=CN=C3)=CS2)=CN1,CC(C)CC(C)(C)C(=O)NC1=NC(C2=CC=CN=C2)=CS1
CC(CC1CCCCC[NH2+]1)[NH2+]CC(C)(C)C,CC(CC1CCCCC[NH2+]1)NC1=CC=C2N=CC=NC2=C1
CC(CC1=CC=CC=N1)N1C=NC2=C(F)C=CC=C2C1=O,CC(CC1=CC=CC=N1)NC(=O)C1(C#N)CCOCC1
CN(CCC1=CC=CS1)C(=O)C1CC1C1=CC=CC=C1C(F)(F)F,CN(CCC1=CC=CS1)C(=O)NC1=CC=CC=N1
CC1=C(C(C)NC(=O)C2=C(Cl)C3=CC=CC=C3N2)C=NN1C,CC1=C(C(=O)NC(C)C2=C(C)N(C)N=C2)C=CO1
C[NH+](C)C1CCC(NC(=O)C2=CC=C3C(=C2)CCCN3S(C)(=O)=O)C1,CCS(=O)(=O)N1CCCC2=CC(C(=O)NC3CC3)=CC=C21
CC1CN(C2=CC3=C(C=C2Br)C(=O)C(=O)N3)CC(C)S1,CC1CN(C(=O)NCC2=CC=C(N3CCSCC3)C=C2)CC(C)S1
CCN(CC(=O)N1CCC2=CC=CC=C2C1)S(=O)(=O)C1=CC(F)=CC=C1OC,COC1=CC=CC=C1C(C)NC(=O)CC1=CC=CC=C1
CC1=CC(Cl)=C(NC(=O)C(=O)NC2CCC(O)CC2)C=C1Cl,CC1=CC(Cl)=CC=C1NC(=O)C1CC(=O)N(CC(F)(F)F)C1
CC(OC1=CC=CC(Cl)=C1)C(=O)N1CCC(CC2=CC=CC=C2)CC1,CC(OC1=CC=CC(Cl)=C1)C(=O)N1CCC(C(N)=O)C1
CC(O)CCNC(=O)NCC(C)OC1=CC=CC(Cl)=C1,CC(CNC(=O)C1=CC=C(Br)O1)OC1=CC=C(F)C=C1
CC1(C)C2=C(CC3C(=O)N(CC4=CC=CC=C4Cl)CC(=O)N31)C1=CC=CC=C1N2,CCC(CC)CC(=O)N1CCC2=C(C1)NC1=CC=CC=C21
CCN1C=NN=C1SC1CC(C)OC1=O,CC1OCCC1C(=O)NCC1=NC=CN1CC1=CC=CC=C1
CC1CCC(C(=O)[O-])C2C(=O)N(C3=CC=CC=C3)C(=O)C12,CC(C(=O)[O-])C1(C(=O)NC2CCCC3=CC=C(F)C=C32)CC1
CCN1C(C)=CC(CNCC[NH+]2CCCCC2)=C1C,CCN1C=C(CNCC2=CC(Cl)=C3OCOC3=C2)C=C1C
CCCCC(NC(N)=O)C(=O)NC1=CC(OC)=CC=C1F,COC1=CC=C(F)C(NC(=O)C2=C(Br)C=CS2)=C1
COC1=CC=C(Cl)C=C1NC(=O)C1=CC2=CC=CC=C2O1,O=C(NC1=CC(Cl)=CC=C1Cl)C1=CC=C(Br)O1
CCC([NH2+]CCCC(C)(C)C)C1=CN(C)N=C1,CCC([NH2+]CC1CCCCO1)C1=CN(C)N=C1C
CC1CCCC(C(=O)OC(C)C2CCCO2)C1,CC(C)C1CCC(C(=O)NC(C(=O)N2C=CC=N2)C(C)C)CC1
CCCCNC(=O)C(C)N1CCN(CC(=O)N2CCCCC2C)CC1,CC1CCCCN1C(=O)CN1CCN(C(=O)CC2=CC=CN2)CC1
[NH3+]C1CCCC(N2C=C(C(F)(F)F)C=N2)C1,CC1=CC(C(=O)NC2=C(C(F)(F)F)N=C(C)S2)=C(C)O1
CC(=CC(=O)NC(C)C1=C(C)ON=C1C)C1=CC=CC=C1OC(F)F,CC1=NOC(C)=C1C(=O)NC1=CC(Cl)=CC=C1OC(F)F
CC1=NOC(C)=C1COC1=CC=C(C(=O)NC(C)C2=C(C)ON=C2C)C=C1,CC1=NOC(C)=C1COC1=CC=C(C(C)O)C=C1
N#CC1=CC=C(NCC(O)COC2=CC=C(I)C=C2)N=C1,N#CC1=CC=C(NCC(O)C2=CC=C(Cl)C=C2)N=C1
CC1=NN(S(=O)(=O)C2=CC=C(F)C=C2)C(C)=C1S(=O)(=O)N1CCC(C)CC1,CC1=CC(C)=NC(N2CCC(C(=O)NC3CCCCC3C)CC2)=N1
CC1=CC=C(N=C2COCCN2)C=C1,CC1=CC=C(NC2=NC=NC(N3CCCCC3)=C2N)C=C1
C[NH+](CC(=O)NC(C)(C)C)C1CCC2(CC1)OCCO2,CC(C)(C)NC(=O)C1CCN(C(=O)C2=CC=CC=C2F)CC1
CCC(=O)N1C2=CC=C(S(=O)(=O)CCC(=O)NCC3=CC=C(Cl)C=C3)C=C2CC1C,CCC(=O)N1C2=CC=C(S(=O)(=O)NC(C)(C)C)C=C2CC1C
COC1=CC=C(OCC(=O)N2CC(OCC3=CC=C(Cl)C=C3)C2)C=C1,COC1=CC=C(COC2CN(C(=O)C3=CC=C(O)C=C3)C2)C=C1
C1=CC=C(C2=CC=C(NCC3=CC=C4OCOC4=C3)N=N2)C=C1,O=C(NCC1=CC=C2OCOC2=C1)NCC1=CC=C2OCOC2=C1
CC(C)C(=O)NCC1CCCN(S(=O)(=O)CCC2CC2)C1,CC(C)C(C(=O)NCCC1=CC=CC=C1)N1C=NC(C#N)=N1
CC1N=C(CCNC(=O)CCC2=C3C=CC=CC3=[NH+]C2)CS1,CC(C)C(=O)NCCC(=O)N1CCN(C2=CC=CC=C2)CC1
CC(=O)N1CN(CCC2=CCCCC2)CC2=C1SC1=C2CCCC1,CC(=O)NCC1=NC2=CC=CC=C2N1CC(=O)NC(C)(C)C
NC1=CC(Cl)=C(Cl)C=C1NCC1CCCCC1O,O=C(COC1CCCCC1)NC1=CC(Cl)=CC=C1Cl
CC1=NN2CC([NH2+]CC(O)CN(C)CC3=CC=CC=C3)CCC2=N1,CC1=CC=CC=C1CN(C)C(=O)CNC(=O)C1=CC=CC=C1C
COC1=CC=C(C2=NC(CN3CCNC(=O)C3)=C(C)O2)C2=CC=CC=C12,CCOC1=CC=CC=C1C1=CN=C(C[NH+]2CCCC(C)C2)O1
C=CCN(C(=O)CC=CC1=CC=C(C)C=C1)C1CCS(=O)(=O)C1,CC1=CC=C(C=CCC(=O)NC2=CC(C)=CC(C)=C2)C=C1
CN(CC1=NOC(C2CC2)=N1)C1CCN(CC2=NN=NN2C2CC2)C1,CC1=CC=C(NC(=O)N(CC2=CC=CC(N3CCCC3)=C2)C2CCCCC2)C=C1
CC1=CC=C(C=CC(=O)N2CCC3(CC2)OCCO3)O1,CC1=C(C(=O)N2CCC(C(=O)NC3CCC4(CC3)OCCO4)CC2)C=CO1
CC1CCCCN1C(=O)CSC1=NN=C(C2=CC=CN=C2)N1C1CCCCC1,COC1=CC=C(C2CCCN2C(=O)C2=CC(Cl)=CN2)C=C1
CC(C(=O)N1CCOCC1)[NH+]1CCN(CC2=CC=C3OCOC3=C2)CC1,NC(=O)C(C1=CC=C2OCCOC2=C1)N1CCOCC1
COC1=CC=C(C(C)(C)C)C=C1NC(=O)CC(NC(N)=O)C1=CC=CC=C1F,CN(C)C(=O)C1=NN=CN1CC(=O)NC1=CC=CC=C1C(C)(C)C
CN1N=CC2=C1CCCC2NC(=O)NCC(O)COC1=CC=C(F)C=C1,CC1=C(C(=O)NC2CCCC3=C2C=NN3C)SC(C(C)C)=N1
CC1=CC=C(C2=NC(C[NH+]3CCCCC3C3=CC=CN=C3)=C(C)O2)S1,CC1=CSC(C[NH+]2CCC(C3=CN(C)N=C3C3=CC=CC=C3)CC2)=N1
CC1=CC(F)=CC=C1CCNC(=O)CC1=CNC2=C(C)C=CC=C12,CC1=CC(F)=CC=C1CCNC(=O)C1=CSN=N1
C=C(C)CN1C=CC(C2=CSC=C2)=N1,CC1=CC=CC(C2=NN(CC(=O)NCC(C)C)C=C2Br)=C1
CCOC1=CC(NC(=O)NCC(C)[NH+]2CCCC(C)C2)=CC=C1OC,CCC1=CC=C(C(=O)NCC2=CC=C(C(=O)[O-])C=C2)C=C1
COC1CCCC(OC(=O)CCC2=C(C)N(C)N=C2C)C1,COC1=CC=C(CCC(=O)NC2=CC(Cl)=CC=N2)C=C1
CC(C)(C)OC(=O)N1CCCC(COS(C)(=O)=O)C1,O=C(NC1=CC=CC(F)=C1)C1CCCN(C(=O)CC2CCC2)C1
CCOC(=O)C1CCCN(C(=O)C2=CN(CCC3=CC=CC=C3)N=N2)C1,CC(C)CNC(=O)C1CCCN(C(=O)C2=CC=CC=C2F)C1
CC1=CC(C[NH+]2CCC(CNS(=O)(=O)C3=CC=C(C)C(C)=C3)CC2)=C(C)O1,CCC1=CC=C(C[NH+]2CC(C)CCC2C)C=C1
CCC([NH3+])C(C1=CC(Br)=CS1)N(C)CCS(C)(=O)=O,CCC(C([NH3+])C1=CSC=C1Br)N(C)C1=CC=CC=C1
CCC1=NN=CN1CC[NH2+]C(C)CN1C=[NH+]C(C)=C1C,CC1=CN(CC(C)CNC(=O)N2CC3CCCCC3C2)C=[NH+]1
CCC[NH2+]C1CCC(C)CC1C[NH+]1CCC(CC)(CC)C1,CCC1(CC)CCC[NH+](CC2=C(C)N(C3=CC=CC=C3)N=C2)C1
O=S(CC1=CSC(C2=CC=C(F)C=C2)=N1)C1=CC=CC(F)=C1,CC(NC(=O)CS(=O)CC1=CC=CC(F)=C1)C1=CC=CC(F)=C1
CCCC([NH2+]C1CCN(C(=O)NC2CCCCC2)CC1)C1CC1,CCCC([NH2+]C1=CN=CC=N1)C(=O)N1CCC2CCCC2C1
O=C(NC1CC1)C1CCC[NH+](C2CCN(C(=O)C3=CC=CN3)CC2)C1,CC1CCN(C(=O)C2CC[NH+](CC3=CC=CC=C3N(C)C)CC2)CC1
CCC(CC)C(=O)N1CCC(NC(=O)NC2=CC=C(OC)C=C2Cl)CC1,CCC(C(=O)N1CCCCC1CC(C)O)C1=CC=CC=C1
CCC(CC)N1N=CC=C1C(=O)OC(C)C1CCCO1,CC(NC(=O)NC1=NC=CC=C1Cl)C1=CC=CC=C1
CCN(CC)C(=O)CN(C1=CC=CC=C1)S(=O)(=O)C1=CC=C(C)C=C1,CCN(C1=CC=C(O)C=C1)S(=O)(=O)C1=CC=C(C)C=C1
COC1=CC=C(CC[NH2+]C(C)C2=CC=C(C)C=C2)C=C1S(N)(=O)=O,COC1=CC(C(C)[NH2+]CC2=CC(C)=CC=C2C)=CC2=C1OCO2
O=C(C1=CC=C(Br)C=C1)C(O)C1=CNC2=CC=CC=C12,O=C(CC(O)C1=CNC2=CC=CC=C12)N1CCOCC1
CC(=O)NC1=CC=C(CN2CC[NH+](C3CCCC3)C(CCO)C2)C=C1,CC(=O)NC1=CC=C(CN2N=C(C(C)C)C=C2C)C=C1
CC(OCC1=CC=CC=C1)C(=O)NC1=C(C(=O)NC2CC2)C2=C(CCC2)S1,O=C(NC1C2CC3CC(C2)CC1C3)C1=CC=C(C2=CC=CC=C2)O1
COC1=CC=C(C2=CC(=O)N(CC(=O)NCC3=CC=CC=N3)C=N2)C=C1,COC1=CC=CC=C1CC(=O)NCC1=CC=CC=N1
CCC(C)[NH2+]CCC1=NNC(C2=CC=CO2)=N1,CC([NH2+]CC1=NNC(C2=CC=CO2)=N1)C(C)(C)C
CCN1N=CC(C[NH2+]C)=C1C1CC1,CCN1C=C(C[NH2+]CC2=CC(F)=CC=C2F)C=N1
CCC1=NC(CN2CC[NH+](CC3=CC(Cl)=C(OC)C(OC)=C3)CC2)=NO1,CCC1=NOC(CN2CC[NH+](CC3=CC=C(F)C(F)=C3)CC2)=N1
ClC1=CC=CC=C1CN1C=CN=C1,O=C(NC1=CN(CC2CCCO2)N=C1)C1=CC=CC(Cl)=C1Cl
CC(=CC1=CC=C(F)C=C1)C(=O)NCC1=CC=CC(OCC(F)F)=N1,O=C(NCC(F)(F)F)C1=CC=CC(OCC2=CC=C(F)C=C2)=N1
ClC1=CC=CC(C2=CC=C(C[NH2+]CC3=CC=C4OCOC4=C3)O2)=C1,FC1=CC(C[NH2+]CC2=CC=C3OCOC3=C2)=CC=C1Cl
CC1=NN2CC([NH2+]CC3=CN(C4=CC=CC=C4)N=N3)CCC2=N1,FC(F)(F)C1=CC=CC=C1C[NH2+]CC1=NN2CCCCC2=N1
COCCN1C(=O)C2=CC=CC=C2C(C(=O)[O-])C1C1=[NH+]C=CN1C,COCCN1CC2=C([NH+]=CN2)C(C(=O)[O-])(C2=CC=CC=C2Br)C1
O=C(NCC1CCS(=O)(=O)C1)N1CCCC([NH+]2CCCC2)C1,O=C(NCC1CCS(=O)(=O)C1)N1CCC(C2=CC=CC=C2)CC1
O=C(CC(O)C1=CC=CC(F)=C1)NC1=CC(F)=CC=C1O,O=C(CC(O)C1=CC=CC(F)=C1)NC1=CC(F)=CC=C1Cl
CCCC(C)(CO)NC(=O)NC1=CC=C(N2CCC3=C(C=CS3)C2)C=C1,CC1=CC=C(C(=O)NC2=CC=C(N3CCCCC3=O)C=C2)C=C1
CC(O)C[NH+](C(C)C)C1CC(C)OC(C)C1,CC1CC(C(=O)NC(C)C2=CC3=CC=CC=C3O2)CC(C)O1
OC(CCC1CC2=CC=CC=C21)C1CC1,O=C(NCCC1=CC=C(Cl)C=C1)C1C=C(C2=CC=CN=C2)N=N1
CC(C)(C)OC(=O)N1CCCC(C(=O)NC2CCCN(S(=O)(=O)C3=CC=C(F)C=C3F)C2)C1,COC(=O)NC1CCCN(S(=O)(=O)C2=CC=C(F)C=C2F)C1
CCC1=C(NC(=O)C2=CC3=CC=CC(F)=C3O2)C(C)=NO1,CCC1=C(NC(=O)C(CC)C2=CC=CC=C2)C(C)=NO1
CC(O)CC(C)CNC(=O)NCC1=CC=C(N2C=CN=C2)C=C1,CC(C)CCC(=O)NC1=CC=C(N2C=CN=C2)C=C1
C=C(C)C(=O)NC(C)C1=NC2=CC=CC=C2N1CCC(=O)N1CCCCCC1,O=C(NCCC(=O)N1CCCCCC1)C1=CC2=CC=CC(Cl)=C2O1
O=C(NCCCN1N=CC=CC1=O)C1CC(=O)N(C2=CC=CC=C2)C1,CC1=CC=C(N2CC(C(=O)NC(C)C3=CC=CC=C3C)CC2=O)C=C1
CCCCC(C)NC(=O)C1CCC[NH2+]C1C,CC(C)C(C)NC(=O)C1CCCCN1C(=O)C1=CC=C(F)C=C1
CCCC(C)C(=O)N1CCC2(CC1)OCC(C)O2,CCCC(C)C(=O)N1CCC(C(=O)NC2=NN=C(C)S2)CC1
CN1N=C(NC(=O)C2=CC=CC(F)=C2)C2=C1NC(=O)CC2C1=CC=CC=C1,CC1=CC=C(C2CC(=O)NC3=C2C(NC(=O)C(C)(C)C)=NN3C)C=C1
CCOC(=O)CCCS(=O)(=O)N1CCCN(C)C2=CC=C(F)C=C21,COC1=CC=C(CC(=O)N2C3=CC(F)=CC=C3NC(=O)CC2C)C=C1
C#CC(C)(C)NC(=O)C1=CC=C(OC)C(O)=C1,COC1=CC(C(=O)NCC2=CC=C(C)C=C2)=CC(OC)=C1C
[NH3+]CC1CCC(C(=O)N(CC2CCCO2)C2CCSC2)O1,O=C(NCC1CCCO1)C1=CC=CC=C1N1CCC(N2C=CC=C2)C1
CCS(=O)(=O)CCC(CCl)C1=CC=CC(Br)=C1,CCC(CC)NC(=O)C1=CC(Br)=C2C=CC=CC2=C1
COC1=CC=CC(C2CCCN2C(=O)C2=CC=CC=C2I)=C1,COC1=CC=C(C2CCCN2C(=O)NC2CCC(SC)C2)C=C1
FC1=CC=C2CCC([NH2+]C3CC[NH+](CCN4CCOCC4)CC3)C2=C1,FC1=CC=C(C[NH2+]C2CCCC3=CC=C(F)C=C32)C=C1
CN(C(=O)CCNS(C)(=O)=O)C1CCCCC1,O=C(C1=CC=CC(=O)N1)N(C1CCCC1)C1CCCC(C(F)(F)F)C1
CC(=O)NC1=CC=C(S(=O)(=O)NCCOC2=CC=CC=C2)C=C1,O=C(COC1=CC=CC=C1F)NC1=CC=C(Br)C=C1
COCCCNC(=O)C1CN(C(=O)C2=CC=CS2)CC12CCCCC2,O=C(NCC(=O)N1CCN(C(=O)C2=CC=CC=C2)CC1)C1=CC=CS1
O=S(=O)(C1=CC(Cl)=C(Cl)S1)N1CCN(C2=CC(C(F)(F)F)=CC=[NH+]2)CC1,O=C(NCC(F)(F)F)N1CCN(C2=CC=[NH+]C=C2Cl)CC1
O=C(C1=CC2=CC=CC(Cl)=C2O1)N1CCC(C(O)C2=CC=CC=C2)CC1,O=C(NC1=CC=C(Cl)C=C1)C1CCN(C(=O)CO)CC1
CC1CCCN(C(=O)C2C(C)(C)C2(C)C)C1C[NH3+],CC1CCC(C)N(C(=O)C2CCCCN2C(=O)CC2=CC=CN2)C1
CCCC(NC(=O)C1CC(C)OC(C)C1)C(=O)OC,CC1CC(C(=O)NCCC2=C(F)C=CC=C2F)CC(C)O1
COC1=CC=C(C=C2SC(=O)N(CC(=O)NC3=CC=C(F)C=C3)C2=O)C=C1OC,CCC(C)CN(C)C(=O)C1=CC=C2SCC(=O)NC2=C1
O=C(NCC1=CC=C2OCCCOC2=C1)C1CCCN1C(=O)C1=CC(Cl)=CC(Cl)=C1,CN(C(=O)NCC1=CC=CC(CN2C=NC=N2)=C1)C1CCCCC1
CCOC(=O)C1=C(C)N=C2SCCC(=O)N2C1C1=CC=C(Br)C=C1,CC(=O)C(C)SCC1=NC2=CC=CC=C2C(=O)N1
O=C(NCC(O)CN1CCCC1=O)NC1=CC=CC(F)=C1,O=C(NC1=CC=CC(F)=C1)C1(C2=CC=CC(F)=C2)CCOCC1
CC1=CN=C2C(S(=O)(=O)N(CC3=CC=CO3)C3CC3)=CC=CC2=C1,CC1=CN=CC(C(=O)N(CC2=CC=CO2)C2CC[NH+](C)CC2)=C1
CCC[NH2+]C1CCCC1CC[NH+]1CCCC(C)(C)CC1,CC=C(CC1CCCC[NH+]1CCC)C1=CC=CC=C1Cl
CCC1=CC=C(CN(C)C(=O)C2=CC3=CC=CC=C3N2)C=C1,CCC1=CC=C(CNC(=O)N(C)C2CCCCC2)C=C1
CN1C=C(N2CCC(NC(=O)CCSC3=CC=CC=N3)C2=O)C=N1,CN1C=C(Cl)C(NC(=O)C2=CC=C(Cl)C=C2)=N1
CC(C)CC(O)CNC(=O)NC1=CC=CC=C1C(=O)N1CC(C)CC(C)C1,CC(C)C(=O)NC1=CC=CC=C1C(=O)N1CCC(C)C(C)C1
CCC(C(=O)NNC(=O)CC(O)C1=CC=CC(F)=C1)C1=CC=CC=C1,O=C(NCC(=O)N1CCCC1C1=CC=CC(F)=C1)N1CCCCCC1
COC(=O)C(C)(C)C(C)(C)[NH2+]C1CCCC1,COC1=CC=C(C(C)[NH2+]C2CCCCC2(C)C)C=C1F
CCC1CC(C)CCC1[NH2+]CCCN1CCCC1=O,CCC1C2=CC=CC=C2CCC1[NH2+]CCN1C(=O)CCC1=O
CC(C)CC(NC(=O)C1=CC=C(N2C=NN=N2)C=C1)C1=NC=NN1C,CC(C)CC(C)(C)C(=O)NC(C)C1=CC=C(Cl)C=C1
CC1=CC=CC=C1C(C)(C)CNC(=O)NCC(O)C1CCOCC1,CC1=C(C(=O)NCC2CCOC2)C=CC=C1C(F)(F)F
CCC(C)(C)NC(=O)C1=CC=C(S(=O)(=O)[N-]C2=CC=CC=C2Cl)C=C1,CCC(C)NS(=O)(=O)C1=C(F)C=CC=C1Br
O=C(COC1=CC(Cl)=C(Cl)C=C1Cl)N1CCN(C(=O)NC2=CC=CC=C2)CC1,COC1=CC=C(NC(=O)N2CCC(C)C(O)C2)C=C1Cl
COC1=CC(OC)=C(C[NH+]2CCC(C(O)C3=CC=C(F)C=C3)CC2)C(OC)=C1,COC1=CC=C(C(O)C2=NC(C3CC3)=CS2)C=C1F
CC1=CC=C(CN2N=CC3=C(N)N=CN=C32)C=C1,CC(C)C1CCC(NC2=NC=NC3=C2C=NN3)CC1
CCC(C)(NC(=O)C(C)(N)C1=CC=CC=C1)C(=O)[O-],CCC(C)(NC(=O)C1=C(Cl)C=CC=C1Cl)C(=O)[O-]
CCOC(=O)C1CCC(NC(=O)C(C)([NH3+])CC)CC1,CCOC1CCCCC1NC(=O)C1=C(C)C=CC=C1C
CC1(C)C2CCC1(CS(=O)(=O)NCCCO)C(=O)C2,CC(C)(C)CC(=O)CC1=CC=CC=C1CC(=O)N1CCCC(O)C1
CCCCN1C(C)=C(CC(=O)N2CCC(COC)CC2)C2=C1CCCC2=O,COCCN1C(C)=C(CC(=O)N2CCC(C)C(O)C2)C2=C1CCCC2=O
COC1=CC(C[NH2+]C2CC3CCC2(C)C3(C)C)=CC=C1OCC(N)=O,CC1(C)C2CCC1(C)C([NH2+]CC1=CC=C(N3CCOCC3)C=C1)C2
CC1=C(CC[NH+]2CCCC(C(N)=O)C2)C(C)(C)CCC1,CC(C)(C)C(=O)C[NH+]1CCCCC1C(=O)N1CC2=CC=CC=C2C1
CC1=NC(CCC[NH+]2CCCC2C(N)=O)=CS1,CC1=NC(C[NH+]2CCCN(C(=O)CC3=C(C)N=C(C)S3)CC2)=CS1
CCOC(=O)C1=C(N)N(C(=O)OCC)N=C1,CC1CCCCN1C(=O)C1=NNC(NC(=O)OCC2=CC=CC=C2)=C1
CCCN1CC(=O)N2C(CC3=C4C=CC=CC4=[NH+]C3C2C2=CC=CC=C2OC)C1=O,COC1=CC=C(C2CCCN2C(=O)C2=CC=C(Cl)C=C2O)C=C1
O=C(NC1=CC=CC=C1C(F)(F)F)NC(C1=CC=C(F)C=C1)C1CCCO1,COC1=CC=CC=C1C(=O)NC(C1=CC=CC=C1F)C1CC1
CC(C(=O)NC(C1=CC=CS1)C1=CC=CS1)N1C=CC=N1,CC(C(=O)NC(C1=CC=CC=C1)C(C)(C)C)N1C=C(Br)C=N1
CC1=CC(N(C)C)=CC=C1NC(=O)C1=CNC2=NC=CC(Cl)=C12,COC1=CC=CC=C1C(=O)NC1=CC=C(Br)C=C1
CC[NH2+]C1CCCCC1SCC(C)CO,CC(C)C(=O)NC1CCCCC1SC1=C(F)C=CC=C1F
CCC(C)C(=O)NC1=CC=CC(CNC(=O)C[NH+]2CCCCCC2)=C1,CCC(C)NC(=O)C1=CC=CC(CN2C=CC=N2)=C1
CC1=CC=C(C(C[NH3+])SC(C)CCO)C=C1,CC1=CC=C(C(C)NC(=O)C2=CC=C(C)C(S(C)(=O)=O)=C2)C=C1
CC1=NN(C)C(C)=C1CNC1CCC[NH2+]C1,CC1=NN(C)C(CNC(=O)N(C)C2CCOCC2)=C1C
COC1=CC=C(C)C=C1NC(=O)CNC1=CC=C(OC2CCCC2)C=C1,COC1=CC(C)=CC=C1NC(=O)CC1=CC=CC(C(F)(F)F)=C1
COC1=CC=C(OC)C(C2OC(COC3=CC=C4OCOC4=C3)=NN2C(C)=O)=C1,COC1=CC=C(C(=O)NCC2CC3=CC=CC=C3O2)C=C1
CC1CCC2=C(C1)SC(N=CC1C=NN=C1C1=CC=CC=C1)C2C#N,CC1CCCC(NC(=O)CC2CCCC3=CC=CC=C32)C1C
CC1=CC=CC=C1OCC(=O)OC(C)C1=NC=CS1,CC1=CC=CC=C1OCC(=O)NC1=CC=C(Cl)C=C1
CN1C=CN=C1COC(=O)CCC1=CC(Cl)=CC=C1Br,N#CC1=CC=CC(CNC(=O)C2=CC=C(Cl)C=C2Cl)=C1
CCNS(=O)(=O)C1=CC=C(Cl)C(N)=C1,CCS(=O)(=O)C1=CC=CC(NC(=O)C2=CC=C(Cl)C=C2)=C1
CC1=CC=C(N2C(=O)C3=C4CC(C(C)C)OCC4SC3=NC2=S)C=C1,CC1=CC23C(OCCC2C(C)C)C(=O)N(C2=CC=C4OCOC4=C2)C3C=C1
C[NH+](C)CC1=CC=C(CNC(=O)NC2CCCC(C(F)(F)F)C2)C=C1,CS(=O)C1CCC(NC(=O)NCC2=CC=C(Cl)C=C2)C1
COC1=CC=C(C(O)CNC(C)C2=CC=C(F)C=C2Cl)C=C1OC,COC1=CC=C(C(O)CC2=CC=C(F)C=C2Cl)C=C1OC
CC1=CC=C(C2CN(CCN3C(=O)C4=CC=CC=C4C3=O)CCO2)C(C)=C1,CC1=CC(F)=CC=C1NC(=O)CN1CCOC(C2=CC=CC=C2C)C1
CC1=CC=C(C(=O)C2CSCCS2)C=C1C,CC1=CC(C(F)(F)F)=CC=C1C(=O)NCC1CCOCC1
CC1=NN(C)C(NC(=O)NC(CC2=CC=CC=C2)C2=CC=CC=C2F)=C1,CC1=CC(NC(=O)NC(C)C2=CC=CC=C2Cl)=NN1C
O=C([O-])C1=CC(C2CC2)=NC2=C(C3=CC=C(Cl)C=C3)C=NN12,O=C([O-])C1=CC=C(C2=CC=C(O)C(Cl)=C2)C=C1O
CN1C=NC(S(=O)(=O)OC2=CC=C(Cl)C=C2Br)=C1,CCN(CC1=NC=CN1C)C(=O)CNC1=CC=C(C)C=C1C
C[NH2+]C(CC1=CSC(C)=N1)C(OC)OC,COC1=CC(C(O)CC2=NC(C)=CS2)=CC=C1Cl
CC(C)C1=CC(Br)=CC=C1OCC(=O)NC1=CC=C(C(=O)N2CCOCC2)C=C1,CNC(=O)COC1=CC=C(C(C)C)C=C1Br
CCN1N=C(C(C)C)C=C1C(=O)N1CCCC(OCC2=CC=CC=N2)C1,CCOC1CCCN(C(=O)C2=CNN=C2C2=CC=CC=C2F)C1
CC(C)C(C)[NH2+]C1CCOC2(CCCC2)C1,CC([NH2+]C1CCOC2(CCC2)C1)C1=CC=CC=C1Br
COC(=O)C1=CC(Br)=CC=C1NC(=O)C1=CC=C(Br)C=C1,CC1=CC=C(NC(=O)C2=CC=CC=C2C(=O)[O-])C(Br)=C1
O=C(NC1=CC=CC=C1)C1CCCN(C2=NN3C(C(F)(F)F)=NN=C3C=C2)C1,COC1=CC=CC(NC(=O)C2CCCN(C(=O)N3CCCCC3)C2)=C1
CC(=O)NC1=CC=C(NC(=O)C2=CC=C(CN3C=CN=C3)C=C2)C=C1,CC(=O)NC1=CC=C(CC2=CC=C(NC(C)=O)C=C2)C=C1
CCC(=O)N(CC1=CC=CO1)CC1=CC2=CC=C(C)C=C2NC1=O,CCCC(=O)N(C)CC1=CC2=CC=C(C)C=C2NC1=O
CC1=CC=C(C2NN3C(C)=NN=C3SC2C(=O)NCC2=CC=CO2)C=C1,CCN(CC)C(=O)C1SC(C2=CC=CC=C2)=NN2C(C)=NN=C12
CC1C[NH+](CCN2C(=O)NC(C)(C)C2=O)CC(C)S1,CC(C(=O)NC(C1CC1)C(C)(C)C)N1C=C(Br)C=N1
CC1SCCCC1(C[NH3+])N1CCC(C[NH+](C)C)CC1,CC1CCCCN1C(=O)C1([NH+](C)CC2=CC=CC=N2)CCSCC1
CCC1CCCC(C[NH3+])(C2(O)CCCCCC2)C1,CCC1CCC(C[NH3+])(C(O)C2=CC(F)=CC=C2F)CC1
CCCN1CCOC(C(=O)C2=CC(C)=CC=C2F)C1,CCCN1CCOC(C(=O)NC2=CC=CC(Br)=C2)C1
CC1(C)C2OCCCC2C1OC(=O)C1=CC=C(C2=CSC=N2)C=C1,COCC1=NC(C(=O)NC2CCCC(C)C2C)=CS1
CCCC(C)(CO)NC(=O)NC1=CN(CC2=CC=C(Cl)C=C2)N=C1,CCN(CC1=CC=C(Cl)C(Cl)=C1)C(=O)NC1=CNN=C1
[NH3+]C(CC(=O)[O-])C1=CC=CC2=CC=CC=C12,COC1=CC=CC(C(=O)NCC2=CC=CC=C2Cl)=C1OC
O=C(NC1CCCCC1)C1=C(N2C(=O)C3C4CCC(O4)C3C2=O)SC2=C1CCCC2,CN(CC1=NNC=C1C1=CC=C(F)C=C1)C1CCSC1=O
CN(CCC1CCCC1(N)C#N)CC[NH+]1CCCC1,CC1=C(CC(=O)NC2CCCC2(C)C#N)C(C2CC2)=NO1
CCCC1=CC(=O)N2C(=N1)SCC2CC(=O)NC1=CC=CC(Cl)=C1Cl,CCCC(=O)NC1=CC=C(Cl)C(N2CCCS2(=O)=O)=C1
CC1CC(N(C)CC(=O)N2CCOCC2)CC[NH+]1C,CC1CN(C(=O)NCC(=O)N2CCCC2C2=CC=CC=C2)CC(C)O1
CCCN(C(=O)C1CC=CC1)C1CCC2=CC=CC=C2C1,CCN(C(=O)C1C2CCC(C2)C1C(=O)NC)C1CCC2=CC=CC=C2C1
COC1=C(F)C=C(C([NH3+])CO)C=C1Cl,COC1=CC(C([NH3+])C2=CC=C(F)C(Br)=C2)=CC=C1Cl
CC1=CC=C(C23CCC(=O)N2CCC[NH2+]3)C=C1,COC1=CC=C(C2CCC(=O)N2CC2=CC=C(C)C=C2O)C=C1
CC1=CC=C(SC(=O)C(C)OC2=CC=C(F)C=C2)C=C1,CC1=CC=C(OC(C)C(=O)NC2=CC=C(F)C=C2)C=C1
CC(C)N1N=CC2=CC(NC(=O)CCC3=CC=CC=C3)=CN=C21,O=C(CCC1=CC=CC=C1)NC1=CC(Cl)=C2OCCOC2=C1
COCC(C)(O)C1(C#N)CCCC1,COCC(C)(NC(=O)C1=NC=C(Cl)N=C1C(F)(F)F)C1=CC=CC=C1
O=C(CCC1=NC2=CC=CC=C2C(=O)N1)NC1CCC2=CC=CC=C21,O=C(CCC1=NC2=CC=CC=C2C(=O)N1)N1CCCSCC1
CNC(=O)C1=CC=C(Cl)C(NC(=O)C2C=CC([NH3+])C2)=C1,CNC(=O)C1=CC=C(Cl)C(NC(=O)C2=CC=CC=N2)=C1
CCC(CCO)CNC(=O)C1=CC=C2NC(=O)COC2=C1,CCC(C)NC(=O)C1=CC=C2OC(=O)C(=O)NC2=C1
COC1=CC=C(OCC2=NC(C)=NO2)C(C=CC(=O)[O-])=C1,COC1=CC=C(C(=O)NC(C)(C)C)C(OCC2=NC(C)=NO2)=C1
O=C(C1=CC2=C(F)C=CC=C2N1)N(CC1CCCO1)C1=CC=NC=C1,O=C(NCC1CCCO1)C1=CC=C(F)C=C1Cl
CCC(CC)CNC(=O)NC1CCCC(S(C)(=O)=O)C1,CS(=O)(=O)C1CCCC(NC(=O)C2=CC=CC=C2C(F)(F)F)C1
CC1=CC=CC(OCC(O)CN2CC[NH+](C)CC2)=C1C,CC1=CC=CC(OCC(O)CN2CC(C)OC(C)C2)=C1C
CC1(C([NH3+])CC2=CC=CS2)CCCC1,CC([NH3+])C(C1=CC=CC=C1Br)C1(C#N)CCCC1
CC1(CO)C2=CC=CC=C2OC1N1N=NC2=CC=CC=C21,CC(C1=CC=C2OCCC2=C1)C(O)COC1=CC=CC=C1
CCSCCC(C)NC(=O)C1=CC=C2C(=C1)NC(=O)CN2CC,CC(C)OCC1=CC=CC(NC(=O)C2CC3CCC2O3)=C1
O=C(COC1=CC=C(I)C=C1)NCC1COC2=CC=CC=C2O1,O=C(COC1=CC=CC=C1)NCC1COC2=CC=CC=C2O1
CC(CN(C)C(=O)C1=CC=C(F)C(F)=C1F)C(=O)[O-],CN(CC(C)(C[NH3+])C1=CC=CC=C1)C(=O)C1=CC=CC(F)=C1F
CC(CC(=O)N1CCC(C(=O)[O-])CC1)N1C(=O)C2=CC=CC=C2C1=O,CC(CC(=O)N1CCC(C(N)=O)CC1)C1=CC=C(Cl)C=C1
COC1=CC=C(OC)C(NC(=O)CC2=CSC(C3=CC=CC(F)=C3)=N2)=C1,COC1=CC(NC(=O)CC2=CC=C(F)C=C2F)=CC(OC)=C1
COCCN1CC(C(=O)N(CC2=CC=CC(Cl)=C2)C(C)C)CC1=O,COCCN1CC(C(=O)NC2=NC3=CC=C(Cl)C=C3S2)CC1=O
CC(CO)C(C)NC(=O)C(=O)NC1=CN=C(C2=CC=CC=C2)S1,CC(C)(NC(=O)NC1=CN=C(C2=CC=CC=C2)S1)C1CCCO1
CC(=O)N1CCC([NH2+]C(C)C2=CC=C3NC(=O)NC3=C2)C1,CC(=O)N1CCC([NH2+]C(C)C2=CC=C(C(C)C)C=C2)C1
COC1=CC=C(C2C(C#N)=C(N)OC3=C2C(=O)N(CCN2CCOCC2)C(C)=C3)C=C1OC,COC1=CC=CC=C1C1C(C#N)=C(N)OC2=CC3=C(C=C21)OCO3
O=C([O-])C1CC(O)CN1C(=O)C1=CC=CC=C1,COCC(=O)N1CCCC1C(=O)NC1=CC=C(F)C=C1
CC1=NC=CC=C1NC(=O)C(=O)N1CCN2C(=NN=C2C(F)(F)F)C1,CCC1CCCN(C(=O)C2=CC=CC(NC(C)=O)=C2)C1
C#CC1=CC=CC(N(CC2=CC=CO2)C(=O)COCC)=C1,CCOCC(=O)NC1=CC=C(Cl)C(Cl)=C1
OC(C1CCCCCC1)C1CCOC2(CCOC2)C1,CC(OC1=CC(Cl)=CC=C1Cl)C(=O)NC1(C)CCOC1
CCOC(=O)C1=NC2=CC=CC=C2N=C1NC1=CC=C(F)C=C1F,COC1=NC=CC=C1C(=O)NC1=CC=C(F)C=C1F
O=C(NC1=CC=C(N2CCOCC2)C=N1)C1=NOC(C2=CC=CN=C2)=C1,O=C(NC1=CC=C(N2CCOCC2)N=C1)C1=CC=C(F)C=C1Cl
CC1=CC(C(=O)NNC(=O)C2=CC=CC3=CC=CC=C23)=C(C)O1,CC1=CC(C(=O)NC(C)C2=CC=CC=C2Cl)=C(C)O1
COCC(=O)N1CC(C)C2=CC=CC=C21,COCC(=O)NC(C)C(=O)N1CC(C)C2=CC=CC=C21
O=S(=O)(C1=CC=CC=C1)N1CC2C3=CC=CC=C3CC[NH+]2C1C1=CC=CC=C1,COC1=CC=C(C(=O)N2CC[NH+](C3CC4CCC3C4)CC2)C=C1
CC1=NN(C)C(C)=C1CNC(=O)C1C[NH2+]CC1C,CC1=NN(C)C(CC(=O)NC2=CC=CC=C2Br)=C1C
CCC(CBr)CC1CC2=CC=CC=C2S1,CC1=CC=CC(C(C[NH3+])C2CC3=CC=CC=C3S2)=C1
CNC(=O)C1=CC=C(NC(=O)C2=CSC(C3=CC=CC=C3)=N2)C=C1,CNC(=O)C1=CC=C(NC(=O)C2=CSC(C3CC3)=N2)C=C1
CNC(=O)NC(=O)C(C)NC1=CC=CC=C1CCC(F)(F)F,CCC(C)NC(=O)C(C)N1C=C(Br)C=N1
C[NH2+]CC1=CC=C(OC)C(C[NH+]2CC(C)C(C)C2)=C1,COC1=CC=C(C[NH+]2CC(C)SC(C)C2)C=C1OC
O=C(NCCCOC1CCOC1)NC1CC2CCCC3=C2C1=CC=C3,O=C(CC1=CC=CS1)NC1C=CCC1
CC1=CC(NC(=O)CSC2=NN=C(CC3CCCC3)N2)=NO1,CC1=NOC(NC(=O)CC2CN(C(=O)C3=CC=CC=C3Cl)C2)=C1
CCC(NC(=O)C1=CC=CC(S(=O)(=O)NC(C)C)=C1)C1=CC=C(C)C=C1,CCC(NC(=O)C1=CC=CC(S(C)(=O)=O)=C1)C1=CC=C(C)C=C1
COC1=CC=CC(C2=C(C(=O)NCC3=CC=CC(Br)=C3)N=CO2)=C1,COC1=CC=CC(CNC(=O)C2=C(Br)C=CS2)=C1
NC1=CC2=C(C=C1NC(=O)N1CCCCC1)OCCCO2,O=C(NC1=CC=C2OCCCOC2=C1)N1CCCCC1C1CNCCO1
COC1=C(F)C=C(NC(=O)CCC2=CN(C3=CC=CC=C3)N=C2)C=C1F,CN1C=C(C2=CC=CC(NC(=O)C3CCCN3C(=O)C3CC3)=C2)C=N1
NC(=O)C1C[NH2+]CCN1C1=NN2C=CC=C(Br)C2=N1,CSC1CCCC1NC(=O)C1CCCN(C2=NC=NN2C)C1
COC1=CC=CC(NC(=O)CSCCC2=CC=CC=C2)=C1,COC1=CC=CC(NC(=O)C2=CC=C(Br)C=C2)=C1
COC1=CC(S(=O)(=O)CCC(C)C)=CC(C(=O)[O-])=C1OC,COC1=CC=C(S(=O)(=O)NC2CCCCC2)C=C1C(=O)[O-]
CC(C)(C)NC(=O)C1=CC=CC(NC(=S)NC(=O)C2=CC=CC=C2F)=C1,CC(C)(C)OC(=O)NC1=CC=CC(C(=O)NCC2=CC=CC=C2)=C1
O=C(NCCCN1N=C(C(F)(F)F)C=C1C1CC1)C1=CC=C(Br)O1,COC1=CC=CC(C(=O)NCC2=CC=C(Br)C=C2)=C1F
COC1=CC=C(CN(C)C(=O)CCC(=O)C2=CC=CS2)C=C1F,COC1=CC=C(CNC(=O)C2=C(OC)C=C(C)S2)C=C1F
O=C(NC1=CC=C(OC2=CC=C(Cl)N=N2)C=C1)C(O)C1=CC=CC=C1,O=C(NC1=CC=C(F)C(F)=C1)C1=CC=C(OC(F)F)C=C1
CCC(CC)(CC(=O)NC1=CC=C(NC(C)=O)C=C1)C(=O)[O-],CC(=O)NC1=CC=C(CC2=CC=C(NC(C)=O)C=C2)C=C1
CC1=CC(C([NH2+]CCN(C)C)C(=O)[O-])=CC=C1Br,CC1=CC=C(C#N)C=C1C[NH2+]CC(C1=CC=C(F)C=C1)N(C)C
CCCCC(CC)C(=O)NCC1=NNC=N1,CC(C(=O)NCC1=CC=C(F)C=C1)N1C=C(Br)C=N1
COC1=CC=C(CCCC(=O)NC2=CC=CC(S(N)(=O)=O)=C2)C=C1F,CCC(=O)NC1=CC(CC(=O)N2CCC3=CC=CC=C32)=CC=C1C
CCCCC(CC)CNC(=O)NC1=CC=C(C#N)C=C1,CCC(CC)C1=CC=C(C(=O)NC2=NC=CC(C#N)=N2)C=C1
CC1=CC(N2CCCCS2(=O)=O)=CC(C)=C1S(=O)(=O)N1CCC2(CC1)OCCO2,CC1=CC(C)=C(NC(=O)C2CC(=O)N(C3=CC=C(Cl)C=C3)C2)C(C)=C1
CC1=CC(C)=C(C)C(S(=O)(=O)NC(C)C(=O)NC2CCCCCC2)=C1C,COC1=CC(C(=O)NC2CCCC(C)C2)=CC(OC)=C1OC
O=C(NC1=CC=C(Br)C=C1F)C1CCCN1C(=O)C12CC3CC(CC(C3)C1)C2,O=C(NC1=CC=C(Cl)C=C1)C1CCCN1C(=O)C1=CC=C(F)C=C1
CC(=O)C(C)(Cl)CC1=CC=C(Cl)C=C1,CC(=O)NC1=CC=C(CC(=O)NC2=CC=C(Cl)C=C2)C=C1
O=C(CC1=CSC(C2=CSC=C2)=N1)NC1=CC=CC=C1F,O=C(CCC(F)(F)F)NC1=NC(C2=CSC=C2)=CS1
COCCN(CC1=CSC=C1)C(=O)C1CC(=O)N(C2=CC=C(F)C=C2)C1,CC(C)(NC(=O)C1CC(=O)N(C2=CC=C(Cl)C=C2)C1)C1=CC=CC=C1
CCCCC(=O)C1=C(C)C=C(C)NC1=O,CC1=CC(C)=C(C(=O)NC(C)C(C)(C)C2=CC=CC=C2)C(=O)N1
CC1(C)CCCCC1[NH2+]CC1=CNC=N1,CC1(C)CCCCC1[NH2+]CC1=CN=C(C2=CC=NC=C2)N1
CC1CCC[NH+](CC(C)NC(=O)NC2CCCCC2N2C=CC=N2)C1,CC(=O)NC1=CC=CC=C1C(=O)NC(C)C1=CC=C(Cl)C=C1
CCN1CCN(C(=O)C2=NN=C3SC(C4=CC=CC=C4Cl)=NN23)CC1,CC(C)C(C)NC(=O)CN1C=NC2=CC=CC(Cl)=C2C1=O
O=C(C1=CC(=O)NC2=CC=CC=C12)N1CCC(C(O)C2=CC=CC=C2)CC1,COC(C)C(=O)NC1CCN(C(=O)C2=C(F)C=CC=C2Cl)CC1
CCCOC1=CC=CC=C1NC(=O)CC1NC2=CC=CC=C2NC1=O,CCOC1=CC=CC=C1NC(=O)CC1OC2=CC=CC=C2NC1=O
C=CC(C)(O)CCC1C(C)=CC(=O)C2C(C)(C)CCCC12C,CC1=NC(C)=C(CC(C)([NH3+])C2=CC=C(Br)C=C2)S1
CC1=CC=C(C2=NC(C3=CC=C(OCC(F)(F)F)N=C3)=NO2)C=C1,CCC(C)[NH+](CC1=NC(C2=CC=C(C)C=C2)=NO1)C1CCCCC1
O=C(CN1C=CC=C(C(F)(F)F)C1=O)N1CCCC2=C(Cl)C=CC(F)=C21,O=C(CN1C=CC=C(C(F)(F)F)C1=O)NC1=CC=CC(Cl)=C1
CC1=CC=CN2C(=O)C(C(=O)N(C)C(C3=CC=CC=C3)C(C)C)=CN=C12,CC(C)(C(=O)NC1=CC=C2N=CNC(=O)C2=C1)C1=CC=CC=C1
O=CC1=CN(C2=CC=C(Br)C=C2)C=C1,O=C(CC1=CSC(Br)=C1)NCC1=COC=C1
CC1=CC=C(C(C)NC2=[NH+]CCC2)C=C1,CC1=CC=C(C(C)NC(=O)NCC2=CC=NC=C2)C=C1C
CC(=O)N=P(N1CCCCC1)(N1CCCCC1)C(C)(C)C,CC(=O)NC1=CC=CC=C1C(=O)N1CCCC1C1=CC=CN1C
CCC1=C(C)N=C(N2N=C(C)C=C2NC(=O)C2=CC=CO2)N=C1[O-],CC1=NN(C2=NC(C)=C(C(=O)NC(C)C3CCC3)C([O-])=N2)C(C)=C1
COCCOC1=NC=CC=C1NC(=O)N(C)CC1=CC=CC=N1,CCOC1=NC=CC=C1NC(=O)N(C)CC1=CC=CC=N1
CC1=CC=C(NC(=O)C2=CNC=C2C2=CC=C(F)C=C2)C=C1C(=O)N(C)C,CC1=CC=C(C(=O)NC2=CC=C(C)C(C(=O)N(C)C)=C2)C=C1F
CC1=CC(C(=O)CN2CCCC(C(=O)NCC3CC3)C2)=C(C)N1C1CC1,CC1=CC(C(=O)NCC2CCC2)=C(C)N1C1CC1
O=C(C1=CC(=O)C2=CC(Cl)=CC=C2O1)N1CCN(C2CCS(=O)(=O)C2)CC1,O=C(NC1=CC=C(Cl)C=C1)C1=CC=C(CN2CCCC2=O)C=C1
CC(NC(=O)NCC1([NH+](C)C)CCCCC1)C1=NN=CN1C,CC1=C(F)C=CC=C1NC(=O)NC(C)C1=NN=CN1C
CCOC1=CC=CC=C1OCC=CC[NH+](C)C,CCOC1=CC=CC=C1CNC(=O)C1=CC=CC=C1C#N
CCC1=CC=C(C(=O)CN2CCOC(C#N)C2)C=C1,CC1=CC=CC=C1C(=O)NCC1CN(CC2=CC=CC=C2)CCO1
COC1=CC=C(Br)C=C1C=CC(=O)N1CCN(C(=O)C2=CC=CC=C2)CC1,CC(C)(C)OC(=O)N1CCN(C(=O)C2=CC=CC=C2O)CC1
CC1=CC=CC2=C1OC(C(=O)NC1=CC=C(Cl)C(Cl)=C1)=CC2=O,CCC(C)(CC)NC(=O)C1=CC(=O)C2=CC=CC=C2O1
CN1C(=O)N(CC(=O)NC2CCCC3=CC=C(F)C=C32)C2=CC=CC=C21,CC1=CC=C(C(=O)NCC(=O)NC2CCCC3=CC=C(F)C=C32)C=C1
CC1=CC(N(CCC#N)C(=O)CN(C)C(C)C2=CC=NC=C2)=CC=C1Cl,CC1=CC(C(C)NC(=O)N(C)CC2=CN=CC=C2C)=C(C)O1
CCN1C=NN=C1CNC(=O)NCC(O)C1=CC=CC=C1OC,CCN1C=NN=C1CNC(=O)C1=C(C)C=C(Br)O1
CCC1(CO)CC[NH+](CC2=CC(OC)=C(O)C=C2Br)CC1,COC1=CC=C(F)C=C1C[NH+]1CCCC(C(=O)N2CCCCC2)C1
CCNC1C([NH+]2CCCC3CCCC32)CCC1(C)C,CC1(C)CCCC1[NH2+]C1CCCC1C1=CC=C(Cl)C=C1
O=C1NCCSC1CC1=CC=CC=C1,O=C(CCC1=CC=CC=C1)NC1=CN=C(C2CC2)N=C1
CC1=CC=C(Cl)C=C1NCC(=O)NC1=CC=CC(S(=O)(=O)N2CCCC2)=C1,CC1=C(Cl)C=CC=C1NCC(=O)NC1=CC=CC(F)=C1
CCC(C)C([NH3+])C1=CC=C(Cl)S1,CCC(C)(C#N)C([NH3+])C1=CC=CC(Br)=C1
CN1C(CNC(=O)C2=CC=CC(C(F)(F)F)=C2)=NC2=CC=CC=C21,NC(=O)C1=CC=CC(NC(=O)C2=CC=CC(C(F)(F)F)=C2)=C1
COCCN1C=C(NC(=O)CSC2=NC(C)=C(C)C(C)=C2C#N)C=N1,CCOCC(=O)NC1=CN(C2=CC=C(C#N)C=C2Br)N=C1
CC1CCN(C)C2=CC=CC=C2N1C(=O)C1=C(Br)C=CO1,CC(=O)N1C2=CC=CC=C2N(C(=O)CN2CCCCC2C)CCC1C
CN(CC1C=C2C=CC=CC2=[NH+]C1=O)C(=O)C1=CC=CC=C1,CN(CC1=CC=C(Cl)C=C1)C(=O)CNC(=O)C(C)(C)C
COC(=O)CCN(CC1=CN=C2N=CC=CN12)C1CCOCC1,O=C(CCC1=NC2=CC=CC=C2C(=O)N1)N1CCCC1C1CCCC1
CCCCC1=NN=C(NC(=O)C2CCN(S(=O)(=O)C3=CC=C(C)C=C3)CC2)S1,CC1=CC=CC=C1NC(=O)C1CCN(S(=O)(=O)C2=CC=CC=C2)CC1
COCCOCC1CC[NH+](C2CC(C)OC(C)C2)C1,CC1CC(C)OC([NH+]2CCC(C3=NC=CN3C3CC3)C2)C1
CC(OC1=CC=C(Cl)C=C1Cl)C(=O)N1CCC(C(=O)NC2=NN=CS2)CC1,CC(OC1=CC=C(Cl)C=C1Cl)C(=O)NCC1=NNC=N1
CCC(C)C(CO)C1=CC=CC=C1C,CC1=CC=C(C)C(C(CO)CC2=CC=CC=N2)=C1
O=C(NC1=CC=C(Cl)C=C1)C1=COC(NC(=O)C2=CC=CO2)=N1,O=C(NCC(=O)N1CCN(C(=O)C2=CC=CC=C2)CC1)C1=CC=CO1
CCOC(=O)C1=CC=C(N2CCN(C3=CC=C(Br)C=N3)CC2)N=C1,CCCCC(=O)N1CCN(C2=CC=C(Br)C=N2)CC1
CCC(C)CC(C)NC(=O)CCN1C(=O)C2CCCCC2C1=O,CCC(C)(NC(=O)CN1C(=O)CC2CCCCC21)C1=CC=CC=C1C
COC1=CC=C(OC(C)C(=O)N(C)C(C)CC2=CC=CS2)C=C1,COC1=CC=C(OC(C)C(=O)NC2=CC=C(Br)C=C2C)C=C1
CCOC1=C(OC)C=C(CN2CCOCC2C#N)C=C1OC,COC1=CC=C(CN2CCOCC2C#N)C=C1O
CC1=CC(CC(=O)NC2=CC=C(OC(F)F)C3=NC=CC=C23)=NO1,CC1=CC(CC(=O)NC2=CC=CC=C2OC(F)F)=NO1
CC(C#N)CN(C)C(=O)C1C2CCCC21,CC(C#N)CNC(=O)C1=C2C=CC=CC2=C(CN(C)C(=O)C2CC2C2=CC=CO2)O1
COC1=CC=CC=C1OC1=CC=C(CNC(=O)C2CCCN2C(=O)C2CCCC2)C=C1,COC1=CC=CC=C1CNC(=O)C1CCCCN1C(=O)C(C)(C)C
CC(C)N1C=C(S(=O)(=O)N2CCN3C(=NN(C)C3=O)C2)C=N1,CC(C)N1C=C(NC(=O)C2CCN(C3=CC=[NH+]C=C3)CC2)C=N1
CCC1=NN=C(C2=CC3=CC=CC=C3N2CC(=O)NC(C)(C)C)O1,CC1=CC=C(C(=O)NCC(=O)NC2=CC=C(C#N)C=C2)C=C1
CN1C(CC(=O)NNC(=O)C2=CC=C3CCCCC3=C2)=NC2=CC=CC=C21,CN1C(CCNC(=O)CC2CCCO2)=NC2=CC=CC=C21
CC(C(=O)NCCC1=CCCCC1)N1N=C(C2=CC=C(F)C=C2)C=CC1=O,CC(CC1=CC=CC=C1F)C(=O)NC1CCS(=O)(=O)C1
CC1[NH+]=C2C=CC=CC2=C1CCN1C(=O)C2CCCCC2C1=O,CC(C)CNC(=O)CCN1C=NC2=CC=C(Cl)C=C2C1=O
CC(=O)C1=CC=C(S(=O)(=O)N2CCCCC2C)C=C1,CC1CCCCN1S(=O)(=O)C1=CC=C(NC(=O)C2=CC=NC=C2)C=C1
C[NH+](C)C1CCC(NC(=O)C2CCCC3=C2C=NN3)C1,CC1=CC=C(C)C2=C1OC(C(=O)NC1CCC([NH+](C)C)C1)=C2C
CCC1COCCN1CC1=CC=CC(C)=C1C,CCC1COCCN1CC1=CC=CC=C1CNC(=O)C1=CC=CC(C)=C1C
OC1=CC=CC=C1N1CC[NH+](CC2=NC(CC3=CC=CC=C3)=NO2)CC1,CC(=O)N1CCCC1C(C)(O)C1=CC=CC=C1OC(C)(C)C
CCOC1=CC=C2N=C(SCC3=CC(N)=CC=[NH+]3)NC2=C1,CC(C)OC1=CC=C(F)C(NC2=CC=[NH+]C(N)=C2)=C1
C#CC1=CC=CC(N(CC2=CC=CS2)S(=O)(=O)C2=CNN=C2)=C1,COC1=CC(Br)=CC(S(=O)(=O)NCC2=CC=CS2)=C1
CC(CC[NH+](C)C)NC(=O)CC1=CC=CC(Cl)=C1,CCC(C)(NC(=O)C1=C(Cl)C=CC=C1Cl)C(=O)N1CCOCC1
CCSCCC(C)NC(=O)N1CCN(C(=O)C2=CC=C(C)C=C2)CC1,CC1=CC=C(C(=O)NC(C)C(=O)N2CCCCC2)C=C1
CCC(C)CN1C(CCCl)=NC2=C1N(C)N=C2C,CCN1C(CCNC(C)C2CCCO2)=NC2=CC=CC=C21
CCSCCN1C=NC2=C(C=C(C)S2)C1=O,CC1=CC2=C(N=CN(CCC(=O)NC(C)C3CCC3)C2=O)S1
C=C(C)COCC1=NC2=CC=CC=C2N1CC(=C)C,CC(C)CN1C(CC([NH3+])C2CCCO2)=NC2=CC=CC=C21
COCC1CN(C(=O)C=C(C)C2=CC=CC=C2OC(F)F)CCO1,COCC1CN(C(=O)C(C)OC2=CC(Cl)=CC=C2Cl)CCO1
COC1=CC=C(C(=O)N(C)CC2=CC=CC(F)=C2)C=C1S(=O)(=O)NC1CC1,COC1=CC=C(C(=O)N(C)C)C=C1S(=O)(=O)NC1=CC=CC(C)=C1
C[NH+]1CCC2(CC1)CNC(=N)N2C1=CC=C(Cl)C(Br)=C1,COC1=CC=C(C2=NOC(C(=O)NC3=CC(C)=CC(C)=C3)C2)C=C1
CC(C)CN(C1CCS(=O)(=O)C1)S(=O)(=O)C1=CC=C2OCCCOC2=C1,O=S(=O)(NC1=CC=C2OCCCOC2=C1)C1=CC=CC(Cl)=C1
CN1C=CN=C1SCC(=O)N1CCC(C(=O)N2CCCCCC2)CC1,O=C(CO)N1CCC(C(=O)N2CCC(C3=CC=CC=C3)CC2)CC1
CCOC1CC(NC(=O)NC(CS(C)(=O)=O)C2=CC=CC=C2)C1(C)C,CCOC1CC(NC(=O)C2=CC(C#N)=CN2C)C1C1=CC=CC=C1
CC[NH2+]CCC1=CNC2=C(Cl)C=CC=C12,N#CC1=CC=CC2=C1NC=C2CC(=O)N1CCCCC1CCO
CCCCOC1=CC=CC=C1NC(=O)C1=C(C2CC2)N=CS1,CC(C)(C)OC1=CC=CC=C1NC(=O)C1=C(C2CC2)N=CS1
COCCNC(=O)C1CCCN1S(=O)(=O)C1=CC=C(Br)C=C1,O=C(NC1=CC=CC(S(=O)(=O)N2CCCCCC2)=C1)C1CC1
CC(=O)C1=C([O-])C(=O)N(CCC2=C3C=CC=CC3=[NH+]C2C)C1C1=CC=CC=C1F,O=C(CCC1=NC2=C(F)C=CC=C2C(=O)N1)C1CCCC1
COC1=NC=C(C(=O)NC2=NC3=CC(Cl)=C(C)C=C3S2)C=N1,COC1=CC(OC)=CC(C(=O)NC2=NC=C(C)S2)=C1
CC1=CC=C(NC(=O)NC2=C([O-])C3=CC=CC=C3OC2=O)C=C1C,O=C(NC1=CC=C(C(=O)[O-])C=C1)C1=CC2=CC=CC=C2OC1
CCC1=CC(NC(=O)CC2=CC=CS2)=NN1C1=CC=CC=C1,CCC1=NN(C)C(NC(=O)CC2=CC=C(OC)C(Br)=C2)=C1
CC(=O)NC1=CC=CC(CNC2CC[NH+](C(C)C3=CC=CC=C3)C2)=C1,CC(=O)NC1=CC=CC(C(C(=O)N2CCCC2)[NH+]2CCCC2)=C1
COCCN(C(=O)C1CC1C1=CC=CC=C1OC)C1CCCC1,COC1=CC=CC=C1C1CC1C(=O)NC1=CC=CN=C1
CC(OC(=O)C1CCN(C(=O)C(C)(C)C)CC1)C(=O)NC1=CC=C2OCOC2=C1,COC1=CC=C(NC(=O)C(C)C2=CC=CC=C2)C=C1
CC(C)CNC(=O)NC(=O)C(C)NC1=CC=C(OC(C)C)C=C1,CC(C)CC(C)(C)C(=O)NCC1=CC=NC=C1
CC(C)(NC(=O)C1=CC=C(N2C=CC=N2)C=C1)C1=CC=C2OCOC2=C1,CC(C)CC(C)(C)C(=O)NCC1=CC=C2OCCOC2=C1
CC(CNC(=O)C1=CC=C(C2=CC=CC=C2)NC1=O)OC1=CC=C(F)C=C1,CC(CNC(=O)C1=CC=CC=C1F)OC1=CC=CC=C1
O=C(NCC1([NH+]2CCCCC2)CCOCC1)C1=NNC(C2CC2)=C1Cl,CSC1CCC(NC(=O)C2=NN(C3CCOCC3)C=C2Cl)C1
CC([NH2+]CC1=NC(CC2=CC=CC=C2)=NO1)C(C)N1C=CC=N1,CC(C)C(=O)NCC1=NC(C2=CC=CC(C(F)(F)F)=C2)=NO1
O=C(CC1=CC=C(F)C=C1)N=C1SC2CS(=O)(=O)CC2N1C1=CC=C(F)C=C1F,O=C(NCC1=CC=C(F)C=C1)C1CSC(=O)N1C1=CC=C(F)C=C1
O=C(CC1=CSC(C2=COC=C2)=N1)NC(C1=CC=CC=C1)C1CCC1,CC(C)(C)NC(=O)CC1=CSC(C2=CC=CC=C2)=N1
COC1=CC(OC)=CC(OCCNC2CC(C)[NH+](C)CC2C)=C1,CC1=CC=CC(OCC(O)CC2=CC(F)=CC(F)=C2)=C1
CC(NC1CC[NH+](C2CCCCC2O)CC1)C1=CSC=C1,CC(NC(=O)C1=CSC(Br)=C1)C1=CSC=C1
CC1=CC(=O)N(CC(=O)N2CCCC(C3=[NH+]C=CN3C)C2)C2=CC=CC=C12,CC1CCN(C(=O)CCCC2=CC=CC=C2)CC1O
CC1=NC(CC(=O)NCCC[NH+]2CCCCC2C)=CS1,CC1=CSC(CC(=O)NC(C)C2=CSC(C(C)(C)C)=N2)=N1
CC(C)CCC(=O)NNC(=O)NCC(C)C1=CSC=C1,CC(CNC(=O)C1CCOCC1)C1=CSC=C1
CCN1C(=O)N(CC(=O)NCC2=CC=C(F)C(C)=C2)C2=CC=CC=C21,CC1=CC=C(CNC(=O)C2=CC=CC(CS(C)=O)=C2)C=C1F
CC1CCC2=C(C=C(C(=O)N3CCS(=O)C(C)(C)C3)S2)C1,CC1=CC(C(=O)N2CCOCC2)=NC(NC(=O)C2=CC3=C(CCC(C)C3)S2)=N1
CCC1=CC=C(CC(=O)C(C)(C)OC)S1,CCC1=CC=C(CC(=O)NC(C)C(C)(C)C)S1
CC(NC1=CC=C(OC(F)F)C=N1)C1=CC=C(NC(=O)C2CC2)C=C1,CC(C)C(C(=O)NC1=CC=C(OC(F)F)N=C1)C1=CC=CC=C1
CC(=O)C1=CC=C2N=C(N)SC2=C1,CC(=O)NC1=NC2=CC=C(CC(=O)NC3CCCCC3)C=C2S1
CC1=NOC2=NC=C(NC(=O)C3=CC=C(F)C(Br)=C3)C=C12,CC(C)(C)S(=O)CCNC(=O)C1=CC=C(F)C(F)=C1
C[NH+](C)C1CCC(NC(=O)C2CCN(CC(F)(F)F)CC2)C1,O=C(NC1CCCC1)C1CCN(C(=O)C2=CC=C(Cl)C=C2)CC1
CC1=CC=CC(F)=C1C(N)C(F)(F)F,CC1=CC=CC(C(N)C(F)(F)F)=C1NC(C)C1=CC=CC=N1
COC1=CC(OC)=CC(C2=C(C(=O)NC3CC4=CC=CC=C4C3)C(C)=NO2)=C1,COC1=CC=CC(C2=CC(C(=O)NC3CCCC(C)C3)=NO2)=C1
CC1=CC=C(C2=NN=C(C[NH+](CCO)C3CCC4=CC=CC=C43)O2)C=C1,CC1=CC=C(C2=NN=C(C[NH+]3CCC(C)(C)C3)O2)C=C1
CN1CCOC(CN(C)C2(C[NH3+])CCCCC2)C1,CN1CCOC(C[NH2+]C2CCC3=CC=C(F)C=C3C2)C1
CC(=O)CC1CCCCCN1C(=O)N1CCCCCC1,O=C(NC1CCCCC1)N1CCN(S(=O)(=O)C2=CC=CC=C2)CC1
CC(C)C(NS(=O)(=O)C1=CC=CC=C1F)C(=O)N(C)CC1=CC=CC=C1F,CC(C)C(NS(=O)(=O)C1=CC=CC=C1F)C(=O)N(C)C
CC(=O)NC1=CC=C(NCC2=CN3C(C)=CC(C)=NC3=N2)C(Cl)=C1,CC(=O)NC1=CC=C(CC2=CC=C(NC(C)=O)C=C2)C=C1
CC(CNC(=O)N1CCN(S(C)(=O)=O)CC1)N1CCOCC1,O=C(NCC(C1=CC=C(Cl)C=C1)N1CCOCC1)C1=CC=CC=C1
CC[NH+](C1CC1)C(C[NH3+])C1=CC=CC(OC)=C1OC,COC1=CC=CC(CNC(=O)N2CC(C)CC(C)C2)=C1OC
CC1CCC(OC(=O)C2=NC3=C(C(=O)CC(C4=CC=CC=C4)C3)C2C)CC1,CC(C)OC1=CC=C(C2CC(=O)C3=C(C2)NN=C3C(N)=O)C=C1
COC1=CC=C(C2=NNC(NC(=O)C3=CC=CC(C(F)(F)F)=C3)=N2)C=C1,COC1=CC=C(C(=O)NC2=CC(C(F)(F)F)=CC=C2C)C=C1OC
CCCCCC1=NN=C(NC(=O)NC2=CN(C)N=C2CC)S1,CCC1=NN(C)C=C1NC(=O)C1=C(C)OC(C)=C1Br
CN1N=C(C(=O)NCC2=CC=CO2)C=C1NC(=O)CC1=CC=CC=C1,O=C(NCC1=CC=CO1)C1=CC=C(F)C=C1Cl
CN(C)C1=CC=CC(C(=O)OCC(=O)C(C)(C)C)=C1,CC(C)(C)CC(C)(C)C(=O)NCC1=CC=NC=C1
CC1(C(N)=O)OC2=CC=C(Cl)C=C2NC1=O,CC1=CC2=C(C=C1NC(=O)C1=CC=C(Cl)C=C1)OCC(=O)N2CC(C)C
O=C(CCCN1C(=O)CNC1=O)NC1CCN(C2=C(F)C=CC=C2F)C1,O=C(CCC1=CC=CC=C1)NC1CCCN(C2=CC=CC=C2F)C1
CCC1=CC=C(S(=O)(=O)NCC2([NH+](C)C)CCOCC2)S1,CCC1=CC=C(S(=O)(=O)NC2CCC3=CC=C(F)C=C32)S1
CCOC1=CC=C(NC(=O)C2CC(=O)N(C)C(=NC3=CC=CC(Cl)=C3)S2)C=C1,CCOC1=CC=CC(NC(=O)C2=CC=CC=C2F)=C1
CC1=CC(CCl)=CN=C1N(C)C1=CC=CC=C1,COC1=CC=C(CN(C)C(=O)NC2=CC(F)=CC=C2F)C=C1
CC(C)OCCC1CCCCN1C(=O)NC1CCC([NH+]2CCCCC2)CC1,CC(COC(=O)N1CCC([NH+]2CCCC2)CC1)C1=CC=CC=C1
CCCCN1C(=O)C2=C(C=CS2)N2C(=O)N(C)N=C12,CCCCN1C=C(NC(=O)C2=NN(C)C=C2Br)C=N1
CC(C)(C)C1=NN(CCCOC2=CC=C(F)C=C2)C(=O)C=C1,CC(C)(C)C1=NN(CCOC2=CC=C(Cl)C=C2)C(=O)C=C1
CC(C)C(=O)NCC1CCC[NH+](CC2=CC(Cl)=CC(Cl)=C2O)C1,CC(C)CC1CCC[NH+]1CC1=C(Cl)C=CC=C1Cl
O=C(NCCNS(=O)(=O)C1=CC=CC(Cl)=C1F)C1=CC=CN=C1,CC(=O)NCC1=CC=CC(C(=O)NC2=CC=C(Cl)C=N2)=C1
O=C(COC(=O)C1(C2=CC=CC=C2F)CCCC1)N1CCOCC1,CC(O)CC1CCCCN1C(=O)C1(C2=CC=CC=C2F)CCOCC1
CC(C1=CC=C(S(C)(=O)=O)C=C1)N(C)C1=CC=C2C=CC(F)=CC2=N1,CS(=O)(=O)C1=CC=C(C(O)C2=CC=NC=C2)C=C1
CC1=C(C)C2=CC=C3OCN(C4CC(C)(C)[NH2+]C(C)(C)C4)CC3=C2OC1=O,COC1=CC=C(CN(C)C(=O)C2=CC=C3OCC(=O)NC3=C2)C=C1
CC1CCC(C(O)C2CCOC2)([NH+](C)C)CC1,CCC1CC(C)CC([NH+](C)CC2=CSC(C3CCOC3)=N2)C1
CCCC(=O)NC1=NN=C(C2CC(=O)N(C3=CC=C(SC)C=C3)C2)O1,CCCC(=O)NC1=NN=C(C2=CC=C(N3CCCC3=O)C=C2)O1
CCC[NH+]1CCC(N(C)C(=O)NCC2CCCN(C3=NC=CC=N3)C2)CC1,O=C(NCC1CCCN(C2=NC=CC=N2)C1)N1CCC(C2=CC=CC=C2)CC1
CC1CC(C)C[NH+](CC(O)COC2CCCC2C)C1,CC1CCCC[NH+]1CC(O)C1=CC=NC=C1
CN(CC1=CC=C(Cl)N=C1)C(=O)NC1=CC=CC2=CC=CC=C12,CC1=C(Cl)C=CC=C1NC(=O)N(C)CCC(F)(F)F
CCC1=[NH+]N(C)C2=C1NCC1(C)COCC1N2,CC1=CC=C(C(C)NC(=O)N2CCOCCC2C)C=C1F
CC(=O)NC(CC1=CNC2=CC=CC=C12)C(=O)N1CCC2=C(C=CS2)C1,COC1=CC=CC=C1C(=O)NC(C)C1=CC=CC=C1F
CC1CCCC(O)(C2=CC=C(Cl)S2)CC1,O=C(C1=CC=C(C(O)C(F)(F)F)S1)N1CCC2(CCCCC2)C1
COC1=CC=C(C2=CC(C(=O)NCC(F)(F)F)=C3C=CC=CC3=N2)C=C1OC,COC1=CC=C(Cl)C=C1C(=O)NC1=CC=C(OC(F)F)C=C1
CC1=CC=C(S(=O)(=O)N2CCCC2C(=O)N(C)CC2=CC=CC(Cl)=C2)C=C1,CC1=CC=CC(CNC(=O)C2CCCN2C(=O)C2=CC=CC(F)=C2)=C1
CCC[NH2+]CC1(C2=CC=C(OC)C(OC)=C2)CCC1C,COC1=CC=CC(C2(CC3=CC=CC(O)=C3)CCCC2)=C1
CC1CS(=O)(=O)N(C2=CC=C(S(=O)(=O)NC3=CC=CC=C3C(F)(F)F)C=C2)C1=O,CC(=O)NC1=CC=C(S(=O)(=O)NC2=CC=CC=C2C)C=C1
COC1=CC2=C(C=C1OC)CC([NH3+])C2,COC1=CC2=C(CC[NH+](C3CCCC3)C2)C(OC)=C1OC
CC1=C(Cl)C=CC=C1NC(=O)C1=C(COC2=CC=CC=C2)C=CO1,COCC1=CC=C(C(=O)NC2=C(C)C=CC=C2C)O1
CN1N=NC2=CC(C(=O)NC(C#N)C3=CC=C(Cl)C(Cl)=C3)=CC=C21,CC(C#N)NC(=O)C1=CC=CC(OC2=CC=C(Cl)C=C2)=C1
CC1=CC(CSC2=NN=C(N3CCOCC3)N2CC2CCCO2)=NO1,CC1=CC(C2CCCCC[NH+]2CC2=CC=CN=C2)=NO1
COC1=CC=C2C=CC=CC2=C1CN(C)C(C(N)=O)C1=CC=CC(F)=C1,COC1=CC=CC(Br)=C1C(=O)NC(C)C1=CC=CO1
COC1=CC=CC=C1C(NC1=NC=C(Cl)C=C1F)C1=[NH+]C=CN1C,CN(CC1=[NH+]C=CN1C)C(=O)NC1=NC=CC=C1Cl
COC1=CC=C(C(=O)OC(C)C2CCCO2)C=C1OC(F)F,COC1=CC=C(C(C)NC(=O)C2=CC=CC=C2OC)C=C1
CCN(CC1=CC=C(OC)C(OC)=C1)C(=O)C[NH+]1CCC(C)C(O)C1,COC1=CC=C(CN(C)C(=O)NC2CCC(SC)C2)C=C1F
CC(NC(=O)C1CC1)C1=NC2=CC=CC=C2N1CC=CC1=CC=CC=C1,CC(NC(=O)CN1CCCC1=O)C1=CC=CC=C1Cl
O=C1NCC2(CCCN(C(=O)C3=CC4=C(CCCCC4)S3)CC2)O1,O=C(NC1=CC=C(Cl)C=C1)C1=CC2=C(CCCCCC2)S1
CC1(C)C2CCC1(C)C(NC(=O)COC1=CC=C(C3SCCCS3)C=C1)C2,CC1(C)C2CCC1(C)C(NC(=O)CS(=O)(=O)C1=CC=C(F)C=C1)C2
COC1=CC=C(C(C)NC(=O)CC2=CC=CC3=CC=CC=C23)C=C1,COC1=CC=CC=C1CC(=O)NC(C)C1=CC=C(C#N)C=C1
C=CCCC(=O)N1CCC(C2=NN(C)C(=O)N2C2CCCC2)CC1,COC1=CC=CC(C(=O)N2CCC(C3=NNC(=O)N3C3CCCC3)CC2)=C1O
COC1=CC(C2=CC=NO2)=CC=C1S(=O)(=O)NCC1=CC=CO1,COC1=CC=CC=C1CNC(=O)C1=CC=C(C(C)C)C=C1
CC(SC1=CC=C(F)C(F)=C1)C(=O)N(C)C1CCS(=O)(=O)C1,CC(CC1=CC=CC=C1F)C(=O)NC1CCS(=O)(=O)C1
CS(=O)(=O)N1CCCN(S(=O)(=O)C2=CC=C(F)C(F)=C2)CC1,O=S(=O)(C1=CC=C(Cl)C=C1)N1CC[NH+](C2CCCCC2)CC1
OC1CC(C2CCCCC2)[NH+](CC2=CC=CC3=C2C=CN3)C1,FC1=CC=CC(F)=C1C[NH+]1CCCC(OC2CCCC2)C1
O=C(NC1=CN=CC2=CC=CC=C12)NC1CCCC2=C1C=CO2,O=C(NCC1=C(Br)C=CO1)NC1=CC(F)=CC(F)=C1
COC1=CC=C(Br)C=C1C(=O)NC(=S)NC1=CC(C)=CC(C)=C1,CCC(C)NC(=O)C1=CC(Br)=CC=C1OC
CNC1=NC(C2CCCN(C(=O)CCC3=CC=CC=C3)C2)=[NH+]C2=C1CC[NH+](C)C2,CNC1=CC=[NH+]C(C2CCN(C(=O)C3CCC3)CC2)=C1
COC1=CC=CC=C1N=NC1=C(C)NN=C1O,COC1=CC=CC=C1N1CC[NH+](CC2=CC=CC(OC)=C2OC)CC1
CC1=CC=C2C(=C1)CCN2C(=O)C1=CC=C(C)N=C1C,CNC(=O)C1=CC=C(C(=O)N2C(C)CCCC2C)C=N1
CC1=CC=CC(N2N=CC(C(=O)NC3=CC=CC=C3)=C2C2CC[NH2+]CC2)=C1,CC1=CC(C)=C(NC(=O)CNC(=O)C2=CC=CC=C2C)C(C)=C1
CN(C)C1=CC=C(C=C2C=CC3=CC=CC=C23)C=C1F,CN(C)C1=CC=CC(C(=O)NCC2=CC=C(C(F)(F)F)C=C2)=C1
COC1=CC=CC=C1N(CCC#N)C(=O)C(C)N1CCOC(C)C1,CCC(C)NC(=O)C(C)N1CCOC(C2=CC=CC=C2)C1
O=S1(=O)CCC2=C(C1)C1=C(F)C(F)=C(F)C=C1N2,O=C([O-])C1CCCCC1C(=O)NC1=CC=CC(Cl)=C1Cl
CCOC(=O)NC(=O)C1=C(NC(=O)CC2=CC=C(F)C=C2)SC2=C1CCC(C)C2,CCC1=CN=C(NC(=O)C2=CSC(Br)=C2)S1
COCCNC(=O)C1=CC2=C(C=C(C)S2)N1CC1=CC=CC=C1,COCCN1C=C(C(=O)NC(C)(C)C)C2=CC=CC=C21
CC(=O)N1CCC2=CC(S(=O)(=O)NC(C(=O)[O-])C(C)C)=CC=C21,CC(=O)N1CCC2=CC(S(=O)(=O)NC3=CC(C)=CC(C)=C3)=CC=C21
CC1=NC(NC2=CC=C(OCC3CCOCC3)C=C2)=C2C=CNC2=N1,CC1=CC(C)=NC(NC2=CC=C(OCC3CCOC3)C=C2)=N1
CC(OC(=O)C1CSC2(CCCC2)C(=O)N1)C(=O)NCC1=CC=CC=C1Cl,O=C(NCC1=CC=CC=C1Cl)C1N=NC2=C1CCC2
CCCC1=NN(C)C(C(=O)NC2=CC=C3C=CC=CC3=C2)=C1,CCCC1=NN(C)C(C(=O)NC2=CC=CC(Br)=C2)=C1
COC(=O)C1=C(C)C(C(=O)OC)=C(S(=O)(=O)N2CCC(C(N)=O)CC2)S1,CC1=CC=CC=C1NC(=O)C1CCN(S(=O)(=O)C2=CC=CC=C2)CC1
CC1=NOC(C[NH+]2CCC(OCCCC3=CC=CC=C3)C2)=N1,CC1=NOC(C2CCCC[NH+]2CC2=CC=CC=C2)=N1
CC(CC1=CC=CC=C1F)NC(=O)C(=O)NC1=CC(CC(C)(C)C)=NN1C,CCC1=NN(C)C=C1NC(=O)C(C)C1=CC=CC=C1F
CC1=CC=C(N2CC(C(=O)NC3=NN=C(C4=C(C)N=C(C)S4)O3)CC2=O)C=C1,CC1=CC=C(C2=NN=C(NC(=O)C3=COCCO3)O2)C=C1
[O-]C1=C(CC2=CC=C(F)C=C2)N=NC(=S)N1,CC(C)(C)C(=O)NCC(=O)N1CCC2=CC(F)=C(F)C=C2C1
COC1=CC=C(N2CC(C(=O)NC(C)C(=O)NC3CCCC3)CC2=O)C=C1,O=C(NC(C1CC1)C1CC1)C1CC(C2=CC=C(F)C=C2)=NO1
CCC(CCO)C[NH2+]C1CC(C)C2=C(C)C=CC(O)=C21,CC1=CC(O)=CC(CCOC2=CC=C(Br)C(C)=C2)=C1
CSC1=NN=C(SC(C(=O)NC2=CC=C(C)C(C)=C2)C(C)C)S1,CC1=CC=C(NC(=O)C(C)SC2=NCCS2)C=C1C
CC1=CC=CC=C1COC1=CC=C(C2C3=C(CCCC3=O)NC3=NN=NN32)C=C1,CC1=CC=CC=C1C1=C([O-])NC(OC(C)C)=CC1=O
CC(O)CN(C)C(=O)NCC1(C(C)C)CC1,CC(C)C(CNC(=O)N1CCCSCC1)C1=CC=CC=C1
CCCC(C)NC(=O)C[NH2+]CC1=CSC=C1C,CCC(C)N(C)C(=O)NC(C)C1=CC=CC=C1Cl
CC1=NC(C)=C(C(=O)NC2=CC=C(OC3=CC=CC=C3)C=N2)O1,CC1=NC(C)=C(C(=O)NC2=CC=C(OCC(=O)N(C)C)C=C2)O1
CC1=CC=C(NC(=S)NC(C)C)C=C1C,CC1=CC=C(C(=O)NC(C)C(C)C2=CC=CC=C2)C=C1C
CC(C)OCC1=CC=CC(NC(C)C(=O)NC(=O)NC(C)(C)C)=C1,CC(C)(C)OCC1=CC=CC(NC(=O)C2CC3CCC2O3)=C1
COC(=O)C(C)C(C)[NH2+]CC1CCCCC1,COC1=CC=CC(C(=O)NCC2CCCCC2)=C1F
O=C([O-])CC[NH+]1CCN(CC2=CC=CC=C2C2CC2)CC1,O=C(CN1CCCCCC1=O)NCC1=CC=CN=C1
CCOC(=O)C1=C(NC(=O)CN2C(=O)OC3=CC=CC=C32)SC(C)=C1,CC(C)(C)CCNC(=O)CN1C(=O)OC2=CC=CC=C21
COC1=CC(C(=O)NC2CC(=O)N(C)C2)=NC(OC)=N1,COC1=NC(OC(C)C(=O)NC2CC(=O)N(C)C2)=C2C=CC=CC2=N1
CC1CC(=O)N(CC(=O)NC2=CC=CC3=CC=CC=C23)C2=CC=CC=C2S1,O=C(CC1=CC=CC=C1F)NC1=CC=CC=C1C(=O)N1CCOCC1
O=C(NC1=CC=CC2=CN=CC=C12)C(=O)N1CCN(C(=O)C2CCCCC2)CC1,O=C(NC1=CC=C(Cl)C(N2CCCS2(=O)=O)=C1)C1=CC=CS1
CCCCNC(=O)CCC1=C(C)N2N=C3C=CC=CC3=C2N=C1C,CCC1=NOC(CC)=C1CC(=O)NC1=NC=NC2=CC(C)=CC=C12
C=CCN(CC=C)C(=O)C1CCN(C(=O)C(C)(C)C)CC1,CCCC(C)NC(=O)C1CCN(C(=O)C2=C(C)ON=C2)CC1
CC(C)C1=NSC(NCC(C2CC2)[NH+](C)C)=N1,CC(C)C1=NSC(NC(C2=CC=CN=C2)C2CCCC2)=N1
CC(=O)NC1=CC(C(=O)NC2=CC=C(N3C=NC=N3)N=C2)=CC=C1C,CC(=O)NC1=CC=C(NC(=O)C2=CC(N(C)C)=CC=C2C)C=N1
CC(CNC(=O)C1=NN(C2CCCC2)C=C1)C1=NC(C2=CC=CC=C2)=NO1,CC(C)C(=O)NC(C)C1=NC(C2=CC=CC=C2)=NO1
CC1=CC(C(=O)NC2=CC=CC=C2N2C=CC(C(N)=O)=N2)=C(C)O1,CC1=CC=CC=C1NC(=O)CN(C)C(=O)C1=CC=CC=C1
CC1=NN(C2=CC=C(CNC(=O)NC3CCCC3C(N)=O)C=N2)C(C)=C1,CC1=NN(C2=CC=C(CNC(=O)C3CCS(=O)(=O)C3)C=N2)C(C)=C1
C[NH+](CCNC(=O)C1=CC=CN1C1=NN=C(N2CCCC2)S1)C1CCCCC1,O=C(NCC(=O)N1CCCCC1)C1=CC=NC2=CC=CC=C12
CC1=CC=C(CCN2CC34C=CC(O3)C(C(=O)N3CC(O)C3)C4C2=O)C=C1,CC1=CC=C(CCNC(=O)C2=C(C)N(C3CCOCC3)N=C2)C=C1
CCCN1N=CC(C(=O)NC(C2=CC=C(C)C=C2)C2=CC=CN=C2)=C1C,CC(C)CN1N=CC(Cl)=C1C(=O)NC1=CC=C2COCC2=C1
CC1(C)CCC(CNC(=O)C2=CN3C=NN=C3C=C2)C2=CC=CC=C21,CSC1CCC(NC(=O)C2=CN=C3C=CC(C(C)C)=CC3=C2)C1
CC(C)S(=O)(=O)CC(=O)N1CCN(C2=NC=CC=C2C#N)CC1,CCC(CC)NC(=O)N1CCN(C2=NC=CC=C2C#N)CC1
COCC(NC(=O)C1=CC(C2=CC=CC=C2)=C(C)NC1=O)C(N)=O,CC1=CC=C(C(=O)NC2=CC=C(Cl)C=N2)C(=O)N1C
CCNC(=O)C(C)SC1=NC=C(C2=CC=CC=C2)N1CC1CCCO1,CC(CNC(=O)N(C)CC1CCCO1)C1=CSC=C1
CC1=CC=CC(C2=NN(C[NH+]3CCCCC3)C(=S)N2C2=CC=CC=C2)=C1,CC1=CC(Br)=CC(C)=C1C(=O)N1CCC([NH+]2CCCC2)CC1
CC1=CC(O)=C(C(C)C)C=C1[N-]S(=O)(=O)C1=CNC2=NC=CC=C12,CC1=CC([N-]S(=O)(=O)C2=C(C)C=CC=C2C(C)C)=CC(C)=C1C[NH3+]
CC(=O)NCCOC1=CC=C(C)C(C)=C1,CC1=CC=C(NC(=O)COC2=CC=C(Br)C=C2)C=C1
CCCCC1NC(=O)N(CC2=NOC(C3CC3)=N2)C1=O,O=C(CN1CCCSC2=CC=CC=C21)NCC1=CC=CC=C1
O=C(OC1CCOC1)C1(C2=CC=C(Cl)C(Cl)=C2)CCC1,O=C(NC1CCOCC1)C(O)C1=CC=C(Cl)C=C1
COC1=CC=CC(CN(C)C(=O)C(=O)NC2=CC=CC3=CC=CN=C23)=C1,COC1=CC(F)=CC(CN(C)C(=O)NC2CCC(SC)C2)=C1
CC1=C(C(=O)N2CCCC2)OC2=C1C1=NN(CC(=O)N3CC(C)CC(C)C3)C=C1CC2,CC1CCN(C(=O)CNC2=CC=C(Br)C=C2)CC1
COC1=CC=C(C2(CNC(=O)C3CC(=O)N(C4=CC=C(C)C=C4)C3)CCOCC2)C=C1,COC1=CC=C(C2(CNC(=O)N3CCC(C)CC3)CCCC2)C=C1
O=C(NC1=CC=C(Cl)C=C1)C1=CC(S(=O)(=O)N2CCOCC2)=C(Cl)C=C1Cl,COC1=CC=C(Cl)C=C1S(=O)(=O)NC1=CC=C(Cl)C=C1
O=C(NCCC1=CC=C(Cl)C=C1)C1CCC(=O)N(C2CCCCCC2)C1,O=C(NCCC1=CC=C(Cl)C=C1)C1CC(=O)N(C2CCCC2)C1
N#CCCN(CC1CCOC1)CN1C=CC(C2=CSC=C2)=N1,N#CC1=CC=CC(NC(=O)N(CC2=CC=CC(Cl)=C2)C2CC2)=C1
COC1=CC=C(S(=O)(=O)N2CCCN(CC[NH+](C)C)CC2)C=C1,CCC1=CC=C(S(=O)(=O)N2CCN(C3=CC=C(O)C=C3)CC2)C=C1
CC1CC1C1=CC=C(CCC(=O)N2CCCC(CNS(C)(=O)=O)C2)O1,CC(=O)NCC1CCCN(C(=O)CC2=COC3=CC=C(F)C=C23)C1
COC1=CC=C(N2CCN3C2=NN(CC(N)=O)C(=O)C3=O)C=C1,O=C(CN1CCCC2=CC=CC=C21)NC1=CC=C(Cl)C=C1
N#CCOC1=CC=CC=C1N1CCCCC1=O,COC1=CC=CC=C1NC(=O)C1=CC=CC=C1N1CCCCC1=O
O=C(CC1=NOC(C2=CC=NC=C2)=N1)NC1=CC(Cl)=CC(Cl)=C1,O=C(NCC(=O)N1CCCC1)C1=CC=NC(C2=CC=CC(Cl)=C2)=C1
COCCCC1(C(=O)[O-])CCCN(C(=O)C2=C(C)C=CS2)C1,CC1=CC=CC=C1C(=O)N1CCCC(C(=O)NC2=NC=CC=C2Cl)C1
O=C(NC1=CC=NN1CC1=CC=C(Cl)C=C1)C1COC2=CC=CC=C2O1,O=C(NCC1=CC=C(Cl)C=C1)C1COC2=CC=CC=C2O1
CCC(CC)N(C)C1=NC=NC2=C1C=NN2CC(=O)OC,CCC(CC)NC(=O)C1=NN(C)C2=CC=C(Cl)C=C12
CC1CCCCC1NC(=O)NC(=O)CSC1=NN=C(C2=CC=CN=C2)N1C,CSCC1CCCN1C(=O)NC1=CC=C(S(C)(=O)=O)C=C1
COCCN1C(=NC(=O)C2CCCCN2S(C)(=O)=O)SC2=C(C)C=C(C)C=C21,CC1=CC(C)=C2N=C(NC(=O)C3CCCCN3S(C)(=O)=O)SC2=C1
CC1(C)CCC(O)(C2(C#N)CCOC2)CC1,N#CC1(C(O)C2=CC=C(OC(F)(F)F)C=C2)CCOC1
CC1=C(C[NH+]2CCC(C)C(C)C2)OC=C1,CC1=CC=C(CN2C(C)C[NH2+]C(C)C2C)O1
CCCCS(=O)(=O)[N-]C1=CC=C(NC(=O)C2CCC[NH+](C)C2)C=C1,CCCCS(=O)(=O)C1=CC=C(NC(=O)N2CCCC2)C=C1
CC1CC2=CC=CC=C2N1S(=O)(=O)C1=CC=C2C([O-])=NNC(=O)C2=C1,CC1=CC2=CC=CC=C2N1S(=O)(=O)C1=CC=CC=C1C[NH3+]
CCC1=CC=C(C(N)CC[NH+](CC)CC)C=C1,CCC1=CC=C(C([NH3+])CC2=CC=C(C(F)(F)F)C=C2)C=C1
CC(C)CC1COCCN1C(=O)CSCC(=O)C1=CC=CC=C1,CCC(NC(=O)N1CCOCC1CC(C)C)C1=CC=NC=C1
COC(=O)C(C)(C)C1CCCN(S(=O)(=O)C2=CC=C(F)C(F)=C2)C1,CC(C)C1=CC=C(S(=O)(=O)N2CC[NH+](C3CCCCC3)CC2)C=C1
CC(C)[NH+]1CCN(CC(=O)NCCC2=CC=C(F)C=C2)CC1,CC(C)C1C[NH2+]CCN1CC1=CC(F)=CC=C1Br
CC1=CC=CC(NC(=O)C(=O)NCCC(=O)NC2=CC=CC=C2)=C1Cl,CC1=CC=CC(NC(=O)NCC2=CC=NC=C2)=C1Cl
CC(C)CN1CCOC(CNC(=O)C23CCC(CC2Br)C3)C1,O=C(NCC1CN(CC2=CC=CC=C2)CCO1)C1=CC=CC=C1F
COC(=O)C(C)(C)C[NH2+]C1CC1C1=CC=CC=C1,COC1=CC=C(Cl)C=C1NC(=O)C1CC1C1=CC=CC=C1
CCC1=NN=C2CN(C(=O)COCCC3=CC=CC=C3)CCN12,CCC1=NN=CN1C1CCCN(C(=O)CCC2=CC=CC=C2)C1
O=C(CNC(=O)C1=CC=C(Cl)C(Cl)=C1O)NCC1=CC=CO1,CC(C1=CC=CC=C1Cl)N(C)C(=O)NCC1=CC=CO1
CC(C)(CBr)CN1C(=O)C(C)(C)S1(=O)=O,CCS(=O)(=O)CC(=O)NC1=CC(C(C)C)=CC=C1C(C)(C)C
CC(C)C([NH3+])C(C)CCC1=CC=CC=C1,CCC1=CC=C(C(C)C([NH3+])CC2=CC=C(C)C=N2)C=C1
CCC1=CC=C(C(C)NC(=O)C(C)[NH+]2CCC3=NNC=C3C2)C=C1,CC1=CC=C(C(C)NC(=O)C(N)C2=CC=CC=C2)C=C1C
CCC[NH+](C)CC1CCN(C(=O)NC2=CC(NC(C)=O)=CC=C2C)C1,CCOCC1CCN(C(=O)NC2=CC=C(C)C(C)=C2)C1
CC1=CC=CC(NC(=O)NCCNC(=O)C2=CC=C(F)C=C2)=C1Cl,CC1=CC=C(CNC(=O)NC2=CC=C(C(=O)[O-])C(Cl)=C2)C=C1
COCCC(=O)N1CCC(CC2=CC=CC=C2C2=CC=CC=C2F)(C(=O)N(C)C)C1,COC1=CC=CC=C1C(=O)N1CCC(CC(=O)NC2=CC=CC=C2)C1
COC1=CC=CC(N(CC(=O)[O-])S(=O)(=O)C2=CC=C(C)C=C2)=C1,O=C(CNC(=O)C1=CC=C(Br)C=C1)NC1=CC=CN=C1
COC(=O)C1(NC2CCCC2)CCCSC1C,COC1=CC=C2C(=C1)C=CN2CC(=O)N1CCC(O)(C(F)(F)F)CC1
O=S(=O)(NCC1=CC=C(N2C=NC=N2)C=C1)C1=CC=CC(Cl)=C1,O=S(=O)(NCCC1=CC=CC=C1)C1=CC=C(Cl)C(Cl)=C1
CC1CCC(O)(C2(C#N)CCOC2)CC1C,CC(O)(C1=CC=C(O)C(Br)=C1)C(C#N)C1CCOC1
CN(C)S(=O)(=O)C1=CC=C(C(=O)N(C(=O)N2CCCCC2)C2=CC=CC=C2)C=C1,CC1=CC(C(=O)N(C)C)=CC=C1NC(=O)N1CCC(C2=CC=CC=C2)CC1
CCC(C)CC(C)NC(=O)C1CCC[NH2+]C1C,CC(C)CC1CCCCCN1C(=O)NC(C)C1=CN(C)N=C1
[NH3+]C1CCCC1CCSC1=NNC(=O)N1C1CC1,CC1=NC2([NH2+]C3CCCCC3CC(F)(F)F)CCCN=C2N1
CS(=O)CC[NH2+]CC=CC1=CC=C(C#N)C=C1,CCS(=O)C1=CC=C(NC(=O)CC2=CC=C(C#N)C=C2)C=C1
CC(SCCOC1=CC=CC=C1F)C(=O)N(C)C1=CC=CC=C1,COCC(C)NC(=O)C1=CC(F)=CC=C1Br
CC(C)CNC(=O)C(C)(N)C(F)(F)F,CC(C)NC(=O)C(C)N1CCN(C(=O)C2=CC=C(F)C=C2F)CC1
CC1=CC=CC(C)=C1NC(=O)C1=C(C)ON=C1C1=CC=C(F)C=C1F,CC(=O)NC1=CC=CC(C(=O)NCC2=CC=CC=C2F)=C1
CC1=CC(NC(=O)N2CCN(CC3=CC=C(C4=CC=CC(F)=C4)S3)CC2)=NO1,CC1=CC(NC(=O)N2CCN(CC3=CC=CS3)CC2)=NO1
COC(=O)C1=C(C2CC2)N=C(NC(=O)CC2=CSC(C(C)C)=N2)S1,COC1=CC=C(C2=CSC(NC(=O)C(C)(C)C)=N2)C=C1OC
O=C(C1CCCN1S(=O)(=O)N1CCCCC1)N1CCSCC1,O=C(NCC(=O)N1CCCCC1)C1CCC(C2=CC=CC=C2)CC1
CC(C)(C)CS(=O)(=O)N1CC2=C(CC1C(=O)[O-])NC=N2,CC(C)(C)C(=O)N1CCC(C(=O)NCC2=CC=NC=C2)CC1
CCC1=CC=CC2=C1NC=C2C=NN1C(C)=NN=C1C,CCCC1=NNC(C)=C1CN1CCN(C2=CC=CC=C2C)CC1
CCN(CCOC)C1(C[NH3+])CCCSC1C,CC1CC(C[NH3+])(N(C)CC2=NC(C(F)(F)F)=CS2)CS1
CC1=CC(Br)=CC=C1N1CC(C)CS1(=O)=O,CC1=CC(Br)=CC=C1NCC1=NN=NN1C1CC1
CNC(=O)C1CCCN(S(=O)(=O)C2=C(C)N(CC(=O)NC(C)(C)C)N=C2C)C1,CC1=CC=CC=C1CNC(=O)C1CCCN(S(C)(=O)=O)C1
COC(=O)CNC(=O)C1=C(C)C2=C(N=CN(CC(=O)N3CCCCC3)C2=O)S1,CCNC(=O)CN1C=NC(C2=CC=C(Cl)C=C2)=CC1=O
CCN1C(C2CCCN(C(=O)C3=CC(CC(C)C)=NN3C)C2)=NN(C)C1=O,CCCN1C=C[NH+]=C1C1CCCN(C(=O)C2=CNC(=O)C=C2)C1
COC(=O)C1=C(NC(=O)C2=CC=CC(F)=C2)SC(C(=O)NC(C)C)=C1C,CC1=CC(C)=CC(C(C)NC(=O)C2=CC(F)=CC(F)=C2)=C1
CC1CC(C)CC([NH+]2CCC(N3CCNC3=O)CC2)C1,CC1CCCC(C[NH+]2CCC(N3C(=O)N(C)C4=CC=CC=C43)CC2)C1
CC(=O)C1=CC(CN2CCC3=NN=C(C4=CC=CC=C4F)C3C2)=CS1,O=C(C(O)C1=CC=CC=C1)N1CCCC(OCC2=CC=CC=C2F)C1
CCC1=NN(C)C=C1CNC(=O)C1=CC(C)=NC2=CC=C(OC)C=C12,CCC1=NN(C)C=C1C(=O)NC1=CC(OC)=CC(OC)=C1
CC1=NON=C1C(=O)N1CCCC1C1=NC(C)=C2CCC(=O)N(C)C2=N1,CC1=NC(O)=CC(C2CCCN2C(=O)C2=CC=C(Cl)S2)=N1
CC1CCC2=C(C1)SC1=C2C(=O)N(CC(=O)NC(C)C2=CC=CO2)C=N1,CC(C)C(C(=O)NCC1=CC=CC=C1)N1C=NC2=C(C=C(Cl)S2)C1=O
COC1=CC=C(Cl)C=C1S(=O)(=O)NC(C)C(=O)NCC1=CC=C2OCOC2=C1,COC1=CC=C(Cl)C=C1S(=O)(=O)NC(C)C1=NC(C)=CS1
CC[N+]1=C(N)N(CCOC2=CC=C(Cl)C=C2Cl)C2=CC=CC=C21,CC(C)(C)N1C=[NH+]C(CNC2=CC(Cl)=CC=C2Cl)=C1
CC1=CC=CC(C(C[NH3+])SC(C)CCO)=C1,CC1=CC=CC(C(C[NH3+])SC(C)C2=CC=NC=C2)=C1
C#CCN1CCN(C(=O)C2=CN=C(C3CCCO3)S2)CC1,O=C(NCCC1CCC1)C1=CN=C(C2CCCO2)S1
COC(=O)C1=NC2=CC=C(F)C=C2C2=C1C=C(C(C)(C)O)O2,CC1=C(CNC(=O)C2CC(C)CC(C)O2)C2=CC(C(C)(C)C)=CC=C2O1
CC1=CC=C(C(NC(=O)NCC2CC[NH+](C3CC3)C2)C2CC2)C=C1,CC1=CC=C(C(NC(=O)C2=CC=C(F)C=C2)C2CC2)C=C1
CC1=CC=CC(C2=CC=CC(CNC(=O)NCC(C)CC(C)O)=C2)=C1,CC1=CC(C)=CC(C2=CC=CC(CNC(=O)C(C)C)=C2)=C1
C[NH+](C)C1(CNC(=O)C2CCN(C(=O)C3=CC=C(F)C=C3)CC2)CCCCCC1,O=C(NCC(=O)N1CCCCC1)C1=CC(F)=CC=C1F
NC1=CN=CC=C1SCC1=NOC=N1,CSC1CCCC1[NH2+]CC1=CN=C(C2=CC=NC=C2)S1
O=C(NC(C1=CC=CC=C1)C1CC1)N1CCC(OCC2=CC=C(F)C=C2)CC1,O=C(NC(C1=CC=CC=C1)C1CC1)C1=CN=CC=N1
CC1=C(C(=O)C2=C([O-])C(=O)N(CC[NH+](C)C)C2C2=CC=CC(Cl)=C2)C(C)N=N1,CC1=C(C(=O)NCCC2=CC=C(Cl)S2)C(C)N=N1
CCS(=O)(=O)N1CC(C(=O)NC(C)CCC2=CC=CC=C2)OC2=CC=CC=C21,CCS(=O)(=O)N1CCC(C(=O)NC2=CC=CC=C2Cl)C2=CC=CC=C21
CCN1C(CC[NH3+])=NN=C1SC1=NC=NC2=CC=C(F)C=C12,CCN1C(SC2CCCCC2[NH3+])=NN=C1C1CC2=CC(F)=CC=C2[NH2+]1
COC1=CC=CC(CC(NCC2=NN(C)C=N2)C2=CC=CC=C2)=C1,COC1=CC=CC(CC(C(=O)NC2=CC(C)=CC(F)=C2)C(C)C)=C1
CC1=NC2=CC=C(C(=O)NC3COC4=CC=CC=C4C3)C=C2N=C1C,CC(=O)NC1COC2=CC=C(C(=O)NC(C)C3=CC=C(Cl)C=C3)C=C2C1
CC(C)CCNC(=O)C1=CC=C(C=C2SC3=CC=CC=C3NC2=O)C=C1,COC1=CC=C(CNC(=O)CC2=CC=C3CCCCC3=C2)C=C1
CC1=CC=C2CCCN(C(=O)C3=CC=C(N4C=CN=N4)C=C3)C2=C1,COC1=CC(C)=CC(C(=O)N2CCC3=CC(C)=CC=C32)=C1O
CC(=O)C1=CC=CC(C[NH+]2CCC3(CCC[NH+](CC4=CC=CC(C)=C4)C3)C2)=C1,CC1=CC=CC(C[NH+]2CCCC(C(=O)N3CCCCC3C)C2)=C1
CC(C)C1=CC=C(CN(C)C(=O)NCCCN2C=CC=N2)C=C1,CC1=CC=C(CNC(=O)N(C)C(C)C2=CC=C(C#N)C=C2)C=C1
CN1C(C(=O)NC2=CC(Cl)=CC=C2Cl)=CC2=C1C=CO2,CN1N=CC(Cl)=C1C(=O)NC1=CC(Cl)=CC=C1Cl
O=C(NC1(C2=CC=CC(F)=C2)CCOCC1)C1=CC=C2N=CC=CC2=C1,N#CC1=CC=CC(C(=O)NC2(C3=CC=CC(F)=C3)CCOCC2)=C1
C#CCN(CC1=CC(Br)=CC(OC)=C1O)C1CCS(=O)(=O)C1,COC1=CC=C(CN(C)C(=O)C2=CC=C(C)C=C2O)C=C1
CCOC(=O)C1([NH2+]C)CCC(SC2CCCC(C)C2)C1,CCC1CCCN(C(=O)C2=CC=CC(NC(C)=O)=C2)C1
CC1CCN(C(=O)CC2=COC3=CC=C4C=CC=CC4=C23)CC1,O=C(CC1=COC2=CC=C(Cl)C=C12)NCC(=O)N1CCCCC1
CCOC(=O)C1CCCN(C(=O)C2=C3CCCCCN3C(C3=CC=C(C)C=C3)=N2)C1,CC1=CC=C(CNC(=O)N2CCN(C(=O)C3CCCC3)CC2)C=C1
CCN1C=CN=C(NCCC(O)C(C)C)C1=O,CCN(C)C1=CC=C(NC2=NC=CN(CC)C2=O)C=C1N
O=C(CC1=NC(CC2=CC=C(Cl)C=C2)=NN1)NCC1=CC=CO1,CC(C)(C)C(=O)NCC1=NN(CC2=CC=C(Cl)C=C2)C=N1
CCC(C)CC(C)NC(=O)N1CCN(CC(=O)NC2CC2)CC1,CC1=CC=C(C(=O)NC2CCN(CC3=CC=CC=C3)C(=O)C2)C(C)=C1
COC1=CC=C(CNC(C)=C2C(=O)N(C3=CC=C(OC)C=C3)N=C2C)C=C1,COC1=CC=C(CNC(=O)C2=C(C)C=CC=C2C)C=C1
O=C(CNC(=O)C1=CC=CC(Br)=C1)NCC1(C2=CC=CC=C2)CCCC1,O=C(NCC(=O)N1CCCCC1)C1=CC=CC(Br)=C1
COC1=CC=C(Cl)C(NC(=O)NCC2=CN3C=CSC3=N2)=C1,COC1=CC=C(Cl)C(NC(=O)C2=C(Br)C=CS2)=C1
CC(C)C(ON1C(=O)C2=CC=CC=C2C1=O)C(=O)[O-],NC(=O)C1=CC=CC=C1CSCC1=CC=CC=C1C(=O)[O-]
COC1=CC=CC=C1CN1CCOC(C2=CC=CC(OC(F)F)=C2)C1,COC1=CC=C(C2CN(CC3=CC=CC(OC)=C3O)CCO2)C=C1F
CC1=CC(C)=CC(C2=NN=C(SC3=NC(C(C)C)=NS3)O2)=C1,CC1=CC(C2=NN=C(C(C)C)O2)=CC(C(C)[NH3+])=C1
CN(CCOCC1CC1)C(=O)C1=CN=C(C2CCCO2)S1,CN(CC1=CN=C(C2CCCO2)S1)C(=O)NCCC1CCC1
CC(C)CN(CCC#N)C(=O)NCC1CCC(C(=O)[O-])O1,CN(CC1=CC=C(F)C=C1)C(=O)NCC(C)(C#N)C1=CC=C(F)C=C1
CCCCN1N=C(C)C(C[NH2+]CC(C)O)=C1Cl,CCCN1N=C(C)C(C[NH2+]CC2=C(Cl)C=NN2C)=C1Cl
CC1=CC=C(C2=CC=CC(CC3(C(=O)NC(C)C)CCN(C(=O)C4CC4)C3)=C2)C=C1,CC1=CC=C(C(=O)NC2CCN(C(=O)C3CC3)CC2)C(C)=C1
O=C1NC(C2=CC=CC(OC3=CC=CC=C3)=C2)OC2=CC=CC=C12,COC1=CC=C(C2=NOC(=O)N2CC2=CC=CC(C(=O)[O-])=C2)C=C1
CCC(C)C(O)C[NH2+]C(C1=CC=CS1)C1CC1,CCC([NH2+]C(C1=CC=C(C)C=C1)C1CC1)C1=CN(C)N=C1C
CC(C)NC1(C#N)CCC(N(C)CC2CC[NH+](C)C2)C1,CC(C)NC1(C#N)CCC(N(C)C(C#N)C2=CC=C(F)C=C2)C1
COC(=O)C1CC1C(=O)NC1CC(C)(OC)C1(C)C,COC1(C)CC(NC(=O)C2=CC=C(C(=O)N(C)C)C=C2)C1(C)C
CCC1=CC=C(NC(=O)C2=NN(C3=CC=C(CC)C=C3)C=CC2=O)C=C1,CCC1=CC=C(NC(=O)C2=CN=CC(Br)=C2)C=C1
CCC(C)NC(=O)C(C)SC1=NC=C(C2=CC=C3OCCOC3=C2)N1CC,CC(C)N1CCC(NC2=CC=C3OCCOC3=C2)C1=O
C=CCN1CC2(CCC1=O)CCN(C(=O)CCC1=CC=CN=C1)CC2,CCCN1CC2(CCCN(C(=O)C3=CC=CNC3=O)C2)CCC1=O
CC1=CC=CC=C1C(=O)NC1=CC=C(N2CC[NH+](CC3=CC=CC=C3)CC2)C=C1,COC1=CC(C(=O)NC2=CC=CC(C)=C2)=CC(OC)=C1C
CCNC1=NC=C(COC2=CC=CC3=CC=CC=C23)S1,CCNC1=NC=C(COC2=CC=CC(Cl)=C2Cl)S1
ClC1=CC=C(COC2=CC=C(CNN3C=NN=C3)C=C2)C=C1,CN1C=C(NC(=O)COC2=CC=C(Cl)C(Cl)=C2)C=N1
CCCC(C)N(C)S(=O)(=O)C1=CC=C(CC(=O)[O-])S1,CCC1=C(CNC(=O)N(C)C(C)C2=CC=C(F)C=C2)SC=C1
CC1=CC=C2NC(=O)C(CNC3=CC=C(OC(C)C)C=C3)=CC2=C1,CC(C)OC1=CC=C(NC(=O)NC2=CN(C)N=C2)C=C1Cl
CCC(C)CN(CC)C(C[NH3+])C1=CC=CC=C1F,CCC(C)CN(CC)C(=O)C1=CC=C2OCC(=O)NC2=C1
CC1CCCC(C)N1C(=O)C1=CC=C2OCOCC2=C1,CCC(C)NC(=O)N1CCC(C(=O)N2CCCC2C2=CC=CC=C2)CC1
CC1CC(C(=O)NCCC[NH+]2CCN(C3=CC=CC(Cl)=C3)CC2)CC(C)O1,CCCCNC(=O)C1CCCN(C2=NC=C(Cl)C=N2)C1
CC(=O)NC1=CC=C(NC(=O)C2=C(C)N(C3=CC=C(C)C(C)=C3)N=N2)C=C1,CC1=CC=C(N2N=NC(C(=O)NC(C)C)=C2C)C=C1
O=C(CN1CCN(CC2=CC=C(F)C(F)=C2)CC1)C1=CC=CS1,O=C(NCC1=CC=C(F)C(F)=C1)N1CCN(C(=O)C2=CC=NC=C2)CC1
CC1=CC2=C(C=C1C)OC(C(=O)NCC1=NC3=CC=CC=C3S1)C2,CC1=CC2=C(C=C1C)OC(C(=O)NCCC(=O)N(C)C)C2
CCCC(C)C(=O)NC1=CC(C(=O)NC(C)C2=CC=CC=C2)=CC=C1C,CC(C)COC(=O)NC1=CC=C(C(=O)N2CCOCC2)C=C1
CC1=CC=CC(CSC2=NC(=O)C3C(=N2)NC(=O)CC3C(=O)NC2=CC=C(F)C(Cl)=C2)=C1,CC1=CC=CC(NC2=NC(=O)C3CN(CC4=CC=CC=C4)C(=O)CC3=N2)=C1
CC1=CC=C(N2CCC(C(=O)NCC(CC(C)C)N3CCOCC3)C2=O)C=C1,CC1=CC=C(C(CNC(=O)N2CCC(C)(C)C2)N2CCOCC2)C=C1
O=C(CCCN1C(=O)OC2=CC=CC=C21)NC1=CC=C(Cl)C=C1F,O=C(CCCC1=CC(F)=CC=C1F)NC1=CC=C(F)C=N1
CC(C#N)SC1=NC(C2=CC=CC=C2)=CS1,OC1(CC2=NC(C3=CC=CC=C3)=CS2)CC2CCC(C1)[NH2+]2
CS(=O)(=O)CCCOC1=CC=C(N2C=NC=N2)C=C1,CSC1CCC(NC(=O)CC2=CC=C(N3C=NC=N3)C=C2)C1
OCC1=CC=CC(C2=NC=CC=N2)=C1,COCC1=CC=CC(C(O)C2=CN=CC(Br)=C2)=C1
OCC1=CN2CC=C(Cl)OC2=N1,CC(C)C(C)NC(=O)CN1C(C(F)(F)F)=NC2=CC=CC=C21
