CC1=CC=CC(OP(=O)(NCC2=CC=CC=C2)OC2=CC=CC(C)=C2)=C1,
C=CCN1C(SCC2=NC(O)=C3C(C4=CC=CC=C4)=CSC3=N2)=NN=C1C1=CC=CC=C1F,O=C1C2=CC=CC=C2S(=O)(=O)N1CCCCN1CCN(C2=NSC3=CC=CC=C23)CC1
C1=CC=C(C(C2=CC=CC=C2)N2CCN(CC3=NC(C4=CN=CC=N4)=NO3)CC2)C=C1,C1=CC=C(C2=NC(CN3CCN(C4=CC=CC=N4)CC3)=C2)C=C1
CC(=O)C1=CC=C(NC(=O)CN2CCN(S(=O)(=O)C3=CC=C(Cl)C=C3)CC2)C=C1,COC1=CC=CC=C1N1CCN(CCCCNC(=O)C2=CC(Cl)=CC=C2C(=O)NC1CCC(N)C2=CC=C(F)C=C2)CC1
CC(=O)C1=CC=CC=C1C(=O)N1CCCC(N2CCN(CC3=CC=C4OCOC4=C3)CC2)C1,CC1=CC=CC=C1CN1CCN(C2=CC=CC(C(F)(F)F)=C2)CC1
CC(=O)N1CCC2=CC(S(=O)(=O)NCCC(=O)NCCC3=CC=C(Cl)C=C3)=CC=C21,CSC1=CC=C(CN2CCC(C3=CC=CC=C4)CC3)C2=C1OC(=O)CCC(=O)NC1CCC(C)C)CC1
C1=CC=C(C2=C(C3=CC=CN=C3)N(CCC3=CNC4=CC=CC=C34)C=N2)C=C1,C1=CC=C2C(N3CCN(CCC4=CC=CC=C4)CC3)OC2=C1
C1=CC=C(CN2C(CSC3=NN=NN3C3=CC=CC=C3)=NC3=CC=CC=C32)C=C1,ClC1=CC=CC=C1N1CCN(CCCCN2C=C3C(=CH3=C2=CC=CC=C23)CC1
C(COCC1CCN(CC2=CC=CC=C2)CC1)=C(C1=CC=CC=C1)C1=CC=CC=C1,OC1=CC=C(CN2CCC(NC(=O)C3=CC=CC=C3)CC2)C=C1
CC(=O)N1CCCC2=CC(C(O)C[NH+]3CCC(C(C)(C)C)CC3)=CC=C21,CC(C)(C)C1=CC=C(CN2CCCC(C3=CC=C(Cl)C=C4)CC3)C2=O)C=C1
CC(=O)C1=CC=CC=C1C(=O)N1CCC(CO)(CCOC2=CC=CC=C2)CC1,COC1=CC=CC=C1C(=O)NC1CCN(CC2=CC=CC=C2)CC1
CC(=NNC(=O)CNC(=O)C1=CC=C(F)C=C1)C1=CC=C(Cl)C=C1,CC(C)(=O)C1=CC=C(CN2CCC(OC3=CC=C(Cl)C=C3)CC2)C=C1
CC(=O)C1=CC=C(OCC(=O)N2CCN(C3=CC=CC=C3F)CC2)C=C1,COC1=CC=CC=C1N1CCN(CCCC(=O)N2CCC3=CC=CC=C32)CC1
C=C1C2=CC=CC=C2C(=O)N1CC(=O)N1CCC([NH+](C)C)CC1,CC1=CC=C(C(=O)NCCCN2CCN(C3=CC=CC(Cl)=C3Cl)CC2)C=C1CN1CCCC1
CC(=CC1=CC=CC=C1)C(=O)N1CCN(C2=CC=CC=C2F)CC1,CC(=O)N1CCN(CCCCN2CCN(C3=CC=CC=C3F)CC2)CC1
CC(=O)C1=CC=C(N2CC[NH+](CC3CCOC3)CC2)C(F)=C1,CC1=CC=C(N2CCN(CC3=CN(C4=CC=C(F)C=C4)=NO3)CC2)C=C1
CC(=O)N1CCCC1C(=O)N1CCN(C2=CC=CC(Cl)=C2)CC1,ClC1=CC=C(N2CCN(CC3=CC=CC(Cl)=C3)CC2)C=C1Cl
C1=CC=C(C2=NC(N3CCOCC3)=C3C=CC=CC3=N2)N=C1,C1=CC=C(C2=NC(CN3CCN(C4=CC=CC=N4)CC3)=C2)C=C1
CC(=O)N1CCN(C(=O)C(=O)NC2=CC=CC(Br)=C2)CC1,CC(C)NC1=CC=CC(C(=O)NCCCN2CCN(C3=CC=CC(Cl)=C3Cl)CC2)=C1
C#CCN1CCN(CC2=COC(C3=CC=CC(Cl)=C3)=N2)CC1,ClC1=CC=C(C2=NN=C(CCN3CCN(C5=CC=CC5=C4C(C)=CC5=NC5=CC=CC=C45)CC3)=C2)C=C1
C1=CC=C(COCCCN2C=C(C3=CC=CC=C3)N=N2)C=C1,C1=CC=C(CCC2=CC=CC=C2)CN(CCCCN2CCCC2)C=C1
C#CCN1CCN(C(=O)NCC2=CC=C(COCC)C=C2)CC1,CCOC1=CC=CC=C1CNC(=O)(=O)NCC1CCN(CCCCOC2=CC=CC=C2)CC1
C1=CC=C(C2=CC=CC=C2OCCOCCN2CCOCC2)C=C1,C1=CC=C(C2=COC(=O)NC3=CC=CC=C3OC2=CC=CC=C2)C=C1
C#CCNC(=O)N(CCC1=CC=C(C)C=C1)CC1CCCO1,CCCN(CCC1=CC=C(F)C=C1)C1CCC2=CC=C(OC)C=C2C1
C1=CC=C(C(C2=CC=CC=C2)N2CCNCC2)C=C1,C1=CC=C(CN2CCC(C3=CC=CC=C3)CC3)C2=CC=CC=C21
C1=CC=C(C2=NN(CC3=NOC=C3)C=C2)C=C1,ClC1=CC=C2C(CCCN3CCN(C4=CC=CC=C4)CC3)=CN2CCC1=C
C1=CC=C2C(CC[NH2+]C3CCSC3)=CNC2=C1,ClC1=CC=C(C2CC2CN2CCC(C3=CNC4=CC=CC=C34)CC2)C=C1
C1=CC=C(C2=NOC(CN3CCOCC3)=N2)C=C1,C1=CC=C(C2=NC(CN3CCN(C4=CC=CC=C4)CC3)N2C)OC=N1
C1=CC=C(CN2N=NN=C2CN2CCOCC2)C=C1,C1=CC=C(CN2CCC(N3C=CNC3=CC=CC=C32)C=C1
C1=CC=C(NC2=NCCN2CCC2CCCCC2)C=C1,C1=CC=C(CCCCN2CCC(C3=CC=CC=C3)CC2)C=C1
C1=CC=C(NC2=NC=NC3=C2C=CS3)C=C1,CC1=CC=C(S(=O)(=O)NC2=CC=CC(SCN3CCC(C4=NOC5=CC=CC=C45)CC3)C=C2OS1=O
C#CCN1CCN(C(=O)NCCOCCC(C)C)CC1,CC(C)N1CCN(CC(O)C2=CC=C(OC)C=C2C(=O)NC1CCN(CC2=CC=CC=C2)C1
BrCCCC1CC2=CC=CC=C2S1,C1=CC=C(CCCN2CCC3=C(C3=CC=CC=C3)CC2)C=C1
CC(=O)NC1=CC=CC(NC(=O)CSC2=NC3=CC(Cl)=CC=C3N2CC2=CC=CC=C2)=C1,CC(C)OC1=CC=CC=C1N1CCN(CC2=CC=CC(C(=O)N3CCC3CCC(C3)N3C)CC1
CC(C)CC(=O)NC1=CC=C(C(=O)COC(=O)CN2C(=O)NC3(CCCCC3C)C2=O)C=C1,CC(C)OC1=CC=CC=C1N1CCN(CC2=CC=C(C(=O)N(C)C)C3CCCC3)S2)CC1
CC(=O)NC1=CC=C(S(=O)(=O)N2CCC(N3C=NC4=CC(F)=CC=C43)CC2)C=C1,CC(C)OC1=CC=CC=C1N1CCN(CCC(=O)NC2CCC3=CC=C(OC(F)(F)F)C=C32)CC1
CC(C)CNC(=O)NC1=CC(C(=O)NCC2=CC=C(C(C)C)C=C2)=CC=C1N1CCCC1,CC(C)C1=CC=C(NC(=O)NCCCCN2CCN(C3=CC=C(Cl)C=C3)CC2)C=C1
CC(=O)N1CCN(CC2=NC3=CC(NC(=O)C4=CC=CC=C4)=CC=C3N2C)CC1,CN(C)C1=CC=CC=C1N1CCN(CCCCNC(=O)C2=CC3=CC=CC=C3N2)CC1
CC(C)(C)OC1=CC(CNC(=O)N2CCC3=C(C2)NC2=CC=CC=C32)=CC=N1,CC(C)N1CCCC1CNC(=O)C1=CC(NC=CC=CC2=C1)CC1
CC(C)CNC1=CC(NC2CCCCC2)=C2C(=O)C3=CC=CC=C3C3=C2C1=NO3,CC1=C(C)C2=CC=CC=C2N1C(=O)CN1CCN(CC2=CC=CC(C(=O)N3CCCCC3)=C2)CC1
CC(C)C([NH2+]CC1=CC=C(CN2CCCC2=O)C=C1)C1=CC=CC=C1,CC1=C(CCCCN2CCCC3=CC=CC=C3C2=O)CC2=CC=C(Cl)C=C2)C=C1
CC(=O)NC(CC1=CNC2=CC=CC=C12)C(=O)NCCC1=CC=CC=C1,CC(C)OC1=CC=CC=C1N1CCN(CCCC2=CC=CC(C(=O)NC3=CC=CO2)CC1
CC(C)=C1OC2=C3CN(CC4=CC=CC=C4)COC3=CC(C)=C2C1=O,COC1=CC=CC2=C1OC(CN1CCC(O)(C3=CC=CC=C3)=C2)CC1
CC(=O)N1CCN(C2=CC=CC=C2NC(=O)C2=CC=CN=C2Cl)CC1,CC1=C(C=NC(C)=C1ClCN1CCC(N2CCN(C3=CC=CC=N3)CC2)CC1
CC(=O)N1CCN(CC2=CC(NC(C)C3CCCO3)=CC=[NH+]2)CC1,CC(C)OC1=CC=CC=C1N1CCN(CC2=CC=C(C(=O)N3CCCCC3)C(C)N2C)CC1
CC(C)(C)OC(=O)CN1C(=O)NC2(CCCC3=CC=CC=C32)C1=O,CC1CC2=CC=CC=C2N1C(=O)CN1CCN(CC2=CC=C(Cl)C=C2)CC1
CC(C)C(=O)NC1CCCN(C(=O)CC(O)C2=CC=C(Cl)C=C2)C1,CC(CNCCC1=CC=C(O)C(OC)=C1)CCC1=CC=C(O)C(Cl)=C1
CC(C)(C)SCCNC(=O)C=CC1=CC=C([N+](=O)[O-])C=C1,CC(C)(C)OC1=CC=C(NC(=O)NCCCCN2CCN(C3=CC=C(C#N)=C3)CC2)C=C1
CC(C)C(C)CC(=O)N1CCCN(C(=O)C2=CC=C(F)C=C2)CC1,CC(C1=NN(C2=CC=C(F)C=C2)C1=C(C=C1)N1CCCCC1
CC(=O)N1CCN(C(=O)C(C)SCC2=CC=C(F)C=C2F)CC1,CC(C)OC1=CC=CC=C1N1CCN(C2CCC(NC(=O)NC3=CC=C(F)C(F)=C3)CC2)CC1
CC(=O)N1CCN(C(C)C(=O)N2CCC3=C(C=CS3)C2)CC1,CC(C1=CC=C(Cl)C=C1)N1CCN(CCC(C2=CC=C(Cl)C=C2)CC1
CC(=O)N1CCN(CC(=O)NC2=CC=CC=C2C(F)(F)F)CC1,CC(C)OC1=CC=CC=C1N1CCN(CC2=CC=CC(C(=O)NC3=CC=CC=C3)C(C3=CC=CC=C3)=N2)CC1
CC(=O)N1CCN(CC2=NC(CCC3=CC=CC=C3)=NO2)CC1,CC1=CC=CC=C1CN1CCN(CC2=CC=C(Cl)C=C2)CC1
CC(C)CN1C(=O)CC([NH3+])C1C1=CC=CC=C1C1CC1,CC(C)N1CCC2=CC=CC=C2C(=O)N1CCC1=CC=CC=C1
CC(C)(C)OC(=O)N1CCC(CNC2=CC=CC(Br)=C2)C1,CC(C)(C)OC1=CC=CC=C1N1CCN(CC2=CC=CC(C(=O)N3CCC(C)C)C3)CC2)CC1
CC(C)CC(=O)N1CCN(C(=O)C2=CC=CC(F)=C2)CC1,CC(C)N1CCN(C2=CC=CC(F)=C2)CC1
CC(=O)NC1=CC=C(NC(=O)NC2=CC=CC=C2)C=C1,CC(=O)NC1=CC=C(C(=O)NCCC2CCN(CC3=CC=CC=C3)CC2)C=C1OC
CC(C(=O)[O-])N(C)C(=O)NCC1CN2CCCC2CO1,CC(CN1CCCC1CNC(=O)C1=C(OC)C=CC(Br)=C1B(F)=C1
CC(=O)NC1CCCN(C(=O)NCC2=CC=CC=C2F)C1,CC(=O)NC1CCC(CCN2CCN(C3=CC=CC=C3F)CC2)CC1
CC(C)COC1=CC=CC=C1CNC(=O)N1CCCC(C)C1,CC(C)OC1=CC=CC=C1N1CCN(CC2=CC=CC(C(=O)NC3CCCCC3)=C2)CC1
CC(C)(C)OC(=O)NCC1CCC(C(=O)[O-])CC1,CC(C)(C)OC(=O)NCCC1CCN(CC2=CC=C(O)C3=CC=C(F)C=C3)CC2)C1
CC(C(=O)C1=CNC2=CC=CC=C12)N1CCOCC1,CC(C)OC1=CC=CC=C1N1CCN(CC2=CNC3=CC=CC=C23)CC1
CC(C)CCC(C)NC(=O)N1CCC2=CC=CC=C21,CC(C)N1CCCC2=CC=CC=C2CN2CCC1
CC(C)(C)NCCCCOC1=CC=C(F)C=C1,CC1=CC=C(OCCCN2CCC(C3=NC=C(F)C=C3)CC2)C=C1
CC(C)(C)OC(=O)NCCCCCO,CC(C)(C)OC(=O)NCCCCCCN1CCC(O)(C2=CC=C(Cl)C=C2)CC1
CC(OC1=CC=C2C3=CCCCC3C(=O)OC2=C1)C(=O)NC(C(=O)O)C1=CC=CC=C1,CC1=C(C2=CC=CC=C2)CCN(CCCSC2=NN=C(C3=CC=CC=C3)N2C)CC1
CC(NC(=O)C1CCN(C(=O)C2=CC=C(F)C=C2)CC1)C1=CC=CC2=CC=CC=C12,CC(C)C1(C2=CC=CC=C2)C(CCCN2CCN(C3=CC=CC=C3F)CC2)C(=O)C1
CC(C1=CC=C(F)C=C1)N(C)C(=O)C[NH+](C)CC1=NC2=CC=CC=C2N1C,CN(C)C1=CC=C(C(=O)NN2C3=CC=C(CN3CCN(C4=CC=CC=C4C(F)CC3)C3=CC=CC=C32)C=C1
CC(NC(=O)C(=O)NCC1CCN(C(=O)C2=CC=NC=C2)CC1)C1=CC=CC=C1,CC(C)N1CCN(C2=NC=CC=C2)CC1CN(CCN1CC=C(C2=CNC3=CC=CC=C23)CC1
CC(NC(C)C1=CC=C(C2=CC=NC=C2)C=C1)C(=O)N1CCC2=CC=CC=C21,CC(C)C1=CC=CC=C1N1CCN(CC(O)C2=CC=C3C(=C2)CC2=CC=CC=C23)CC1
CC(CC(=O)N(C)C1CCN(C2=CC=C(F)C=C2)CC1)C1=CC=C(F)C=C1,CC(O)N1CCN(C2=CC=C(F)C=C2)CC(CN2CCOC3=CC=C(F)C=C32)CC1
CC([NH2+]CCN1C=NC2=C1C(=O)N(C)C(=O)N2C)C(C)N1C=CC=N1,CN1C(=O)C2=C(N=CN2CCCN2CCC(C3=CC=C(Cl)C=C4)CC3)C2=N1
CC(NC(=O)NC1CCCC2=CC=CC=C21)C(=O)NC1CCCC2=CC=CC=C21,CC(C)(C)C1=CC=CC(N2CCN(CCCCC3=CNC4=CC=CC=C34)CC2)=C1
CC(C)OC1=CC=CC=C1C(=O)N1CCN2C(=NN=C2C2=CC=CC=C2)C1,CC1=C(C=CC=C1CN(C)CCN(C)C1=N(C)N=C2C=NC=C1CF
CC(NC(=O)N1CCC2(CCCC2)CC1)C1=CC=C(C2=CN=CN=C2)C=C1,CC(C)C1=CC=C(C(NH2]CC(NC(=O)C3=CC=C(Cl)C=C4)CC3)C2=CC=C(Cl)C=C2N1
CC(OC1=CC=C2C3=CCCC3C(=O)OC2=C1)C(=O)NCC1=CC=CC=N1,CC1=C(C)C2=CC=C3CCN(CCCSC4=NN=C(C5=CC=CC=C4)C=C3)CC2N(C)C1=O
CC(C)NC(=O)CN1C(CCNC(=O)C2=CC=CO2)=NC2=CC=CC=C21,COC1=CC=CC(C(=O)NCCCCN2CCN(C3=CC=CC4=CC=CC=C34)CC2)=C1N
CC1(C)C2CCC1(C)C(OCC(O)C[NH+]1CCC3=CC=CC=C3C1)C2,CCCN(CCC1=CC=CC=C1)C1CC2=CC(OC)=C(OC)C=C2C1
CC(C1=CC=C(Cl)C=C1)N1CCN(CC(C)(C)S(C)(=O)=O)CC1,CC(C)OC1=CC=CC=C1N1CCN(CC2=CC=C(C(=O)N3CCCCC3)CC2)C=C1
CC(CC(=O)NCCC1=CNC2=CC=CC=C12)NC(=O)C1=CC=CC=C1,CC(C)OC1=CC=CC=C1N1CCN(CCCC(=O)NC2CCC3=C(C3)C=CC=C32)CC1
CC1(C)C(C(=O)[O-])C1C(=O)N1CCN(CC2=CC=CC=C2)CC1,CC1=CC=C(CN2CCN(CC3=CC=CC=C3)CC2)C=C1
CC(C=NN1CCN(C2=CC=C(Cl)C=C2)CC1)=CC1=CC=CC=C1,CC1=C(CN2CCN(C3=CC=C(Cl)C=C3)CC2)C=C1
CC(CC(O)C1=CC=CO1)NC(=O)NC1CCC2=CC=C(F)C=C21,CC(NC1=CC(O)=CC(C(F)(F)F)=C1)OCC1=CC=CC(O)=C1
CC(CCC1CCCC1)NC(=O)N1CCN(C2=CC=CC=[NH+]2)CC1,CC(C)OC1=CC=CC=C1N1CCN(CCCCNC(=O)C2=CC=C(C(N)=O)C=C2)CC1
CC1(C(=O)N2CCN(CC3=CC=CC=C3Cl)CC2)CC1(Cl)Cl,CC1=C(C(=O)NC2CCN(CC3=CC=CC=C3)CC2)C(=O)C1
CC(C1=CC=CC=N1)N(C)C(=O)NC1CCCC2=CC=CC=C21,CC(C)C1=CC=CC=C1N1CCN(CCCC(=O)N2CCCCC3=CC=CC=C32)CC1
CC(ON=C(N)CC(=O)NC1=CC=CC=C1Cl)C(=O)NC1CC1,CC(C)C1=CC=CC=C1N1CCN(CC2=CC=CC(C(=O)NC3CCCCC3)=C2)CC1
CC(C)N1N=CC=C1NC(=O)NCCC1=CNC2=CC=CC=C12,CC(C)OC1=CC=CC=C1N1CCN(CCCCNC(=O)C=CC2=CNC2=CC=CC=C23)CC1
CC(O)CC(C)CNC(=O)C1(C2=CC=C(Cl)C=C2)CCC1,CC(C(=O)N1CCC(CN2CCCC2)CC1)C(N+](O)=NC1=CC=C(Cl)C=C1
CC(OCC(F)(F)F)C(=O)NC1CCCC2=CC=C(F)C=C21,CC(C)C1=CC=CC(C(=O)NCCCCN2CCN(C3=CC=CC=C3F)CC2)=C1
CC([NH2+]CC1=CC=C(F)C=C1)C1=CC(F)=CC=C1O,CC(CCN1CCC2=C(C1)C1=CC=C(F)C=C1F
CC(CNC(=O)C1=CC=CC=C1F)N1CCC2=CC=CC=C21,CN(C)C1=CC=CC(C(=O)NCCCN2CCN(C3=CC=CC=C3Cl)CC2)=C1
CC(OC(=O)C1=CNC2=CC=CC=C12)C(=O)N1CCCC1,CC(C)OC1=CC=CC=C1N1CCN(CCCC2=CNC3=CC=CC=C23)CC1
CC(CCC1=CC=CC=C1)NC(=O)C1=CC=C(F)C=C1,CC(C(=O)NC1CCC(CCN2CCN(C3=CC=CC=C3F)CC2)CC1
CC(C)CSC1=NC2=CC=CC=C2N1CC(N)=O,CC(C)C1=CC=CC=C1SNC(=O)C1=CC=CC(CN2CCN(C3=CC=CC=C3OC(C)C)CC2)=C1
CC(C)N(C)C(=O)C1=CC=C2NC=NC2=C1,CN(CCC1CCN(CC2=CC=C(Cl)C=C2)CC1)NC(=O)C1=CC=C2NC=CCN2C=C(Cl)C=C1
CC(CCO)CNC(=O)NCC1CN2CCCCC2CO1,CC(C)N1CCCC(N2CCN(C3=CC=C(F)C=C3)CC2)C1CO
CC1=C(C)C2=CC=C(OCC(=O)NC3=CC=C(N4CCC(C)CC4)C=C3)C=C2OC1=O,CC1=C(C)N(C2=CC=C(CN3CCN(C4=CC=C(F)C=C4)CC3)N2)C=C1
CC1=CC([N+](=O)[O-])=CC=C1NC(=O)C1CCN(C2=CC=CC(Cl)=C2)CC1,CC1=CC(=O)OC2=CC(Cl)=C(N3CCN(C)CC3)C(C)N2C)C=C1
CC1=C(S(=O)(=O)N2CCN(C3=CC=C(F)C=C3)CC2)C(=O)N2C=CSC2=N1,CN1CCN(C2=NC3=CC(Cl)=CC=C3N(NC(=O)C3=CC=C(F)C=C3)C3=CC=CC=C23)CC1
CC1=CC(C)=C(NC(=O)C=S(O)CC(=O)NC2CCCC3=CC=CC=C32)C(C)=C1,CC(=NH1+CCC1CNC(=O)C1=CC(C)=CC(OC)=C1OC
CC1=CC(NC(=O)CN2CCN(CC3=CC(C4=CC=C(Cl)C=C4)=NO3)CC2)=NO1,CC1=CC(C2=CC=C3CCN(CCCSC4=NN=C(C)N4C)CC3)=C2)=NO1
CC1=CC(=O)N(CC(=O)N2CCN(C3=CC=CC=C3F)CC2)C2=C1C(C)=NN2C,CC1=CC=CC=C1N1CCN(CCCCN2C(=O)NC3(CCCC4=CC=CC=C43)CC2)=CC=C12
CC1(C2=CC=CC=C2)NC(=O)N(CC2=NC(C3=CC=CC=C3)=NO2)C1=O,CC1=C(C)C=C2C(=O)NCCCCN1CCN(C2=NSC3=CC=CC=C23)CC1
CC1=C(C(=O)N2CCN(CC3=CC=CC=C3)CC2)OC2=C(Cl)C=CC=C12,CC1=C(CN2CCC(O)(C3=CC=CC(Cl)=C3)CC2)C=C1Cl
CC1=C(C(=O)NC2CC3CCCC4=C3C2=CC=C4)SC(S(N)(=O)=O)=C1,CC1=CC=CC(S2=NC(C)CCN3CC4=CC(C4=CC=CC=C4)=C3)C2=O)C=C1
CC1=CC(C(=O)N2CCCC(N3CCN(C4=CC=C(F)C=C4)CC3)C2)=NO1,CC1=CC(C)=CC(=O)OC2=CC=C(F)C=C2N1CCCCN1CCN(C2=CC=CC3=C2OC(C)C)CC1
CC1=CC(=O)OC2=CC(OC3=NC=CC=C3NC(=O)C3CCC3)=CC=C12,CC1=CC(=O)OC2=CC(OCCCCN3CCC(C4=NN=C(Cl)C=CC=C4C)CC3)=CC=C12
CC1=CC(C(=O)NC2CCCC3=CC=CC=C32)=CC=C1[N+](=O)[O-],COC1=CC=CC2=C1CCC(NCC1=CC=CC=C1)C2
CC1=C(C(=O)NCCCN2CCOCC2)C(C2=C(Cl)C=CC=C2Cl)=NO1,CC1=C(C(=O)NCCCCN2CCN(C3=NC=CC=C3Cl)CC2)C=C(Br)C2=CC=CC=C12
CC1=C(C)C(C(=O)N2CCC3=C(C2)NC2=CC=CC=C32)=C(C)O1,CC1=CC=CC2=C1C(CN2CCC(C3=CNC4=CC=CC=C34)CC2)C(=O)N1CCCCN1CC=C(C2=CNC3=CC=CC=C23)CC1
CC1=CC(C)=CC(OCC(=O)N2CCN(C3=CC=C(F)C=C3)CC2)=C1,CC1=CC=C(OCCNCC2CCN(C3=CC=C(F)C=C3)CC2)C=C1OC
CC1=C(C(=O)OCC2=CC=C(Cl)C=C2)C(C2=CC=CC=C2)=NO1,CCOC1=CC=CC=C1N1CCN(CC2=CC=C(Cl)C=C2)CC1
CC1=CC=C(C(=O)N2CCC(CC(=O)NCCC3=CC=CO3)CC2)C=C1,CC1=CC=C(C(=O)NCCC2CCN(CC3=CC=C(Cl)C=C3)CC2)C=C1
CC1=C(C(=O)N2CCC(C)C(O)C2)C(C2=CC=CC=C2Cl)=NO1,CN(C)CC1=CC=CC=C1CN2CCC(N2CCN(C3=CC=CC=C3Cl)CC2)C(=O)C1
CC1=C(C(=O)N2CCC(N3CCSCC3)CC2)OC2=C(F)C=CC=C12,CC1=CC=CC(S2=NN=C(SCCCN3CCN(C4=CC=CC=C4)CC3)C(F)=C2O)C=C1
CC1=C(C(=O)N2CCN(CCOC(C)C)CC2)C=NN1C1=CC=CC=C1,CC1CCN(CC(=O)CN2CCN(CC3=CC=CC=C3)CC2)C=C1N
CC1=C(C(=O)N(C)CC(=O)N(C)C)C(C2=CC=CC=C2)=NO1,CN(C)CC1=CC=CC=C1CN1C(=O)C(=O)NC2=CC=CC(C(=O)N3CCCCC3)=C2)CC1
CC1=CC(=O)OC2=CC(OCC(=O)NCC3=CC=CC=N3)=CC=C12,CC1=CC(=O)OC2=CC(OCCCN3CCC(C4=NOC5=CC(F)=CC=C45)CC3)=CC=C12
CC1=C2CN(CCC(=O)C3=CC=CC=C3)CCN2C2=CC=CC=C12,CC1=C(CC2=CC=CC=C2)NN(CC2=CC=CC=C2)C=C1
CC1=CC(C(=O)NC2CCCN(CC3=CC=C(Cl)C=C3)C2)=NO1,CC1=CC=C(CN2CCCC(NC(=O)C3=CC4=CC=CC=C4S3)CC2)C=C1
CC1=CC(OCC2=CC=CC(Cl)=C2)=C(C)C=C1CN1CCOCC1,CC1=CC=CC(C2=CNC3=CC=CC=C2N1C(=O)CN1CCN(CC2=CC=CC(Cl)=C2)CC1
CC1=CC2=NC(C(=O)NCC3=CC=C4OCOC4=C3)=CN2C=C1,CC1=CC=CC(N2CCN(CCN3CCCC(O)=NC3=CC=CC=C34)CC2)=C1
CC1=CC(C)=NC(N2CCC(NC(=O)OC(C)(C)C)CC2)=N1,CC(C)(C)OC(=O)NC1=CC=CC(C2CN2CCN(C3=NOC4=CC=CC=C34)CC2)=C1
CC1=CC(C)=C2C(N)=C(C(=O)N3CCCCCC3)SC2=N1,CC1=CC=CC(N2CCN(CCCCNC(=O)C3=C(C)N(C)CC4=C3C(C)=NN3)CC2)=C1
CC1=CC(N2CCSCC2)=CC=C1NC(=O)C1=CC=CS1,CC1=CC=C(C(=O)N2CCC(CN3CCCCC3)CC2)C=C1
CC1=CC(F)=CC=C1CCNC(=O)C[NH2+]C1CC1,CC(CN1CCC(C2=CC=CC(F)=C2)C1)C1=CC=C(F)C=C1
CC1=CC2=C(C=C1C)NC(C1CCOC1C)=N2,CC1=CC2=C(C=C1Cl)C(CN1CCN(C3=CC=CC(Cl)=C3)CC1)=C2
CC1(C)CN(CCCC2=CC=CC=C2)CCS1=O,CC1=CC=CC(C2CCN(CCCCC3=CC=CC=C3)CC2)=C1
CC1=CC=C(CN2C=C(S(=O)(=O)C3=CC=CC=C3)C(=O)C3=CC(F)=C(N4CCOCC4)C=C32)C=C1,CC1=CC=C(CN2CCN(C3=CC=C(F)C=C4)CC3)C2=O)C=C1
CC1=CC=C(Cl)C=C1NC(=O)C1CCCN(C(=O)C2C=C(C3=CC=CC=N3)N=N2)C1,CC1=CC(CN2CCCC(C3=CC=C(Cl)C=C3)CC2)=CN(C2=NC=CC=N12
CC1=CC=C(C)C(N2CCN(C(=O)C3=CC=C4C(=C3)C(C)=C(C)N4C)CC2)=C1,CC1=CC=C(C(=O)N2CCN(C3=CC=C(Cl)C=C3)CC2)C=C1N1CCN(CC2=CC=C(Cl)C=C2)CC1
CC1=CC=C(NC(=O)C2=C(C)N(CCCN3CCOCC3)C(C3=CC=CC=C3)=C2)C=C1,CC1=CC=C(C2=CC=C(F)C=C2)N=C(O)CN1CCC(O)(C2=CC=C(F)C=C2)CC1
CC1=CC=C(C(NC(=O)CN2C(=O)NC3(CCCCC3)C2=O)C2=CC=CC=C2)C=C1,CC(C)C1=CC=C(CN2CCC(C(=O)C3=CC=C(C4=CC=CC=C4)N=C3)CC2)C=C1
CC1=CC=C(C(C)C)C(OCC(=O)N2CCN(C)C3=NC4=CC=CC=C4N=C32)=C1,CC1=CC=C(CCN2CCC3(CCCC4=CC=CC=C34)CC2)C=C1
CC1=CC=C(C2=NC(CC(=O)NC3=CC=CC(C(=O)NC4CC4)=C3)=CS2)C=C1,COC1=CC=CC(CN2CCC(NC(=O)C3=CC=C(C4=CC=CS4)=C3)C2)=C1
CC1=CC=C(N2CCN(CC(=O)N3CCN(C4=CC=CC=[NH+]4)CC3)C2=O)C=C1,CC1=CC=C(CN2CCN(C3=CC=C(Cl)C=C3)CC2)C=C1N
CC1=CC=C(CN2CCCC([NH+]3CCN(CC4=CC=C5OCOC5=C4)CC3)C2)S1,CC1=CC=C2CCC(CN3CCCCC3)CC2C1(O)CC1
CC1=CC=C(Cl)C=C1NC(=O)CNC1=CC=C(S(=O)(=O)N2CCCCC2)C=C1,CS(=O)(C1=CC=C(Cl)C=C1SN1CCC(N2CCC(N3C(O)=NC4=CC(Cl)=CC=C43)CC2)CC1
CC1=CC=C(C(C)C)C(OCC(=O)N2CCN(CC(=O)N3CCOCC3)CC2)=C1,CC1=CC=C(N2CCN(CCCCOC3=CC=C4CCN(C)CC3)C2=O)O1
CC1=CC=C(CN2CCN(CC3=CC=CC(N4C=CC=N4)=C3)CC2CCO)C=C1,CC1=CC=C(CN2CCN(C3=CC=CC(Cl)=C3)CC2)C=C1
CC1=CC=C(CNC(=O)C2CCN(S(=O)(=O)N3CCC(C)CC3)CC2)C=C1,CCCN1CCCC(C2=CC=CC(C(=O)NCC2)CC1)C1CCC2=CC=C(C)C=C2C1
CC1=CC=C(F)C=C1C(=O)NCCOC1=CC=C([N-]S(C)(=O)=O)C=C1,CC(=O)NC1=CC=C(C(=O)NCCCCN2CCN(C3=CC=CC(C(F)(F)F)=C3)CC2)C=C1
CC1=CC=C(Cl)C=C1N1CCN(CCNC(=O)NC2=CC=C(Cl)C=C2)CC1,CC1=CC=C(N2CCN(CCCOC3=CC=C(Cl)C=C3)CC2)N=C1
CC1=CC=C(CC(=O)NC2=CC=C(NC(=O)CN3CCOCC3)C=C2)C=C1,CC1=CC=C(N2CCN(CCCCNC(=O)C3=CC=C(OC)C=C3)CC2)C=C1
CC1=CC=C(CN2C(=O)CSC3=CC=C(C(=O)NC4CC4)C=C32)C=C1,CC1=CC=C(CN2CCC(C3=CC=C(C#N)=CC=C34)CC2)C=C1
CC1=CC=C(F)C(NC(=O)NCC2CCCN(C3=NC=CC=N3)C2)=C1,CC(=O)NC1=CC=CC(C(=O)NCCCCN2CCN(C3=NSC4=CC=CC=C34)CC2)=C1
CC1=CC=C(C(C)C)C(OCCCN2C(=O)OC3=CC=CC=C32)=C1,CC1=CC=C(CO)C=C1)NC(C)CCCN1CCC(N2C(O)=NC3=CC=CC=C32)CC1
CC1=CC=C(Cl)C=C1N1CCN(S(=O)(=O)N2CCCCCC2)CC1,CC1=CC=C(S(=O)(=O)N2CCCC(N3CCN(C4=CC=CC=C4OC(C)C)CC3)C3=CC=CC=C32)SC2=CC=C(F)C=C2)C=C1
CC1=CC=C(C)C(NC(=O)C2=CN3C=CC(C)=CC3=N2)=C1,CC1=CC=C(CN2CCC(O)(C3=CC=C(Cl)C=C4)CC3)C2=O)C=C1
CC1=CC=C(CN(C)CN2C(=O)NC3(CCCCC3C)C2=O)C=C1,CC1=CC=C(C[CN2CCCC(C3=CC=C(Cl)C=C3)CC2)NN=C1N1CCN(CC2=CC=C(Cl)C=C2)CC1
CC1=CC=C(N2C=C(C(O)NCC3=CC=CN=C3)C=C2O)C=C1,COC1=CC=C(CN2CCC(O)(C3=CC=C(Cl)C=C4)CC3)C2=C1
CC1=CC=C(CNC(=O)N2CCCC([NH+]3CCCC3)C2)C=C1,CC1=CC=C(CN2CCCC(N3CCN(C4=CC=C(F)C=C4)CC3)C2)=CC=C12
CC1=CC=C(Cl)C=C1N1CCN(C(=O)CCC(=O)O)CC1,CC1=CC(Cl)=CC=C1N1CCN(CCCCOC2=CC=C3C(=CN2)CC1
CC1=CC=C(C(C)[NH2+]C(C)CCN2CCOCC2)C=C1,CC(C)N1CCC2=C(O)C=CC=C2CC1
CC1=CC=C(F)C=C1C(=O)NCC(C)C[NH+]1CCCC1,CCN(CC)CCC1=CC(F)=CC=C1OCCF
CC1=CC=C(C(=O)NCCNC(=O)CN2CCOCC2)C=C1,CC1=CC=C(N2CCN(CCN3CCOC(O)=NC(C4=CC=C(N5)C=C4)CC3)C=C2)C=C1
CC1=CC=C(C=NN2CCN(CC3=CC=CC=C3)CC2)S1,CC1=CC=C(C2=NNC(C3CCN(CC4=CC=CC=C4)CC3)C=C2N1
CC1=CC=C(C(=O)NCCCN2CCOCC2)C(Cl)=C1,CC1=CC(=O)OC2=CC(OCCCN3CCC(C4=NC5=CC=CC=C45)CC3)=CC=C12
CC1=CC=C(C)C(C(=O)CCC(=O)O)=C1,CC1=CC(C)=C(C)C(C(=O)NCCCCN2CCC(C3=CC=CC=C3)C2)=C1
CC1=CC=C(C(=O)NC2CCC(C)CC2)S1,CC1=CC=C(C(=O)NC2CCC(CCN3CCN(C4=CC=CC(Cl)=C4Cl)CC3)CC2)SC=C1
CC1=CC=C(S(=O)(=O)N2CCN(C(=O)CNC(=O)C3=C(Cl)C4=CC=CC=C4S3)CC2)C=C1,CC(C)C1=CC=C(NS(=O)(=O)NC2=CC=C(Cl)C=C2)C=C1
CC1=CC=C(NC(=O)N(CC2=CC=C3OCOC3=C2)C2CCN(CC3=CC=CC=C3)CC2)C=C1F,CC(=O)NC1=CC=CC(CN2CCC(C3=CC=C(Cl)C=C3)CC2)=C1
CC1=CC=C(NC(=O)CN2CCN(C(=O)C3CCN(C(=O)C4=CC=CS4)CC3)CC2)C=C1,CC1=CC=C(CN2CCN(C3CCC4=CC=CC=C4O3)CC2)C=C1
CC1=CC=C(S(=O)(=O)N2CCC(C(=O)N3CCC4=CC=CC=C43)CC2)C=C1C,CC1=CC=CC=C1C(=O)NCCC1CCN(CC2=CC=CC=C2)CC1
CC1=CC=C(S(=O)(=O)N2CCC(NC(=O)C3=CC=CC(C)=C3)CC2)C=C1,CC1=CC=CC(S(=O)(=O)NC2CCC(CN3CCC(C4=CC=CC(C(F)(F)F)=C4)CC3)CC2)=C1
CC1=CC=C2C(=C1)C1=C(C(=O)CCC1)N2CC(O)CN1C(=O)CNC1=O,CC1=CC=C(CN2CCC(O)(C3=CC=C(Cl)C=C3)CC2)C=C1
CC1=CC=CC(C)=C1NC(=O)N1CCN(CCNC(=O)C2=CC=CC=C2F)CC1,CC1=C(C(=O)NCCCN2CCN(C3=CC=CC(Cl)=C3Cl)CC2)C=C(C2=CC=CC=C2)N1C
CC1=CC=C(NC(=O)NCC2CN(CC3=CC=CC=C3)CCO2)C=C1C(N)=O,CCN1CCCC1CNC(=O)C1=C(OC)C=CC2=C1NC=C2
CC1=CC=C(NS(=O)(=O)C2=CC=C3OC(=O)C=CC3=C2)C=C1Cl,CC1=CC=C(S(=O)(=O)NC2=CC(Br)=CC=C2C(=O)NC2CCCN(CC2=CC=C(F)C=C2)C=C1OC
CC1=CC=CC(C(=O)NCC(=O)N2CCN(C3=CC=CC=C3F)CC2)=C1,CC1=CC=CC(C(=O)NCCCN2CCN(C3=CC=CC(Cl)=C3Cl)CC2)=C1
CC1=CC=C(SCC(=O)NNC(=O)COC2=CC=C(Br)C=C2)C=C1,CC1=CC=C(N2CCN(CCCOC3=CC=C(Br)C=C3)CC2)C=C1
CC1=CC=C2C(NC(=S)NC(=O)C3=CC=CC=C3)=CC=CC2=N1,CC(C)OC1=CC=CC=C1CN1CCN(C2CCC(NC(=O)NC3=CC=CC=C3)CC2)C1=O
CC1=CC=C(NC(=O)N2CCN3C=CC=C3C2C(C)C)C(Cl)=C1,CC1=CC=C2C(N)=C(C(=O)NCCCCN3CCC(C4=NOC5=CC(F)=CC=C45)CC3)C(=O)C2=C1
CC1=CC=C(S(=O)(=O)N2CCN(C3=CC=CC=N3)CC2)C=C1,CC1=CC=C(CSC2=NC3=CC=CC=C3N2CCC2=CC=CC=C2)C=C1
CC1=CC=C2C=C(S(=O)(=O)NCCCN3CCOCC3)C=CC2=C1,CC1=CC=C(S(=O)(=O)NCCN2CCN(C3=CC=C(Cl)C=C3)CC2)C=C1
CC1=CC=C(NC(=O)N2CCN(C3=NC=CC=C3F)CC2)C=C1,CC1=CC=C(CN2CCC(N3CCN(C4=CC=CC=C4)CC3)CC2)N=C1
CC1=CC=C(SCC[NH+]=C([S-])NC2=CC=CC=C2)C=C1,CC1=CC=C(C(=O)NCCCN2CCC(C3=CC=CC=C3)CC2)C=C1
CC1=CC=C(OCCNC(=O)C2COC3=CC=CC=C3O2)C=C1,CC1=CC=C(OCCNCCCOC2=CC=CC=C2)C=C1C
CC1=CC=C(O)C(CN2CCN(C3=CC=CC=C3)CC2)=C1,CC1=CC=C(N2CCN(CC3=CC=CC=C3)CC2)C(O)=C1
CC1=CC=C(SCCNC(=O)C=CC2=CC=CC=C2Cl)C=C1,CS1=CC=C(C(=O)NCCCCN2CCC(C3=CC=CC=C3OC)CC2)C=C1
CC1=CC=CC(C(=O)N2CC(C)SC3=CC=CC=C32)=C1,CC1=CC=CC(CN2CCN(C3=CC=CC(C(F)(F)F)=C3)CC2)=C1
CC1=CC=C(OCC2=CN3C=C(Br)C=CC3=N2)N=C1,CC1=CC=C(Cr)N(C2=CC=C(Br)C=C2)N=C(O)N1C1CCN(CCCC2=CNC3=CC=CC=C23)CC1
CC1=CC=C(NC(=O)N2CCCC(CO)C2)C(C)=C1,CC1=CC=C(C)C(C(=O)NCCCCN2CCN(C3=CC=CC(Cl)=C3Cl)CC2)=C1
CC1=CC=C(OCCNC(=O)C2=CC=C(C)O2)C=C1,CC1=CC=C(OCCNCCCOC2=CC=C(F)C=C2)C=C1
CC1=CC=C2C(=C1)CCN2C(=O)NC(C)CC1CC1,CC1=CC=C2C(C3CCN(CCC(=O)NC4=CC(Cl)=CC=C44)CC3)=CC=C12
CC1=CC=C2C(=C1)CCCN2C(=O)CC1CCCO1,CC1=CC=C2C(C)C(CCN3CCN(C4=CC=CC(C(F)(F)F)=C4)CC3)=CC2=C1
CC1=CC=CC(C2CCCN2C2=NC=CC=N2)=C1C,CC1=CC=CC(N2CCN(CCCCC3=CNC4=CC=CC=C34)CC2)=C1C
CC1=CC=C2NC3=NC=CC=C3C(=O)NC2=C1,CC1=CC=C2C(=C1)CCN2CCC(O)(C3=CC=CC=C3)CC2)=C1
CC1=CC=CC(C(O)CC2CCC[NH2+]2)=C1,CC1=CC=CC(C(=O)NCCCCN2CCN(C3=CC=CC(Cl)=C3Cl)CC2)=C1
CC1=CC=C(NC(=O)CN2CCCC2)C=C1Br,CC1=CC=C(C(=O)NCCC2CCN(C3=CC=CC=C3)C2)C=C1NC(=O)C(C)C)C1
CC1=CC=C(OCCCN2CCOCC2)C(Br)=C1,CC1=CC=C(OCCCN2CCC3=CC=CC=C3C2)C=C1OC
CC1=CC=C(S(=O)(=O)NCC2CC2)C=C1,CC1=CC=C(S(=O)(=O)NCCCCN2CCC(C3=CC=C(F)C=C3)CC2)C=C1
CC1=CC=CC(CN2C=C(S(=O)(=O)C3=CC=CC(C)=C3)C(=O)C3=CC(F)=C(N4CCOCC4)C=C32)=C1,CC1=CC=CC(N2CCN(CC3=CC=C4OC(CO)=C4)CC3)=C2)=C1
CC1=CC=CC(N2CC(C3=NC4=CC=CC=C4N3CC(O)COC3=CC=C(Cl)C=C3)CC2=O)=C1,CC1=CC=C(C2=NNC(C3CCN(CC4=CC=CC=C4)CC3)=C2O)C=C1
CC1=CC=CC(N2CCN(C(C3=CC=CC=C3)C3=NN=NN3CC3=CC=CS3)CC2)=C1C,CC1=CC=CC(CN2CCN(C3=CC=CC=C3OC(C)C)CC2)=C1
CC1=CC=CC(N2CCN(S(=O)(=O)C3=CC=C4OCC(=O)NC4=C3)CC2)=C1C,CC1=CC=CC(S(=O)(=O)NC2CCC(N3CCN(C4=CC=CC(Cl)=C4Cl)CC3)CC2)=C1
CC1=CC=CC=C1CN1C(=O)N(CC2=CC=CC=C2)C(=O)C2=C1SC1=C2CCC1,CC1=CC=C2C(C3=NN=C(CCCN4CCC5=CC=CC=C5C4)CC3)=NC2=C1
CC1=CC=CC=C1C1=NC(CN2CCC(C(=O)NCCCN3CCOCC3)CC2)=C(C)O1,CC1=CC=C(NC(=O)CN2CCC(C3=CC=CC=C3)CC2)C=C1Cl
CC1=NC(N2CCN(C(=O)COC3=CC=CC=C3)CC2)=C2C(C)=C(C)SC2=N1,COC1=CC=CC=C1N1CCN(CCCCOC2=CC=C(C3=NOC4=CC=CC4=C3C=C2)CC1
CC1=NC(C2=CC=CC(C(=O)NC3CCCN(C4=CC=CC=C4)C3)=C2)=NN1,CC1=CC(C2=CC=CC=C2N1CCN(CCCCNC(=O)C1=CC(C)=CC(C)=C1)C2
CC1=CC=CC(CN2C=NC3=C(C(C4=CC=C(F)C=C4)=CS3)C2=O)=C1,CC1=CC=CC(C2=CC=C3CCN(CCCSC4=NN=C(C5=CC=CC=C5)N4C)CCC3=C2)=NO1
CC1=CC=CC(NC2=NC=NC3=C2C(C2=CC=CC(Cl)=C2)=NO3)=C1C,ClC1=CC=CC(C2=CCN(CC3=NOC(C4=CC=CC(Cl)=C4)=C3)CC2)=C1OC
CC1=CC=CC=C1CC1=NOC(C[NH+]2CCCC(CS(N)(=O)=O)C2)=N1,CN1CC(C(N)=O)=C(Cl)C=C2ClC3=CC=CC=C23)CC1
CC1=CC=CC=C1C(=O)NC1=CC=NN1C1CCN(CC2=CC=NC=C2)CC1,COC1=CC=CC=C1N1CCN(CCCCNC(=O)C2=CC3=CC=CC=C3N2)CC1
CC1=CC=CC(OCC(=O)OC2=CC=C3C(C)=CC(=O)OC3=C2)=C1,CC1=CC(=O)OC2=CC(OCCCN3CCC(C4=NOC5=CC(F)=CC=C45)CC3)=CC=C12
CC1=CC=CC=C1CN1CCN(C(=O)C2=CC=CC3=CC=CC=C23)CC1,CC1=CC=CC2=C1CCN(C)CC2=CC=CC=C21
CC1=CSC(=O)N1CCC(=O)N1CCC(C2=NC3=CC=CC=C3S2)CC1,CC1=CC=C(C)C(C(=O)NC2CCC(CCN3CCN(C4=CC=CC=C4Cl)CC3)CC2)S1
CC1=CC=CC(OCC(O)CN2CCN(CC3=[NH+]C=CN3C)CC2)=C1,CC1=CC=CC(C2=CC=COC(=O)NCCCN3CCN(C4=CC=CC(Cl)=C4)CC3)=CC=C12
CC1=CC=CC=C1C(C)[NH2+]CCCC(=O)N1CC2=CC=CC=C2C1,CC1=CC=CC=C1CN1CCC(N2CCC(N3C(O)=NC4=CC=CC=C43)CC2)CC1
CC1=CC=CC=C1NC(=O)CN1C=NC2=C1C(=O)N(C)C(=O)N2C,CC1=C(C2=CC=CC=C2)NN(CCCCN2CCN(C3=CC=CC=C3)CC2)N1C=C(Cl)C=CC(N)=N1
CC1=CC=CC(OCCC(=O)NC2=CC=C(OC(F)(F)F)C=C2)=C1,CC1=CC=CC(OCCNCC(OC)CC2=C1)O
CC1=NC(CN2CCN(C(=O)C3=CC=C(F)C(F)=C3)CC2)=NO1,CC1=NC(C2=CC=C(F)C=C2)N=C(N)C=C1CN1CCN(C2=CC=CC(Cl)=C2)CC1
CC1=CC=CC(N2CCN(C(=O)C3CC(C)OC(C)C3)CC2)=C1C,CC1=CC=CC(CN2CCN(C3=CC=CC(Cl)=C3)CC2)=C1Cl
CC1=CC=CC(N2CC[NH+](C3CCCC3C[NH3+])CC2)=C1,CC1=CC=CC(S2CCN(CCC3CCC4=CC=CC=C4)C3=O)=C2
CC1=CC=CC(OCC(=O)N2CCC(C3=CC=CC=C3)C2)=C1,CC1=CC=CC(CNCC(O)C2CCC3=CC=CC=C32)=C1
CC1=CN=CC=C1NC(=O)NCC1CCCN(C2=NC=CC=N2)C1,CC(=O)NC1=CC=CC=C1C(=O)NCCCCN1CCN(C2=NC=CC=N2)CC1
CC1=CC=CC=C1OCCNC(=O)C1=CC=C2C=CC=CC2=N1,CC1=CC=CC=C1CCNCC1=CC=CC=C1C(=O)NCCCCN1CCN(C2=CC=CC=C2OC)CC1
CC1=NC2=C(C3=CC=CC=C3)C=NN2C(NC(C)C)=C1C,CC(C)N1CCCC1=NC(C2=CC=CC=C2)=C1
CC1=CC=CC(N2CCN(C(=S)NC3CCCCC3)CC2)=C1C,CC1=CC=CC(N2CCN(CCC3CCCCC3)NC2)C=C1Cl
CC1=CC=CC(OC(=O)C2=CC3=CC=CC=C3O2)=C1,CC1=CC=CC(C(=O)NCCCCN2CCN(C3=CC=CC(Cl)=C3)CC2)=C1
CC1=CC=CC=C1OCCN1C(=O)C2=CC=CC=C2C1=O,COC1=CC=CC=C1C(=O)NCC1CCN(CCOC2=CC=CC=C2OC)C1
CC1=NC(C)=C(C(=O)N2C3=CC=CC=C3CC2C)O1,CC1=CC=C(C)N(C)CC2=C1CN1CCN(C2=CC=C(Cl)C=C2)CC1
CC1=CC=CC=C1CNC(=O)N1CCC(CC(N)=O)CC1,CC1=CC=CC(C(=O)NCCCCN2CCN(C3=CC=CC=C3Cl)CC2)=C1
CC1=CC=CC=C1OCCOC1=CC=CC=C1C,CC1=CC=CC=C1COC(=O)NCC1CCN(CCOC2=CC=CC=C2O)CC1
CC1CC(C)CN(C2=CC=C(C(=O)OCC(=O)NC3CCCC4=CC=CC=C43)C=C2[N+](=O)[O-])C1,COC1=CC=C(C(=O)NCCC2CCN(CC3CCC4=CC=CC=C4O3)CC2)C=C1
CC1CC(C)CN(S(=O)(=O)C2=CC=CC(C(=O)N3CCN(C4=CC=C(F)C=C4)CC3)=C2)C1,COC1=CC=C(C(=O)NC2CCN(C3=CC=CC(Cl)=C3)CC2)C=C1
CC1=NN=C2N(CC3=CC=CC=C3)C(=O)C3=C(SC4=C3CCN(CC3=CC=CC=C3)C4)N12,CC1=CN=C(C2=CC=CC(Cl)N3CCN(CCSC3=NN=C(C5=CC=CC=C4)[NH+](C)C)CC3=C2)C=C1
CC1=NC2=CC=CN=C2N1C1=CC=CC(C(=O)N2CCN(C3=CC=CC(Cl)=C3)CC2)=C1,CC1=CC=CN2C=C(CN3CCN(C4=CC=CC5=CC=CC=C45)CC3)C=C2)N=C1
CC1=NN(CC(=O)N2CCN(C3=CC=CC=C3)CC2)C(=O)C2=CC=CC=C12,CC1=C(C)N2CCN(C3=CC=CC=C3)CC2)C2=CC=CC=C2N1
CC1=NN(CC2=CC=CC=C2Cl)C(C)=C1C(=O)NC1CCCC2=CC=CC=C21,CCCN(CCC)C1CCC2=CC=CC=C2C1C
CC1CC2=CC=CC=C2N1C(=O)COC1=NC2=CC=CC=C2N=C1N1CCOCC1,COC1=CC=CC=C1N1CCN(CCCCN2C(=O)C3=CC=CC4=CC=CC=C34)CC2)CC1
CC1=NN(C2=CC=CC=C2)C(C)=C1N1CCN(C(=O)CC2CCCC2)CC1,CC1=C(CN2CCCC(N3CCN(C4=CC=CC=C4)CC3)CC2)NC1=O
CC1=NN=C(SCC(=O)N2CCC(C3=NOC4=CC=C(F)C=C34)CC2)S1,CC1=CC=C(C(=O)NCCCN2CCC(C3=N4C=CC=CC4=C3)CC2)C(=O)C1
CC1CC2=CC=CC=C2N1C(=O)COC1=CC=C2OC3=C(CCCC3)C2=C1,COC1=CC=CC2=C1C(=O)NCCC1CCN(CC2COC3=CC=CC=C3O2)CC1
CC1CCCCC12NC(=O)N(CC(=O)C13CC4CC(CC(C4)C1)C3)C2=O,CC1CC(C)C(=O)N1CCCCN1CCN(C2=CC=C(Cl)C=C2)CC1
CC1CCCCC12NC(=O)N(CC(=O)NCC1=CC=C(N(C)C)C=C1)C2=O,CN(CC1CCCCN(CC1=CC=C(F)C=C1)C2)C1=CC=C(Cl)C(Cl)=C1
CC1=NOC(C)=C1S(=O)(=O)N1CCN(CC2=CC=CC(Br)=C2)CC1,CC1=CC=CC(C2=NOC(CCN3CCN(C4=CC=CC(Cl)=C4)CC3)=C2)=C1
CC1CCCCC12NC(=O)N(CC(=O)NC1=CC=C3CCCC3=C1)C2=O,CC(C)C1=CC=CC(CN2CCN(C3=CC=C(Cl)C=C3)CC2)=C1
CC1CC1CN(C(=O)NCCCC(=O)N1CCC2=CC=CC=C21)C(C)C,CC(CN1CCCC(NC(=O)C2=CC=C3CCC2=CC=CC=C21
CC1CCCCN1C(=O)CSC1=C2CCCCC2=NC2=CC(Cl)=CC=C12,CN1C(CN2CCC(C3=CC=C(Cl)C=C3)CC2)=CC(C(=O)N2CCCCC2)CC1
CC1=NC2=NC=NN2C(C)=C1CCC(=O)N1CCC2=CC=CC=C21,CC1=CC=C(CN2CCC(N3CCN(C4=CC=CC=C4)CC3)C2=O)C=C1
CC1CC(C(=O)N2CCC3=C(C2)NC2=CC=CC=C32)CC(C)O1,CC1CCC2=CC=CC=C2CN1CCCN1CCN(C2=CC=CC(Cl)=C2)CC1
CC1CC1C(=O)N1CCN(C(=O)NCCC2=CC=C(F)C=C2)CC1,OC1(C2=CC=C(F)C=C2)CCN(CCCCC2=CC=C(F)C=C2)CC1
CC1CC1NC(=O)C(=O)NC1=CC(Cl)=CC=C1OCC1CCCO1,CC1=CC=C(Cl)C=C1C(=O)NC1CCN(CC2=CC=CC(Cl)=C2)CC1
CC1CC1C(=O)N1CCN(C(=O)NCC2CN3CCCC3CO2)CC1,CC1=CC=C(C(=O)NCC2CCCN(CC3=CC=CC=C3)C2)C=C1Cl
CC1CCC(NC(=O)CN2C(=O)NC3(CCCCC3C)C2=O)CC1,CC1CC2=CC=C(Cl)C=C2N1C(=O)CN1CCN(CC2=CC=C(Cl)C=C2)CC1
CC1CCC2=CC(F)=CC=C2N1C(=O)NC1=CC=CC(F)=C1,CC(C)1=CC=C(F)C(C(F)(F)F)C=C1F)C1CC2=CC=C(F)C=C2C1
CC1CCCN(C(=O)C2=CC3=CC=C4C=CC=NC4=C3N2)C1,O=C(CC1=CC=C2NC=C(CCN3CCN(C4=CC=CC=C4)CC3)C2=C1
CC1=NN(CC(C)CNC(=O)NC2CCCC2(C)CO)C(C)=C1,CC(C)(1=NC(=O)NC1CCC(N2CCN(C3=CC=CC=C3OC(C)C)CC2)CC1
CC1=NN(CC2=CC=CC=C2)C(C)=C1CNC(=O)NC1CC1,CC1=CC=C(CN2CCC(NC(=O)C3=CC=CC=C4)CC3)C2)C=C1
CC1=NN(C)C(C(=O)N2CCC3=CC=CC=C32)=C1Br,CC1=CC=C(CN2C3CCC(N3CCN(C4=CC=CC=C4)CC3)C2=O)C=C1
CC1=NN(CC(O)COC2=CC=C(F)C=C2)C(C)=C1,CC(O)C1=CC=C(OCCNCC2COC3=CC=CC=C3O2)C=C1
CC1CC2=CC=CC=C2N1C(=O)NCCNS(C)(=O)=O,C=CC1=CC=CC=C1C(=O)NCCN1CCC(N2CCC(C3=CC=CC=C3)C2=O)CC1
CC1CCC2=CC=CC=C2N1CC1=CC(C#N)=CC=C1F,CN1CCC2=CC(Cl)=CC=C2C2=CC=C(F)C=C2)C1
CC1CC2=CC=CC=C2N1C(=O)CSC1=NN=CN1C,CC1CC2=CC=CC=C2N1C(=O)CN1CCN(CC2=CC=C(Cl)C=C2)CC1
CC1CCC(NC(=O)N2CCCC(CCO)C2)C(C)C1,CC1=NC2=CC(C(C)=O)=CC3=C2C(=C1)CCN(C)CC2
CC1CCN(C(=O)C2=CC=C(CSC3=NC4=CC=NC=C4N3CC3=CC=C(F)C=C3)C=C2)CC1,CC1=CC=C(CN2CCC(C3=CC=C(F)C=C4)CC3)C2=O)C=C1
CCC(=O)N1CCC2=CC(Br)=CC(S(=O)(=O)NCCCN(C)CC3=CC=CC=C3)=C21,CCCN(CCC)C1CC2=CC(OC)=C(OC)C=C2C1C
CCC(=O)N1CCC2=CC(Br)=CC(S(=O)(=O)NCCC3=CC=C(C)C=C3)=C21,CCCN(CC1=CC=C(O)C(CO)=C1)C1=CC=C(Cl)C=C1C(F)
CC1CCN(CC2=C(C(=O)NN=CC3=CC=CC=C3O)N=NN2C2=NON=C2N)CC1,CN1CCCC1CNC(=O)C1=C(OC)C=CC(C)=O)=C2Cl)C1=O
CC1C[NH+](CC(=O)N2CCC3=CC=C([N+](=O)[O-])C=C32)CC(C)S1,CC1CCC2=CC(O)=C(Cl)C=C2C(=O)N1CCCN(CC1CCN(CC(C)C)C1
CCC(=O)N1CCC2=CC(OC)=C(OC)C=C2C1COC1=CC=C(C(=O)OC)C=C1,COC1=CC=C2CCC(CNCCOC3=CC=C(C)NC3=CC=CC=C3O)C=C1OC
CCC(C)CN1C(C2CC(=O)N(C3=CC=CC(C)=C3C)C2)=NC2=CC=CC=C21,CC1=CC=CC=C1CN1CCN(C2=CC=CC(Cl)=C2Cl)CC1
CCC(CC)C(=O)NC1=NN=C(SCC(=O)N2CCN(C3=CC=CC=C3OC)CC2)S1,COC1=CC=CC=C1N1CCN(CCCCNC(=O)C2=NN3C=CC(Cl)=C2Cl)CC1
CCC(C)(C)C1CCC(NS(=O)(=O)C2=CC=C(S(C)(=O)=O)C=C2)CC1,CC(C)(C)C1=CC=C(S(=O)(=O)NC2=CC=C(C3CCCN(CC3=O)N4)CC3)CC2)C=C1
CC1CN(C(C)(C)CNC(=O)C2=CC=C(N3CCCC3=O)C=C2)CC(C)O1,CN(CC1=CC=C(CN2CCN(C3=CC=C(Cl)C=C3)CC2)=C1
CCC(=O)N1CCC2=CC(S(=O)(=O)N3CCC4=CC=CC=C43)=CC=C21,CCCN1CCC2=CC(C(=O)NCC3=CC=CC=C23)CC1
CC1CN(C2=CC=C(C(=O)N3CCC4=CC=CC=C43)C=N2)CC(C)S1,CC1CCN(CCN2CCN(C3=CC=CC=C3Cl)CC2)C(=O)C2=CC=CC=C21
CCC(COC)NC(=O)C1=CC=C(OC)C(OC2CCN(C(C)=O)CC2)=C1,COC1=CC=C(C(=O)NC2CC3CCC(C2)N3CC2=CC=C(F)C=C2)C=C1OC
CC1CCN(C2=NC=C3CN(CC4=CC=CC(Br)=C4)CCC3=N2)CC1,CC1=CC=C2C=C(CN3CCC(C4=NC5=CC=CC=C55)CC3)C(OC)=CC=C12
CC1CCCN(S(=O)(=O)CCNC(=O)C2=CC=C3OCOC3=C2)C1,CCCN1CCCC2C3=CC(C(=O)NCC4=CC=C(OC)C=C3)CC21
CC1CCN(C(=O)C2=CC3=C(C=CC4=CC=CC=C43)O2)CC1,CC1=CC=CC(C(=O)NCCCCN2CCN(C3=CC=CC4=CC=CC=C34)CC2)=C1
CC1CCN(C(=O)C2CC2C2=CC=CC(C(F)(F)F)=C2)CC1O,CC1=CC(C2=CC=CC(CN3CCN(C4=CC=CC(C(F)(F)F)=C4)CC3)=C2)=N1
CC1CCN(C(=O)NC2=CC=C(C(=O)NC3CCCC3)C=C2)CC1,CC(C)N1CCCC1CNC(=O)C1=C(OC)C=CC(C)=C1OC
CCC(=O)N1CCCCC1C(=O)NCC1=C(O)C=CC2=C1CCCC2,CNC1=CC=C(C(=O)NCCC2CCN(CC3=CC=CC=C3)C2)C=C1Cl
CCC(C)NC(=O)C(C)NC(=O)NCC1=CC=C(OC)C(F)=C1,COC1=CC=CC(C(=O)NCCCCN2CCN(C3=CC=CC(Cl)=C3Cl)CC2)=C1
CC1CCCN(C(=O)NCC2=CC=C(C#CC[NH3+])C=C2)C1,CC(C)C1=CC=CC=C1C(=O)NCCCCN1CCN(C2=CC=CC=C2C(F)=CC=C23)CC1
CC1CCN(C(=O)COC(=O)CC2=CNC3=CC=CC=C23)CC1,CC(C)C1=CC=CC=C1N1CCN(CCCC2=CNC3=CC=CC=C23)CC1
CC1CN(C(=O)CSC2CCS(=O)(=O)C2)C2=CC=CC=C21,CN(C)C1=CC=CC=C1CN1CCC(CN2CCC(C3=CC=C(Cl)C=C3)CC2)C1=O
CCC(NC(=O)C=CC1=CC=CC=C1OC)C(=O)N1CCOCC1,CCOC1=CC=CC=C1N1CCN(CCCCNC(=O)C2=C(N=C3C=CC=CC3=N2)CC1
CCC(CC)CC(=O)N1CCC2=C(C1)NC1=CC=CC=C21,CCN1CCCC1CNC(=O)C1=CC(Cl)=CC(C(=O)NC2CCN(CC3=CC=CC=C3)C2)=C1
CC1CN(CC2=CSC(C3=CC=CC=C3)=N2)CC(C)O1,C1=CC=C(C2=NC(CN3CCN(C4=CC=CC=C4)CC3)=CN2C2=CC=CC=C2)C=C1
CCC(=O)OC1(C2=CC=CC=C2)CC[NH+](C)CC1C,CCCN(CCC)C1CC(=O)C2=C(OC)C=CC=C2C1)C
CC1CN(C2CCN(C3=CC=C(Cl)C=N3)CC2)CCO1,ClC1=CC=C(CN2CCC(N3CNN(C4=CC=C(Cl)C=C4)N4)CC3)C2)C=C1
CC=C(C)C(=O)N1CCC(C2=CC=C(OC)C=C2)C1,COC1=CC=C(C(=O)NCCC(C2)N3CCCC2=CC=C(F)C=C2)C=C1
CC1CCCN(C(=O)C=CC2=CC=CC(C#N)=C2)C1,NN1CCCC(C2=CC=CC(C#N)=C2)C1C
CC1CCCN(CCC(=O)NC2=CC=C(Br)C=C2)C1,O=C(C1=CC=C(F)C=C1)N1CCN(C2CCCCC2)CC1
CC1CCOCCN1C(=O)NCC1=CC=C(F)C=C1,CC1CCCN(CCCCOC2=CC=C(F)C=C2)C=C1Cl
CCC1=CC=C(S(=O)(=O)C2=CN(C)C3=CC(N4CCC(C)CC4)=C(F)C=C3C2=O)C=C1,CC1=CC=C(CN2CCC(C3=CC=C(F)C=C4)CC3)C2=O)C=C1
CCCCN(CC1=CC=CC=C1)S(=O)(=O)C1=CC(Br)=CC2=C1N(C(C)=O)CC2,CCCN(CCC1=CC=C(Br)C(OC)=C1)C(C1=CC=CC=C1)C2
CCCCNC(=O)CSC1=NC2=CC=CC=C2N1S(=O)(=O)C1=CC=C(Cl)C=C1,CCCN(CCC)CCC1=CC=CC=C1)CCC1=CC=C(CN2CCC(O)(C3=CC=CC=C3)CC2)C=C1
CCCC(=O)NC1=CC=C(C(=O)N2CCN(C3=CC=CC(C)=C3C)CC2)C=C1,CCC(=O)N1CCC(CN2CCN(C3=CC=CC(Cl)=C3Cl)CC2)CC1
CCCC1=NN(C)C(NC(=O)C(=O)N2CCC(C3=CC=CC=C3OC)C2)=C1,CCCN1CCCC(C2=CC=CC(C(=O)NC3=CC=C(OC)C=C23)CC1
CCC1(C2=CC=C(Cl)C=C2)NC(=O)N(CC(=O)N2CCCCC2C)C1=O,CC1CC2=CC=C(Cl)C=C2N1CCCCN1CCN(C2=CC=C(Cl)C=C2)CC1
CCC1CCCCN1C(=O)C1=CC=C(OC)C(OC2CCN(C(C)=O)CC2)=C1,COC1=CC=C(C(=O)NC2CCC(CN3CCCC2)C=C(N)C=C1OC
CCC1=CC=C(CN2CC[NH+](CC3=CC=C(S(C)=O)C=C3)CC2)S1,CCCN(CCC1=CC=C(Cl)C=C1)C1CC2=CC(OC)=C(OC)C=C2C1
CCCCC1=CN(CC2CCN(C(=O)C3=CC=C4NC=CC4=C3)CC2)N=N1,CCCCN1CCCC1CNC(=O)C1=C(NC2=CC=CC=C2)C=C1
CCC1=CC=C(C(CNC(=O)N2CCCC(CCO)C2)[NH+](C)C)C=C1,CC(C)C1=CC=CC=C1N1CCN(CCCC(=O)NC2=CC=C(Cl)C=C2)CC1
CCC1=CSC(C2CCC[NH+](CC3=CC=C(OC)C(OC)=C3)C2)=N1,CCCC1=CC=C(OC)C(C(=O)NC2CCCN(CC4)C3)C=C1OC
CCC1=NC(C2CCCN(C(=O)C3CC3C3=CC=CC(C)=C3)C2)=NO1,CC1=CC(C)=CC(C(=O)NN2C3=CC=C(Cl)C=C3N=C(N3CCN(C)CC3)C3=CC=CC=C32)=C1
CCC1=CC=C(C2COCCN2C(=O)NC2=CC=CC(C(C)=O)=C2)O1,CCCN1CCC2=CC(OC)=C(OC)C=C2C1C
CCC1=CC=C(N2CC(C3=NC4=CC=CC=C4N3CC)CC2=O)C=C1,CC(C)OC1=CC=CC=C1N1CCN(CC2=CC=C(C(=O)N3CCCCC3)C=C2)CC1
CCCCCNC(=O)C1CCN(S(=O)(=O)C2=CC=C(Cl)C=C2)CC1,CCCN(CCC)C1CCC(=C2C1CC1
CCC1=CN=C(CCNC(=O)C2=CC=CC=C2[N+](=O)[O-])S1,CCCN(CCC)C1CC2=CC=CC=C2C(=O)N1CCC1=CC=CC=C1
CCC1=NC(CN2CCN(CC(=O)NC3=CC=CN=C3Cl)CC2)=NO1,CCC1=NC=C2C(=O)N1CCCN(CCN1CCN(C3=CC=CC=C3Cl)CC1
CCC1=CC=CC(NC(=O)C2=NC(C3=CC=NC=C3)=NO2)=C1,CC(C)C1=CC=CC(N2CCN(CCCCNC3=CC=CC=C3)CC2)=C1
CCCC1=C(C)N=C(N2CCN(C3=CC=CC=C3OC)CC2)N=C1O,CCOC1=CC=CC=C1N1CCN(CCCCN2C=NC3=CC=CC=C32)CC1
CCC1=CC=C(C(C)NC(=O)C(C)N2CCN(CCO)CC2)C=C1,CCC(C)C1=CC=C(N2CCN(CCCOC3=CC=C(C[N)C=C3)CC2)C=C1
CCC(NC1=CC=CC(C(=O)OC)=N1)C1=CC=C(F)C=C1F,CCCN(CCC)C1CCC2=CC=C(C(OC)=C2OC)C1=O
CCC1=NN(C)C=C1CNC(=O)NCCC1=CC2=CC=CC=C2N1,CCC1=NN(C)C=C1CNCCC1=CNC2=CC=CC=C12
CCCC(=O)NC1=CC=C2C(=C1)N=C(CN1CCCCC1)N2C,CC1=C(C)C=CC=C1CN1CCN(C2=CC=CC(C(=O)N3CCCCC3)=C2)C1
CCC1CCCCN1C(=O)NCCNC(=O)C1=CC=C(Cl)C=C1,CCN(CC)CCN1CCCC(C2=CC=C(Cl)C=C2)C1=O)CC12CCCCC1
CCC1=C(CNC(=O)N2CCC(CC(=O)OC)CC2)SC=C1,CC1=CC(=O)OC2=CC(OCCCN3CCC(C4=NC5=CC=CC=C5S4)CC3)=CC=C12
CCC1=CC=C(NC(=O)C2=C3C=CC=CN3N=C2)C=C1,CC(C)OC1=CC=C(N)C(C(=O)NCC2CCN(CC3=CC=CN=C3)CC2)C=C1OC
CCC1C[NH2+]C(C(C)C)CN1C1C(C)(C)C1(C)C,CCC1=NC(C2=CC=C(Cl)C=C2)N=C1C(=O)NC1CCN(CCCC2=CC=C(F)C=C2)CC1
CCCCNC(=S)NNC(=O)C1=CSC2=CC=CC=C12,CCCN(CCC)C1CCC(=O)C2=CC=CC(OC)=C2)C1
CCC1=C(CNC(=O)N2CCC(COC)CC2)SC=C1,CCCN1CCC(C(=O)C2=CC(C)=CC=C2OC)C1
CCC1=CC=CC=C1NC(=O)N(C)CC1CCCCC1,CCC(NC1CCC(CCN2CCN(C3=CC=CC(Cl)=C3)CC2)C1=O
CCCC1CN(C(=O)NC2=CN=CC=C2C)CCO1,CCN1CCCC(C2=CC=CC(O)=C2)C1
CCCCNC(=O)C=CC1=CC=CS1,CCC1=CC=CC(S(=O)(=O)NCCCCN2CCC(C3=CC=CC=C3)CC2)=C1
CCC[NH+]1CCN(C2=CC3=C(C=C2F)C(=O)C(S(=O)(=O)C2=CC=C(Cl)C=C2)=CN3CC)CC1,CCCN1CCC2=C(CCC3=CC=CC=C23)C1
CCN1C=C(C(=O)NC2=CC=CN=C2)C(=O)C2=CC(F)=C(N3CCN(C(C)=O)CC3)C=C21,CCN(CC)C1CC2=CC(OC)=C(OC)C=C2C1C
CCCN1C2=CC=CC=C2C2=C1C(=O)N(CC(=O)N1CCN(C3=CC=CC=C3F)CC1)N=C2,FC1=CC=C(C(=O)NC2CCN(CC3=CC=C(F)C=C3)CC2)C=C1Cl
CCN(CC)C1=CC2=C(C=C1F)C(=O)C(S(=O)(=O)C1=CC=C(OC)C=C1)=CN2C,CC1=CC=C2C(=C1)CCN2C(=O)CN1CCN(CCCCN2C=C(C3=CC=C(F)C=C3)C2=O)CC1
CCCN1C(NC(=O)C2=CC=C(NC(=O)C3=CC=CO3)C=C2)=NC2=CC=CC=C21,CC(C)C1=CC=CC=C1N1CCN(CCCCC2=CC=C3C=CC=CC3=C2)CC1
CCN(C(=O)CN1C(=O)NC2(CCCC3=CC=CC=C32)C1=O)C1=CC=C(F)C=C1,CC1CCN(CCCN2CC3=CC=CC=C3CC2)CCN(CCCC(=O)C2=CC=C(F)C=C2)CC1
CCN(CC1COC2=CC=CC=C2O1)C(=O)NCC1=CC=C(CN2C=CC=CC2=O)C=C1,CCN(CC)CCC1=CC=C(OC)C=C1OCCN1CCC(C2=CC=CC=C2)CC1
CCCCSCCCNC(=O)C1CCN(CC2=C(C)OC(C3=CC=C(CC)C=C3)=N2)CC1,CCCCN1CCC2=C(CCCC4=CC=CC=C3O2)CC1
CCN(CC1=CC=CC=C1)C(=O)C1CCN(CC2=CC=C(OC)C(OC)=C2OC)CC1,COC1=CC=CC(C(=O)NC2CCN(CC3=CC=CC=C3)CC2)=C1OC
CCCN1CCN(CCCNC(=O)C2=CC3=C(S2)C2=CC(C)=CC=C2OC3=O)CC1,CCC1=CC=C(N2CCN(CCCOC3=CC=C(C4=CNC(C)=C4)C=C3)CC2)C=C1
CCCCOC1=CC=C(C2=NN(CC(=O)C3=CNC4=CC=CC=C34)N=N2)C=C1,CCCOC1=CC=CC=C1N1CCN(CCCCOC2=CC=C(C3=CN4C=CC=C(C)C4=C3)C=C2)CC1
CCCN(CC1COC2=CC=CC=C2O1)C(=O)C1=CC=CC=C1[N+](=O)[O-],CCN1CCCC1CNC(=O)C1=CC=CC2=C1C(=O)NC1CCC(O)C1=CC=CC=C1
CCCN1C(=O)C(O)(CC(=O)C2=CC=CC(OC)=C2)C2=CC=CC=C21,CCOC1=CC=CC(C(=O)NCCN2CCN(C3=CC=CC(Cl)=C3Cl)CC2)=C1
CCCN1C(C2CC(=O)N(C3=CC=C(C)C=C3)C2)=NC2=CC=CC=C21,CC1=CC=C(CN2CCC(C3=CC=CC=C4)CC3)C2=O)=C1
CCN1C(=O)C(C(=O)CC2NCCC3=CC=CC=C32)C(=O)N(CC)C1=S,CCN(CC)C1CCC2=CC=CC=C2CC2=CC=CC=C21
CCN(CC)C(=O)CC1=CN(CC2=CC=C(Cl)C=C2)C2=CC=CC=C12,CCN1CCCC1CNC(=O)C1=CC(C)=CC=C1OC
CCCNC(=O)C1=CC=CC(C(=O)NC2CCC([NH+](C)C)C2)=C1,CCCNC(=O)NC1CCC(CCN2CCN(C3=CC=CC(Cl)=C3Cl)CC2)CC1
CCCCOC1=CC=CC(C(=O)N2CCN(CC3=CC=CC=C3)CC2)=C1,CCCN(CCCOC1=CC=CC=C1)CCC2=CC=CC=C12
CCCCS(=O)(=O)N1CC=C(C2=CNC3=CC(F)=CC=C23)CC1,CCSN=CC=C1S2=CC=C(S(F)(F)F)C=C2C(=O)N1CCC(CN2CCCCC3)CC1
CCCOC1=CC=C(CNC(=O)C2=CC=C3N=CC=CC3=C2)C=C1,CCCN(CCC)O=CC=C1OCCN1CCC(CN2CCC3=CC=CC=C3C2=O)CC1
CCC[NH+](C)CC1CCN(C(=O)CC2=CC=C(F)C=C2)C1,CCN1CCCC(C2=CC=C(F)C=C2)C1
CCN(CC1COC2=CC=CC=C2O1)C(=S)NC1=CC=CC=C1,CCN(CCC)C1CCC2=CC=CC=C2OC1=O
CCCN(CC1=CC=CC=C1)C(=O)NC1CCS(=O)(=O)C1,CCCN(CCC)C1CCC(=C(CC2=CC=CC=C2)C1
CCCN1CCOC(C(=O)C2=CC=CC3=CC=CC=C23)C1,CCCN1CCC(C2=CC=CC(OC)=C2)C1
CCN(CCCNC(=O)N1CCCC(CO)C1)C1=CC=CC=C1,CCCN(CCCCNC(=O)C1=CC=C2CCCC2=C1)NC1=CC=CC=C1
CCCNC(=O)N1CCC(C2=NC3=CC=CC=C3S2)CC1,CCCN(CCN1CCC(C2=CC=CC=C2)C1)C1(C2=CC=C(Cl)C=C2)CC1
CCCN(C)C(=O)NC1CCCC2=CC=C(F)C=C21,CCCN(CCC)C1CC2=CC(OC)=C(OC)C=C2C1
CCN(CC1COC2=CC=CC=C2O1)C(=O)NCCOC,CCN1CCCC1CNC(=O)C1=CC(CO)=CC(OC)=C1OC
CCCN(CCO)C(=O)NC1CCC2=CC=CC=C21,CCCN(CCC)C(=O)NC1CCC2=CC=CC=C2CC12
CCCN1C2CCCC1CC(NC(=S)NCCCOCC)C2,CCCCN1CCCC(C2=CC=CC(OC)=C2)C1
CCCOC1=CC=C(C(=O)N2CCCC2)C=C1OC,CCOC1=CC=CC=C1N1CCN(CCC(O)C2=CC=CC(C(=O)N3CCCCC3)=C2)CC1
CCCN(CCO)CC1=CC=C2C=CC=CC2=C1,CCCN(CCC1=CC=CC=C1)CCC1=CC=CC=C1
CCOC1=CC2=C(C=C1OCC)C(=O)N(CC1=CC=C(C(=O)N3CCN(C4=CC=CC(Cl)=C4)CC3)C=C1)C(=O)N2,CCOC1=CC=CC(C(=O)N2CCN(CC3=CC=CC(Cl)=C3)CC2)=C1
CCOC(=O)C1=NN(CC2=CC=CC=N2)C2=C1CN(C(=O)C1=C(C)ON=C1C1=CC=CC=C1)CC2,COC1=CC=C(C(=O)NC2CCC(N3CCN(C4=CC=CC=C4OCCF)CC3)C2)C=C1
CCOC1=CC=CC(CNC(=O)C2=CC=C(N3CCCC3)C(NC(=O)NC3=CC=CC=C3CC)=C2)=C1,CCOC1=CC=CC(C(=O)NCCCCN2CCCN(C3=CC=CC=C3OC)CC2)=C1
CCOC(=O)CN1C(CN2CCN(C3=CC=C(F)C=C3)CC2)=NC2=C1C(=O)N(C)C(=O)N2C,CC1=C(C)C=C(CN2CCN(C3=CC=C(F)C=C3)CC2)N2CC=C(CCF)C2=O)C=C1
CCN1C=C(S(=O)(=O)N2CCCC(C(=O)NC3=CC=C(Br)C=C3F)C2)C(C)=N1,CCN1CCCC1CNC(=O)C1=C(Br)C=CC(Br)=C1OC
CCOC(=O)C1(S(=O)(=O)C2=CC=CC=C2)CCN(CC2=CC=C(Cl)C=C2)CC1,CCCOC1=CC=CC=C1CN1CCC(N2C(O)=NC3=CC=CC=C32)CC1
CCOC1=CC(N2CCOCC2)=C(OCC)C=C1NC(=O)C1=CC=C2C=CC=CC2=N1,COC1=CC=CC=C1N1CCN(CCCCNC(=O)C2=NN3C=CC=CC3=C2)CC1
CCOC1=CC=CC2=C1N=C(N1CCN(C(=O)C3=CC=C4OCCOC4=C3)CC1)S2,CCOC(=O)N1CCN(CCCCN2CCN(C3=CC=CC(Cl)=C3)CC2)CC1
CCOC1=CC=C(C(=O)COC(=O)CN2C(=O)NC3(CCCCC3C)C2=O)C=C1,CCOC1=CC=C(C2=C(C)NH3=C(C)N(C)C=C2)C1
CCOC1=CC=CC=C1CNC(=O)C1=C(SC2=CC=CC=C2)C2=CC=CC=C2N1,CCOC1=CC=CC=C1CNCCCN1CC=C(C2=CC=CC=C2)CC1
CCOC1=CC=C(C(C)NC(=O)N2CCN(C3=CC=CC=[NH+]3)CC2)C=C1,CCOC1=CC=CC=C1N1CCN(CCCCOC2=CC=C(C(=O)N3CCCC(O)C3)CC2)C(C)(C)C1)N2CCCCC1=O
CCOC1=CC=C(OCCC(=O)N2CCC3=CC(OC)=C(OC)C=C3C2)C=C1,COC1=CC=C2CC3=CC=CC=C3CCN(C)CC2=C1
CCOC1=CC2=C(C=C1OCC)C(=O)N(CCCN1CCOCC1)C(=S)N2,CCOC1=CC=CC=C1N1CCN(CCCCN2C=C(C3=CC=CC=C3)=NC2=O)CC1
CCOC1=CC=C(N2C(O)=CC(N(O)C3=CC=CC=C3)=C2O)C=C1,CCOC1=CC=C2C(=C1)C(CN1CCN(C3=CC=CC=C3)CC1)C2=CC=CC=C21
CCOC1=CC=C(Br)C=C1C(=O)NC(=S)N1CCC2=CC=CC=C21,CCOC1=CC=CC=C1N1CCN(CCCCNC(=O)C2=CC(C)=CC=C2C)CC1
CCOC1=CC=C(CN2CCN(C(=O)C3=CC=NC=C3Cl)CC2)C=C1,CC1=CC=C(CN2CCN(C3=CC=C(Cl)C=C3)CC2)C=C1
CCOC1=CC=C(N2C(O)=CC(CC3=CC=CC=C3OC)=C2O)C=C1,COC1=CC=C2CCN(C)CCOC2=C(O)C=COC1=O
CCOC(=O)C(NC(=O)C1=CNC2=NC=CC(Cl)=C12)C(C)CC,CC(C)NC1=CC=C(C(=O)NCCC2CCN(CC3=CC=CC=C3)C2)C=C1
CCOC(CN1C(C2=CC=C(OC)C=C2)=NC2=CC=CC=C21)OCC,COC1=CC=C(C2=NOC(CCCCN3CCN(C4=CC=CC=C4)CC3)=C2)C=C1OC
CCNC(=S)N1CCN(C(C2=CC=CC=C2)C2=CC=CC=C2)CC1,CN(CCN1CCN(C2=CC=CC=C2)C1)C(=O)C1=CC=CC=C1F
CCOC1=CC=C(NC(=O)C2=C(Cl)C3=CC=CC=C3S2)C=C1,CCOC(=O)NC1=CC=C(C(=O)NCC2CCCN2CC2=CC=C(Cl)C=C2)C=C1
CCOC1=CC(C(=O)N2CCOCC2)=CC=C1OCC1=CC=CC=C1,CCOC1=CC=CC=C1N1CCN(CC2=CC=CC(OCC(F)(F)F)=C2)CC1
CCOC(=O)C1CCN(CCC(=O)NC2=CC=CC(Cl)=C2)CC1,CC(C)C(=O)NC1=CC=CC(C2CCN(CCCC(O)CC3)=C2)C=C1
CCOC1=CC=C(NC(=O)N2CCC(CN3CCOCC3)CC2)C=C1,CCOC1=CC=C(N2CCN(CC3=CC=C(OC)C=C3)CC2)C=C1Cl
CCOC1=CC(C(=O)NCC2=CC=CC(OC)=C2)=CC=C1OC,COC1=CC=CC(C(=O)NCCCCN2CCN(C3=CC=CC=C3OC)CC2)=C1
CCOC(=O)CSC1=NC2=C(C(C)=C(C)S2)C(=O)N1N,CCCN(CCCOC1=CC=C2OC(C3=CC=CC(Cl)=C4)CC2)=C1
CCOC(=O)CN1C(=O)NC(C)(C2=CC=CC=C2)C1=O,CC1=CC=C(C(=O)NCCCN2CCN(C3=CC=CC=C3Cl)CC2)C=C1NC(=O)C1=CC=CC=C1
CCOC1=CC=CC=C1C1=[NH+]C=CN1CCN1CCCC1=O,CC1=CC=CC=C1CN1CCN(CC2=CC=C(CN3CCCC3=O)N2C)CC1
CCOC1=CC(C)=CC=C1NC(=O)N1CCC(C)C(O)C1,CCCN(CC1=CC=C(OC)C(C(=O)NC3=CC=C(N)C=C3)CC2)=C1
CCOC(CCNC(=O)C1=CC2=CC=CC=C2N1)C(C)C,CCC(=O)NCC1=CC=CC(C(=O)NCCC2CCN(CC3=CC=CC=C3)CC2)=C1
CCOC1=CC2=C(C=C1Cl)C1=CCCC1C(=O)O2,CCOC1=CC=C2C(=C1)CCCC2OCN(CCCC1=CC=CC=C1)OC2=CCC(=O)OC2=CC=CC=C21
CCOC(=O)C=CC(=O)N1CCC2=CC=CC=C21,CC1=CC=CC=C1CN1CCN(C2CCC(NC(=O)C3=CC=CC=C3)CC2)CC1
CN(CC1=CC=CC(Cl)=C1Cl)C(=O)C1=CC=CC(S(=O)(=O)N2CCN(CC3=CC=CC=C3)CC2)=C1,CN(C)C(=O)C1=CC=CC(S(=O)(=O)NC2=CC=CC(Cl)=C2)C(C2=CC=CC=C2)=C1
CN(C)C1=CC=C(NC(=O)CN2CCN(S(=O)(=O)C3=CC(Cl)=CC=C3Cl)CC2)C=C1,COC(=O)C1=CC=C(C[N+](=O)NCCC2CCN(CC3=CC=C(Cl)C=C3)CC2)C=C1N
CC[NH+]1CCN(CC2=NC3=CC(NC(=O)C4=CC=C(Cl)C=C4)=CC=C3N2C)CC1,CCN1CCC2=CC(Cl)=C(O)C=C2C2C3=CC=CC=C3CCC21
CN(CC1=NC2=CC=CC=C2N1CCOC1=CC=C(Cl)C=C1)C(=O)C1=CC=NC=C1,CN(CCCC1=CC=C(CN2CCN(C3=CC=CC=C3OC)CC2)C=C1
CN(C)S(=O)(=O)N1CCN(CC(O)COC2=CC=C(C3=CC=CC=C3)C=C2)CC1,CC(C)OC1=CC=CC=C1CN1CCN(C2=CC=CC(C(F)(F)F)=C2)CC1
CN1C(=O)C2=C(N=CN2CCN2C(=O)C3=CC=CC=C3S2(=O)=O)N(C)C1=O,CN1CCN(C2=NC3=CC=CC=C3SC3=CC=CC=C23)CC1
CN(C(=O)C1=CC=CC(OC2CCN(S(=O)(=O)N(C)C)CC2)=C1)C1CCOC1,COC1=CC=CC(C(=O)NCCN2CCN(C3=NOC4=CC=CC=C34)CC2)=C1
CN(C)C1=CC=C(NC(=O)CN2CCN(C(=O)CC3=CC=CC=C3F)CC2)C=C1,CC(C)C1=CC=CC(N2CCN(CCCCNC(=O)C3=CC=C(F)C=C4)CC3)=C2)=C1
CC[NH+]1CCN(C2=CC=CC=C2NC(=O)NC2CCCC3=CC=CC=C32)CC1,CCCN(CCN1CCN(C2=CC=CC=C2)CC1)NC1CCC2=CC=CC=C21
CC[NH+]1CCN(CC(=O)NC(C)C2=CC=C(C3=CN=CN=C3)C=C2)CC1,CC(C)N1CCN(CCN2CC=C(C3=CC=C(F)C=C3)C2=O)CC1
CC[NH+](CC)C(C)CNC(=O)N1CCCN(C(=O)C2=CC=CC=C2F)CC1,CC(C)N1CCCC1CNC(=O)C1=CC=CC(F)=C1OC
CN(C(=O)COC1=CC=CC=C1[N+](=O)[O-])C1(C#N)CCCCC1,COC1=CC=C(C(=O)NN2C3=CC=C(Cl)C=C3N=C(N3CCN(C)CC3)C3=CC=CC=C32)C=C1
CN(CC1=NC=CN1)C(=O)C1=NOC(COC2=C(F)C=CC=C2F)=C1,CN(C)C(=O)NC1CCC(CCN2CCN(C3=CC=CC(C(F)(F)F)=C3)CC2)CC1
CN1C(=O)C2=C(N=CN2CCN(CCO)CC2=CC=CC=C2)N(C)C1=O,CN1CCC2=CC=CC=C2C2=CC=CC=C2C(=O)N1CCCN1CCN(C2=CC=CC=C2)CC1
CCOCCOC1=CC=CC2=C1NC(C1=CC=CC(OC)=C1)C1CC=CC21,CCCN1CCC(O)(C2=CC=C(OC)C=C2C1)C1=CC=C(F)C=C1
CN(C)C(CNC(=O)C1=COC2=CC=CC=C2C1=O)C1=CC=CC=C1,CN(C)CCOC1=CC=CC=C1COC2=CC=CC=C12
CN(C)C(=O)CCC1=CC=CC(NC(=O)CCC2=CC=CC=C2)=C1,CN(CCC1=CC=CC=C1)CCN(CCCC1=CC=CC=C1)CC1=CC=CC=C1
CN(CCOCC1CC1)C(=O)C1=CC2=C(S1)C1=CC=CC=C1OC2,CN(CCC1=CC=CC=C1)OCC2=CC=CC=C21
CN(CCN1CCN(C2COOC2)C1=O)CC12CCC(CC1)C2(C)C,CNC1=CC(C(O)NCCC2CN(C3=NC=CC=N3)CC2)=C1Cl
CN(C(=O)NC1CCCN(C2=CC=CC=C2Cl)C1)C1CCOCC1,CN(C)C(=O)NC1CCCC2=CC=CC=C21)N1CCN(C2=CC=CC=C2)CC1
CN(CC1=CC=CC=C1)C(=O)NC1CCC2=CC=C(F)C=C21,CN(CCC1CCN(CC2COC3=CC(F)=CC=C3F)CC2)C1=O
CCOC1=CC=CC=C1N1CCN(C(=O)C2=CC=NC=C2)CC1,CCOC1=CC=CC=C1N1CCN(CCCC(=O)N2CCC3=CC=CC=C3C2)CC1
CCOCC1CCN(C(=O)CC2CCCC3=CC(OC)=CC=C32)C1,COC1=CC=C2C(=C1)CCCN2CC1CCN(CCCOC2=CC=CC4=C2C1)CC1
CCSC1=NC2=CC=CC=C2C(=O)N1CC1=CC=C(F)C=C1,CC1=CC=C(CN2CCC(C3=CC=C(F)C=C4)CC3)C2=O)C=C1
CC[NH+]1CCCN(C(=O)NC2=CC(Cl)=CC=C2Cl)CC1,CCCN1CCCC1CNC(=O)C1=CC(Cl)=CC(C(F)(F)F)=C1OC
CCOC1=NC=CC=C1C(=O)NCCC1=CNC2=CC=CC=C12,CCN(CCC)C1CC(=O)C2=CC=CC3=C2CC1)CCN1CC=C(C2=CNC3=CC=CC=C23)CC1
CN(CCCN1CCOCC1)CC1=NC(C2=CC=CC=C2)=NO1,CN1C(CN2CCN(C3=CC=CC(Cl)=C3)CC2)=NC2=CC=CC=C21
CCOCCCNCC1=CC=C(OCC2=CC=CC=C2Cl)C=C1,CCCCC1=CC=C(OCCCNCCOC2=CC=CC=C2)C=C1
CC[NH2+]C1CCCCC(CC2CSC3=CC=CC=C32)C1,CCCN(CCC1=CC=CC=C1)C1CCC2=CC=C(OC)C=C2C1
CCS(=O)(=O)N1CCN(CC2=CC=CC=C2)CC1,CCN1CCC2=CC=CC=C2CC1=CC=CC=C1
CC[NH2+]C1C2=CC(OC)=CC=C2CCC1SCC,COC1=CC=C2CCC(CN3CCC(OC)N4CCC4=CC(Cl)=CC=C43=C2O)CC1
CCSC1=NC2=CC=CC=C2N1CC(=O)OC,COC1=CC=C(C(=O)NCCCCN2CCN(C3=CC=CC=C3OC)CC2)C=C1
COC(=O)C1=CC=C(CNC(=O)C2=C3CN(CC4=CC=CC=C4)CCC3=NC3=CC=CC=C23)C=C1,COC1=CC=CC(CN2CCC(N3C(O)=NC4=CC=CC=C34)CC2)=C1
CN1N=C(C(C)(C)C)C=C1NC(=O)C[NH+]1CCCN(CC(F)(F)F)CC1,CC(C)(C)C1=CC=C(C(=O)NCCCN2CCC(C3=NOC4=CC(F)=CC=C34)CC2)C=C1
CN1C(CSC2=NC3=CC=CC=C3S2)=NN=C1SCC(=O)NCCCN1CCOCC1,CN(C)CCN1C=C(S(=O)(=O)N2CCC3=CC=CC=C3C2)CC1
CN1C=C[NH+]=C1CN1CC[NH+](CC2=CC3=CC(F)=CC=C3O2)CC1,CC1=CC=C2C3=C(CN(CCCC4=CC=C(OC)C=C4)CC34)C2=C1
CN1CCN(C2=CC=C(Cl)C=C2NC(=O)C2=NN(C)C(=O)C=C2)CC1,CN1CCN(C2=CC(Cl)=CC(Cl)=C2)C1CN1CCN(CC2=CC=C(Cl)C=C2)CC1
CN1C(C(=O)N2CCCCC2)=CC2=C1CCN(CC1=CC=CC(F)=C1)C2,O=C(CN1CCCN(CC2=CC=CC(F)=C2)CC1)C1=CC=CC2=C1
CN1C(CN2C(C(F)(F)F)=NC3=CC=CC=C32)=NC2=CC=CC=C21,CN1C(CN2CCC(C3=CC=CC(C#N)=C3)CC2)=CN=C21
CN1C(CN2CCCC2)=NC2=CC(NC(=O)NC3=CC=CC=C3)=CC=C21,CN1C(CN2CCN(C3=CC=CC=C3Cl)CC2)=CC=C1CN1CCCC1=O
COC(=O)C1=CC=C(OCC2=CC=C([N+](=O)[O-])C=C2)C=C1,COC1=CC=CC=C1C(=O)NCC1CCN(CC2=CC=C(OC)C=C2)CC1
CN1CCCN(S(=O)(=O)C2=CC=CC=C2F)C2=CC(F)=CC=C21,CN(CCCCF=CC=CC=C23)C1=CC=C(F)C=C1
CN1N=C(N2CCN(C3=CC=C(O)C=C3)CC2)C(=O)N(C)C1=O,CN1C(=O)C2=CC=C(OCCCN3CCN(C4=CC=C(Cl)C=C4)CC3)C=C2N1
COC(=O)C1=CC=C(C=NN2C=NN=C2SCC2=CC=CC=C2)C=C1,COC(=O)C1=CC=C(CSC2=NC3=CC=CC=C3N2CC2=CC=C(Cl)C=C2)C=C1
COC(=O)C1=CC=C2C(=O)N(CCCN3CCOCC3)C(=S)NC2=C1,COC1=CC=CC=C1N1CCN(CCCCNC(=O)C2=CC3=CC(OCC=C3C=CC=CC2=C1
CN1C(SCC(=O)C2=CC=C(F)C=C2)=NN=C1C1=CC=CN=C1,CN1C(F)=C(C(=O)N2CCN(CCCC3=CC=C(F)C=C3)C3=CC=C(F)C=C23)CC1
CN1C=C(S(=O)(=O)N2CCC(C3=CC=CC(F)=C3)C2)C=N1,CC1=CC=C2C(C3=CC=C(F)C=C3)N(C)CC2=C1
COC(=O)C1(N(C)CC2=CN(C3=CC=CC=C3)N=C2C)CCCC1,CN(C)CCN1CC=C(C2=CN(C3=CC=CC=C3)C2=CC=CC=C2)CC1
COC(=O)C1=CC=C(C=NN2CCN(C3=CC=CC=C3)CC2)C=C1,COC1=CC=CC=C1N1CCN(CC2=CC=C(CN3CCCCC3)C2=O)CC1
CN1C(CC(=O)C2=CC=CC(Cl)=C2F)=NC2=CC=CC=C21,CN(C)CCC1=CC=CC=C1)NC1CCC2=CC=CC=C2C1
CNC(=O)C1=CC=C(Cl)C(NC(=O)CC2CC3CCC2C3)=C1,CNC1=CC(OC)=C(C(=O)NC2CCC(CN3CCC(C4=CC=C(Cl)C=C4Cl)CC3)CC2)N=C1
CNC(=O)COC1=NC=NC2=C1C(C1=CC=C(F)C=C1)=CS2,CN1CC(CN2CCC(C3=CC=C(F)C=C3)CC2)C1=O
CNS(=O)(=O)CC(=O)N1CCN(C2=CC=CC(C)=C2C)CC1,CC1=CC=CC(N2CCN(CCCSC3=CC=CC(N4CCN(C)CC3)=C3)C2=O)C=C1
CN1C(CN2CCOCC2CC(=O)[O-])=NC2=CC=CC=C21,CN1C(N2CCCC2)=NC2=C(NC=C2CN2CCN(C3=CC=CC=C3Cl)CC2)C1=O
CNC(=O)NC(=O)C[NH+]1CCCN(CC(F)(F)F)CC1,NC(=O)NC1=CC=C(C(=O)NCCCN2CCN(C3=CC=CC(Cl)=C3Cl)CC2)C=C1
CN1C=C(CC(C[NH3+])C2=CC=CC(F)=C2)C=N1,CCN1CCC2=C(SC1)S1=O)C2=CC=C(F)C=C12
CNC(=O)C1CCC[NH+]1CCN1CCCC2=CC=CC=C21,CN(C)C)C1CCC2=CC=C(O)C=C2CC1
CNC(=O)CC1CCN(C(=O)C2=CC=C(F)C=C2)CC1,CN(C)C1=CC=C(F)C=C1C(=O)NC1CCN(CCCC2=CC=C(F)C=C2)CC1
CNC(=O)COC1=CC=C2OC3=C(CCCC3)C2=C1,CN1CCC=C(C2=CC=CO3)C2=C(OC)C=CC2=C1
CN1CCN(CCOC2=CC=C(Cl)C(Cl)=C2)CC1,ClC1=CC=C(N2CCN(CCCOC3=CC=C(Cl)C=C3)CC2)C=C1
COC(=O)C1=CC=C(CSC2=CC=NC=C2)C=C1,COC1=CC=CC=C1C(=O)NCC(C1=CC=C(Cl)C=C1)NCC1=CC=C(CN2CCC(NC(=O)C3=CC=C(Cl)C=C3)CC2)C=C1
CNC(=O)CCCN1C=CC(C(O)C2CC2)=C1,CNC1=CC=CC=C1N1CCN(CCCC(O)C2=CC=C(C(C)=O)C=C2)CC1
CNC(=O)C1=CC2=CC(F)=CC=C2N1,NC(=O)NC1=CC=C(F)C=C1C1(O)CCN(CC2=CC=C(F)C=C2)CC1
CNC(=O)CN1CCCC2=CC=CC=C21,CN1CCCC2=CC=CC=C2CC2=CC=CC=C2C1
COC1=CC(C(=O)NCCCC2=NC3=CC=CC=C3N2CC2=CC(C)=CC=C2C)=CC(OC)=C1OC,COC1=CC(C(C)=CC=C1OCCCCN1CCC(C2=CC=CC=C2)CC1
COC(=O)C1=CC=CC(C(=O)N2CCCC([NH+]3CCN(C4=CC=CC=C4OC)CC3)C2)=C1,COC1=CC=CC=C1N1CCN(CC2=CC=CC(C(=O)N3CCCCC3)=C2)CC1
COC1=CC(C(=O)N2CCN(CC3=CC=C4OCCC4=C3)CC2)=CC=C1OCC(=O)N1CCOCC1,COC1=CC=C(C(=O)NC2CC3CCC(C2)N3CC2=CC=CO2)=C1OC
COC(=O)C1=CC=CC(C(=O)N2CCCC(C(=O)C3=CC=CC(OC(C)C)=C3)C2)=C1,COC(=O)C1=CC=CC(CN2CCCC(N3C(O)=NC(C4=CC=C(F)C=C4)=NO3)CC2)=C1
COC1=CC(C(=O)NCC(C2=CC=CN=C2)N2CCC3=CC=CC=C3C2)=CC(OC)=C1OC,COC1=CC(CN2CCCC(N3C=CC=C3CC3=CC=CC=C2)CC2
COC(=O)C1=CC=CC(C(=O)N2CCC(CCC(=O)NCC3=CC=C(F)C=C3)CC2)=C1,COC1=CC=CC(C(=O)NCCCCN2CCN(C3=CC=CC(Cl)=C3Cl)CC2)=C1
COC1=CC(C(=O)NCC2CC3=CC(C(C)(C)C)=CC=C3O2)=CC(OC)=C1OC,COC1=CC(C(=O)NC2CCC(CCN3CCN(C4=CC=CC=C4OC)CC3)CC2)=C1
COC(=O)C1=CC=CC(NC(=O)N2CCCC(C3=NC4=CC=CC=C4S3)C2)=C1,CC(C)OC1=CC=CC=C1N1CCN(CC2=CC=C(C(=O)N3CCCCC3)N2C)CC1
COC1=CC(C(=O)N2CCN(CC3=CC=C4OCOC4=C3)CC2)=CC(OC)=C1OC,COC1=CC=CC=C1N1CCN(CC2=CC=C(C(O)C3=CC=C3C=CC=CC3=N2)CC1
COC1=CC(NC(=O)CN2C(=O)C3=CC=CC=C3S2(=O)=O)=CC(OC)=C1,COC1=CC=CC(C(=O)NC2CC3CCC(C2)N3CC2=CC=CC=C2)=C1OC
COC1=CC(C=CC(=O)N2CCN(CC3=CC=CC=C3)CC2)=CC(OC)=C1OC,COC1=CC(C(=O)NC2CCN(CC3=CC=CC=C3)CC2)=C1OC
COC1=CC(C=NN2CCN(CC3=CC=C(Cl)C=C3)CC2)=CC=C1OC(C)=O,COC1=CC=CC=C1N1CCN(CC2=CC(C(=O)N3CCCCC3)=C2)CC1
COC1=CC(NC(=O)C2=CC=CC=C2)=C(OC)C=C1NC(=O)CN1CCOCC1,COC1=CC=CC=C1N1CCN(CCCCNC(=O)C2=CC3=CC(OCCC3=CC=CC=C3)=C2)CC1
COC1=CC(C=NNC(=O)CCC(=O)NCC2=CC=CC=C2)=CC(OC)=C1OC,COC1=CC(C(O)=NC2=CC(C)=CC=C1OCCCN1CCC(C2=CC=CC=C2)CC1
COC(=O)C1=CC=CC=C1NC(=O)CN1CCN(C(=O)C2=CC=CO2)CC1,COC1=CC=CC=C1N1CCN(CCCCNC(=O)C2=CC3=CC=CC=C3N2)CC1
COC(=O)C1=CC=CC=C1NC(=O)CCC(=O)N1CCSC2=CC=CC=C21,COC1=CC=CC=C1N1CCN(CCCCN2C(=O)C3=CC=CC=C3C2=O)CC1
COC(=O)C1=CC=CC=C1NC(=S)N1CCN(C2=CC=CC(C)=C2)CC1,COC1=CC=CC(N2CCN(CCC3CCC(NC(=O)C4=CC=C4C=CC=CC4=C3)CC2)=C1
COC1=CC(OC)=CC(C(=O)N2CCN(C3=CC=CC=C3F)CC2)=C1,COC1=CC=CC=C1N1CCN(CCCCN2C(=O)C3=CC(F)=CC=C3C2=O)CC1
COC1=CC(CN2CC[NH+](CC3=CC=CO3)CC2)=CC(OC)=C1O,COC1=CC=CC2=C1CCN(C)C1CN2CCOC3=CC=CC=C32)C=C1
COC1=CC(Cl)=CC=C1OCC1=CC(C(=O)N2CCCCCCC2)=NO1,COC1=CC=C(Cl)C=C1N1CCN(CCCCC2=CC(C3=CC=CC(C)=C3)OC2=O)CC1
COC1=CC(CN2CCC(C(=O)NC3CCCC3)CC2)=CC(OC)=C1O,COC1=CC(N)=C(Cl)C=C1C(=O)NC1CCN(CC2=CC=CC=C2)CC1
COC1=CC(F)=CC(CNC(=O)N2CCCC(N3CCCC3=O)C2)=C1,COC1=CC2=C(C=C1OC)C(C1=CC=CC(NC(=O)NCCCCN3CCCC(O)CC3)=C1
COC1=CC(C[NH+]2CCCC(C(=O)NN)C2)=CC=C1OC(C)C,COC1=CC=C(C(=O)NCC2CCCN2CC2)C=C1)N
COC1=CC(C)=C(NC(=O)COC2=CC=CC(C)=C2)C=C1OC,COC1=CC=CC(C(=O)NC2CC3CCC(C2)N3CC2=CC=CC=C2)=C1OC
COC(=O)C1CCCC1NC(=O)NC1=CC=C(OC(C)C)C=C1F,CC(C)C1=CC=C(F)C=C1C(=O)NCCCCN1CCN(C2=CC=C(F)C=C2)CC1
COC(=O)C1CCCCN1CC1=NN(C2=CC=C(F)C=C2)C=C1,COC1=CC=C(F)C=C1C(=O)NCC1CCCN1CC1=CC=C(F)C=C1
COC1=CC(Cl)=CC=C1C(=O)NC(C)C1=CC=C(F)C=C1,COC1=CC=C(Cl)C=C1OCCCN1CCC(C2=CC=C(F)C=C2)CC1
COC(=O)CN1C(=O)NC2(CCCC3=CC=CC=C32)C1=O,O=C(CCCN1CC2=CC=CC=C2C2=CC=CC=C2)C1)C1=CC=C(Cl)C=C1
COC1=CC(C(=O)NCCCN2CCCC2=O)=CC(OC)=C1OC,COC1=CC(C(=O)NCCCCN2CCN(C3=CC=CC(Cl)=C3Cl)CC2)=CC(Cl)=C1
COC(=O)C1CN(CC2=C(C(C)C)OC=N2)CCO1,COC1=CC=CC=C1C(=O)NC1CCN(CC2=CC=C(C(=O)N2CCCCC3)C2)C=C1
COC(=O)CCCNC(=O)C1=CC(F)=CC=C1Br,COC1=CC(Br)=C(C(=O)NCCC2CCCN2CC2)CC2)C=C(Br)C2=CC=CC=C12
COC(=O)CN1C(C)=NC2=CC=CC=C21,COC1=CC=CC=C1C(=O)NCC1CCCN(CC2=CC=CC=C2)CC1
COC1=CC=C(C2=CC(C(=O)N3CCN(C4=CC=CC=C4OC)CC3)=C3C=C(C(C)C)C=CC3=N2)C=C1,COC1=CC=CC=C1N1CCN(CCCCNC(=O)C2=C(N3CCOCC3)CC2)C(O)=NC3=CC=CC=C23)CC1
COC1=CC=C(C2=NOC(N3CCCC(C(=O)N4CCN(C5=CC=CC=C5F)CC4)C3)=N2)C=C1,COC1=CC=C(C(=O)N2CCCN(C3CCCC3)C3=CC=CC=C32)C=C1
COC1=CC=C(C2=NC(C#N)=C(N3CCN(C(=O)C4=CC=CO4)CC3)O2)C=C1OC,COC1=CC=C(C2=CC=CC(CCN3CCN(C4=CC=CC5=C4OC(O)=C5)CC3)=C2)C=C1OC
COC1=CC=C(C2=NN(CC(=O)N3CCN(C4=CC=CC=C4OC)CC3)N=N2)C=C1OC,COC1=CC=C(C(=O)N2CCN(C3CCC(C4=CC=C(Cl)C=C44)CC3)C2=C1
COC1=CC=C(C2=CC(=O)N(CCNC(=O)C3=CC(Cl)=CC=C3OC)C=N2)C=C1,COC1=CC=C(C2=CC=C(Cl)C=C2)C=C1CN1CCN(C2=CC=C(Cl)C=C2)CC1
COC1=CC2=C(C=C1OC)C(C1=CC=CC=C1)N(C(=O)COC(=O)C1CC1)CC2,COC1=CC=CC2=C1C(C2CCN(CC3=CC=CC=C3)CC2)=C1OC
COC1=CC=C(C(=O)N2C3=CC=CC=C3CC2C)C=C1S(=O)(=O)N1CCCC1,COC1=CC=C(Cl)C=C1S(=O)(=O)NCC1CCCN1CC1=CC=C(Cl)C=C1
COC1=CC=C(C(CNC(=O)C(C)OC2=CC=C(Br)C=C2)N2CCCCC2)C=C1,COC1=CC=C(NC(=O)NCCCCN2CCN(C3=CC=C(Br)C=C3)CC2)C=C1
COC1=CC=C(C)C=C1NC(=O)C1CCCN(C(=O)C2=CC=CC(Cl)=C2)C1,COC1=CC=C(Cl)C=C1C(=O)NC1CCN(CC2=CC=CC(Cl)=C2)CC1
COC1=CC=C(C2=NOC(CCC(=O)NCCN(C)CC3=CC=CC=C3)=N2)C=C1,COC1=CC=C(C2=NNC(C3CCN(CC4=CC=CC=C4)CC3)=C2)C=C1
COC1=CC=C(C(=O)NCCN2C=NC(C3=CC=C(F)C=C3)=CC2=O)C=C1,COC1=CC=C(C2=CC=C(F)C=C1)NCC1=CC=C(CN2CCN(C3=CC=C(Cl)C=C3)CC2)C=C1
COC1=CC=C(C(OCC(O)CN2CCC(O)CC2)C2=CC=C(OC)C=C2)C=C1,COC1=CC=C(C2=CCN(CCCSN3CC=C(C4=CC=CC=C4)CC3)C2)=C1
COC1=CC=C(C(C)NC(=O)C2=CN(C3=CC=C(C)C=C3)N=N2)C=C1,COC1=CC=C(CN2CCCC(N3CCN(C4=CC=C(Cl)C=C4)CC3)C2)=C1
COC1=CC=C(C2=NOC(CCC(=O)N(C)CC3=CC=CC=C3F)=N2)C=C1,COC1=CC=C(C2=NOC(CCCCN3CCN(C4=CC=CC=C4C)CC3)=C2)C=C1
COC1=CC=C(C(=O)N2CCN(C(=O)CC3=CC=CC=C3)CC2)C=C1OC,COC1=CC=CC=C1N1CCN(CC2=CC=CC(C(=O)N)C3CCCC3)=C2)CC1
COC1=CC2=C(C=C1OC)C(CC1=CC=C(OCCC#N)C=C1)N(C)CC2,COC1=CC=C2CCC3=C(CCN(C)CCC2=C1
COC1=CC=C(C(=O)NC2CC3CCCC(C2)[NH+]3C)C=C1OC(F)F,COC1=CC=C(C(=O)NC2CCC(N3CCN(C4=CC=CC(C(F)(F)F)=C4)CC3)C2)C=C1OC
COC1=CC=C(C2(C(=O)NC3=CC=C(OC)C=C3OC)CCCC2)C=C1,COC1=CC=C(C(=O)NC2CC3CCC(C2)N3CC2=CC=C(F)C=C2)C=C1OC
COC1=CC=C(C(=O)NCC2=CC=CO2)C=C1S(=O)(=O)NC1CC1,COC1=CC=CC=C1N1CCN(CCCCNC(=O)C2=CC=C3C=CC=CC3=C2)CC1
COC1=CC=C(C2=CSC(NC(=O)CC3CC4CCC3C4)=N2)C=C1OC,COC1=CC=C(C(=O)NC2CCC3=C(C)C=CC=C3OC2=C1)C
COC1=CC=C(C(CNC(=O)CC2=CC=CC=C2)N2CCCCC2)C=C1,COC1=CC=C(C(=O)NCCCN2CCCN(C3=CC=CC=C3OC)CC2)C=C1
COC1=CC(OC)=CC(C(=O)NC2=CC=CC=C2N2CCOCC2)=C1,COC1=CC=C(N2CCN(CCCOC3=CC=CC=C3C(=O)OC3=CC=CC=C3)C=C2)C=C1
COC1=CC=C(C(C)NC(=O)NC2=CC(Cl)=CC=C2F)C=C1F,COC1=CC=C(Cl)C(OC)=C1OC1CCN(CCCOC2=CC=C(F)C=C3)CC1)=CN2C
COC1=CC=C(C(=O)CN2C(=O)COC3=CC=CC=C32)C=C1,COC1=CC=C(C2=CC=CC=C3CCN(C)CCC2=C1
COC1=CC=C(C(C)=O)C(OCC(=O)N2CCC(C)CC2)=C1,COC1=CC=C(C(=O)NC2CCC(CCN3CCN(C3=CC=CC=C3)CC2)C=C1
COC1=CC=C(C(=O)NCC2=CSC3=CC=CC=C23)C=C1,COC1=CC=C(C(=O)NCCCN2CCC(C3=CC=CC=C3)CC2)C=C1
COC1=CC=C(C(=O)NCC2OCCC3=CC=CC=C32)C=C1,COC1=CC=C(C(=O)NCCCN2CCC3=CC=CC=C3CCC2)C=C1
COC1=CC=C(C(=O)NCCOC2=CC=CC(OC)=C2)C=C1,COC1=CC=CC(C(=O)NCCCN2CCN(C3=CC=CC(Cl)=C3C)CC2)=C1
COC1=CC=C(C(=O)NN=CC2=CC=CC=C2OC)C=C1,COC1=CC=CC(C(=O)NCC2CCN(CC3=CC=C(B)C=C3)CC2)=C1OC
COC1=CC=C(Br)C=C1CC(O)C1=CC=C(F)C=N1,COC1=CC=C(Br)C(OC)=C1C(=O)NCC1CCN(CCC2=CC=C(F)C=C2)CC1
COC1=CC(S(=O)(=O)NC2CCCCC2)=CC=C1F,COC1=CC=C(S(=O)(=O)NC2CCC(CCN3CCCCC3)CC2)C(Cl)=C1F
COC1=CC=C(C(=O)OCCN2CCOCC2)C=C1,COC1=CC=C(N2CCN(CCCOC3=CC=C(C4=CC=CC=C4)NC3=O)CC2)C=C1
COC1=CC=C(C2C(C(=O)N3CCN(C4=CC=CC=N4)CC3)CCC(=O)N2C2=CC(OC)=C(OC)C(OC)=C2)C=C1,O=C1C2=CC(OCCCN3CCN(C4=CC=CC=N4)CC3)=CC=C21
COC1=CC=C(CNC(=O)C2=CC=C(N3CCCC3)C(NC(=O)NCC3=CC=C(F)C=C3)=C2)C=C1,COC1=CC=C(C(=O)NCC2CCCN2CC2=CC=C(F)C=C2)=C1
COC1=CC=C(CN2CCN(C(=O)C3CCCN(C(=O)C4=CC=C(Cl)C=C4)C3)CC2)C=C1F,COC1=CC=C(Cl)C=C1N1CCN(CC2=CC=C(Cl)C=C2)CC1
COC1=CC=C(CCN2C(=O)NC3=CC(C(=O)NCCCN4CCOCC4)=CC=C3C2=O)C=C1OC,COC1=CC=C(C(=O)NC2CCC(CCN3CCN(C4=CC=CC=C4OC)CC3)C2=C1
COC1=CC=C(C2C(C(=O)NCC3=CC=C(F)C=C3)C3=CC=CC=C3C(=O)N2C)C=C1,COC1=CC=C(CN2CCC(N3C(O)=NC4=CC=C(F)C=C33)CC2)C=C1
COC1=CC=C(CCC2(C)NC(=O)N(CC3=NC=C(C4=CC=CC=C4)O3)C2=O)C=C1,COC1=CC=C(C2=CC=C(C)C3=CC=C(Br)C=C3)C=C1CN1CCN(C2=CC=CC=C2)CC1
COC1=CC=C(CNC(=O)C2=CC=C3SCCN(CC4=CC=C(C)C=C4)C3=C2)C=C1,COC1=CC=C(CN2CCC(N3C(O)=CC=C4=C3C)CC2)C=C1
COC1=CC=C(C[NH+]2CCC(CNC(=O)C3=NC=CC4=CC=CC=C34)CC2)C=C1,COC1=CC=CC(CN2CCCC(N3CCC4=CC=CC=C4C3=O)CC2)=C1
COC1=CC=C(CC(=O)NC2=CC=C(Cl)C(C(=O)NC3CCCCC3)=C2)C=C1,COC1=CC=C(Cl)C=C1C(=O)NC1CC2=CC=C(Cl)C=C2)CC1
COC1=CC=C(CNC(=O)C2=CC(S(=O)(=O)N3CCOCC3)=CN2C)C=C1,COC1=CC=C(C(=O)NCCCN2CCN(C3=CC=CC=C3OC)CC2)C=C1
COC1=CC=C(CN2CCN(CC(=O)NC(C)C)CC2)C=C1[N+](=O)[O-],COC1=CC=CC(CN2CCN(C3=CC=C(Cl)C=C3)CC2)=C1OC
COC1=CC=C(CNC(=O)CCC2=NC(C3=CC=C(OC)C=C3)=NO2)C=C1,COC1=CC=C(CN2CCC(N3CCN(C4=CC=C(Cl)C=C4)CC3)C2=O)C=C1
COC1=CC=C(C2CCCN2C(=O)NC2=CC=CC=C2OC(C)C)C(OC)=C1,COC1=CC=CC(N2CCN(CCCCNC3=CC=CC=C3)C(C(=O)NC2=CC=CC=C2)=C1OC
COC1=CC=C(CNC(=O)C2=CC=C(C)C(N3C=CC=C3)=C2)C=C1OC,COC1=CC(C(O))NCC=C2CCN(C)CC2=C1)CC3=C1
COC1=CC=C(CNC(=O)CC(C)C2=CC=C(C(F)(F)F)C=C2)C=C1F,COC1=CC=C(C(=O)NC2CCC(CCN3CCN(C4=CC=C(F)C=C3)CC2)C=C1OC
COC1=CC=C(CC(=O)NC2=CC=C(C(=O)N3CCCCC3)C=C2)C=C1,COC1=CC=C(C(=O)NCCCCN2CCN(C3=CC=C(Cl)C=C3)CC2)C=C1
COC1=CC=C(Cl)C=C1C(=O)N1CCCC1C(=O)NC(C)C1=CC=CO1,COC1=CC=C(Cl)C=C1C(=O)NC1CCN(CC2=CC=CC=C2)C1
COC1=CC=C(Cl)C=C1NC(=O)CCC1=NC(C2=CC=CC=C2F)=NO1,COC1=CC(F)=CC(C(=O)NC2CCN(CC3=CC=CC=C3)CC2)=C1OC
COC1=CC=C(CCNC(=O)C2=CC=C(N3CCCC3=O)C=C2)C=C1OC,COC1=CC=CC2=C1CC(CN1CCCC1=CC=C(C)C=C1)C2
COC1=CC=C(C=NNC(=O)CNC(=O)C=CC2=CC=CO2)C=C1OC,COC1=CC=CC(C(=O)NC2CCN(CC3=CC=CC=C3)CC2)=C1OC
COC1=CC=C(Cl)C=C1C(=O)NCC(C)(O)C1=CC=C(F)C=C1,COC1=CC=C(Cl)C=C1C(F)(F)NC1CCC(N2CCC(C3=CC=C(F)C=C3OC)CC2)CC1
COC1=CC=C(CNC(=O)CN2CCN(C3=CC=CC=C3)CC2)C=C1,COC1=CC=C(N2CCN(CC3=CC=CC=C3)CC2)C=C1
COC1=CC=C(C[NH+]2CCC(CC3=CC=CC=C3)CC2)C=C1OC,COC1=CC=CC2=C1CCC(CCN1CCN(C3=CC=CC=C3OC)CC1)=C2
COC1=CC=C(CNC2=CC=CC=C2C(=O)NC2CC2)C(Cl)=C1,COC1=CC=C(C2CC3CN(CCC2)C=C1Cl
COC1=CC=C(CC(C)C(=O)NCC2CN3CCCCC3CO2)C=C1,COC1=CC=C(N2CCN(CCCC3=CC=C4N=C(B)N=C3)CC2)C=C1
COC1=CC=C(Cl)C=C1NC(=O)NCC(O)CC1=CC=CC=C1,COC1=CC=C(Cl)C=C1NC(=O)NCC1CCN(CC2=CC=CC=C2)CC1
COC1=CC=C(CC(=O)NCCSC2=CC=C(C)C=C2)C=C1,COC1=CC=C(C(=O)NCCCN2CCC(C3=CC=C(C)C=C3)CC2)C=C1
COC1=CC=C(F)C=C1C(=O)NCC1CCC[NH+](C)C1,CCCN(CC)CC1=CC=C(N2CCOC2=CC(F)=CC=C2C2=O)CC1
COC1=CC=C(C2OC23CC2=CC=CC=C2C3=O)C=C1,COC1=CC=C(C2=CC=CC(CN3CCN(C4=CC=CC=C4)CC3)=C2)C=C1
COC1=CC=C(CN2CCOCCOCCOCCOCCOCC2)C=C1,COC1=CC=C(CN2CCCC3=CC=CC=C3)CC2)C=C1
COC1=CC=C(Cl)C=C1CN1CCS(=O)C(C)(C)C1,COC1=CC=C(Cl)C=C1N1CCN(CCCCN2C(O)=CC3=C(Cl)C=C2Cl)CC1
COC1=CC=C(CC(=O)NC2CCCCCC2)C(OC)=C1,COC1=CC=C(C(=O)NC2CCC(CN3CCCCC3)CC2)C=C1
COC1=CC=C(N2CC(C3=NC4=CC=CC=C4N3CCOC3=CC=C(C)C=C3C)CC2=O)C=C1,COC1=CC=C(N2CCN(CCCOC3=CC=C4CCC(=O)NC4=C3)CC2)C=C1
COC1=CC=C(N2N=C(C(=O)NCC(=O)NCCCN3CCOCC3)C3=CC=CC=C3C2=O)C=C1,COC1=CC=C(N2C=C(C)C=C1CN1CCN(C2=CC=C(O)C=C2)CC1
COC1=CC=C(N2C(=S)NC3=CC(C(=O)NCCCN4CCOCC4)=CC=C3C2=O)C=C1,COC1=CC=C(N2CCN(CCCOC3=CC=C(C4=CN5C=CC=C5N4)C3=O)CC2)C=C1
COC1=CC=C(OC)C(S(=O)(=O)N(C)CC(=O)N2CCC3=CC=CC=C3C2)=C1,COC1=CC=C(C(=O)NC2CCC(C3=CC=CC=C3)C3=CC=CC=C23)CC1
COC1=CC=C(N2CCN(CCNC(=O)CCNS(=O)(=O)C3=CC=CS3)CC2)C=C1,COC1=CC=C(CN(CCC)CC(=O)CN2CCN(C3=CC=C(C)C=C3)CC2)C=C1
COC1=CC=C(NC(=O)C2=CC3=C(Cl)N=C4C=CC=CC4=C3S2)C(OC)=C1,COC1=CC=CC(CN2CCC3=C(C4=CC=CC=C4S(=O)(=O)O)C=C3Cl)CC2)=C1
COC1=CC=C(OC)C(CN2CCN(C(=O)C3=CC=CC4=CC=CC=C34)CC2)=C1,COC1=CC=CC(C2=CC=CC(CN3CCN(C4=CC=CC=C4)CC3)=C2)=C1
COC1=CC=C(N2CCN(S(=O)(=O)C3=CC(C)=C(Cl)C=C3C)CC2)C=C1,COC1=CC=C(C2=CC=C(OCCCN3CCN(C4=CC=C(Cl)C=C4)CC3)C=C12
COC1=CC=C(NC(=O)C(C)[NH+](C)CC2=CC=C(Cl)C=C2)C(OC)=C1,COC1=CC=C(Cl)C(OC)=C1C(=O)NC(C1CCN(CC3=CC=C(F)C=C3)CC1)=C2
COC1=CC=C(NC(=O)CCN2C(=O)C3=CC=CC=C3S2(=O)=O)C(OC)=C1,COC1=CC=C(Cl)C(OC)=C1C(=O)NC1CC2CCC(C1)N2CC1=CC=CC=C1
COC1=CC=C(N2CCN(CCNC(=O)C3=C(C)OC(=O)C=C3C)CC2)C=C1,COC1=CC=C(N2CCN(CCOC3=CC=C(OCCCN3CCN(C4=CC=C(F)C=C4)CC3)CC2)C=C1
COC1=CC=C(NC(=O)CC2CC3CCC2C3)C=C1S(=O)(=O)N1CCOCC1,COC1=CC=C(S(=O)(=O)NC2CCC(CCN3CCN(C4=CC=CC(Cl)=C4Cl)CC3)CC2)C=C1OC
COC1=CC=C(NC(=O)NCC2=CC=CN2CC2=CC=C(F)C=C2)C=C1OC,COC1=CC=C(C(=O)NC2CCC(NC(=O)C3=CC=C(F)C=C3)CC2)C=C1OC
COC1=CC=C(S(=O)(=O)N2CCCCCC2)C=C1C(=O)N1CCCC(C)C1,COC1=CC=C(S(=O)(=O)NC2CCC(NC(=O)C3=CC=C(C)C=C3)CC2)C=C1OC
COC1=CC=C(S(=O)(=O)N2CCN(C3=CC=CC(OC)=C3)CC2)C=C1,COC1=CC=CC(N2CCN(CCCCN3CCN(C4=CC=CC(C(F)(F)F)=C4)CC3)CC2)=C1
COC1=CC=C(NC(=S)N(CCCN2CCCC(C)C2)CC2=CC=CS2)C=C1,COC1=CC=C(CN2CCCC(N3CCN(C4=CC=CC=C4)CC3)C2)C=C1
COC1=CC=C(N2CCN(C(=O)C3=CC=C(SC)C=C3OC)CC2)C=C1,COC1=CC=C(C(=O)NC2CCC(N3CCN(C4=CC=C(Cl)C=C4)CC3)C2)=C1
COC1=CC=C(NC(=O)C2CCCN2C(=O)NCC2=CC=CC=C2)C=C1,COC1=CC=C(C(=O)NC2CCC(N3CCC(C4=CC=CC=C4)CC3)CC2)C=C1OC
COC1=CC=C(NC(=O)C2CCN(C(=O)C3=CC=CS3)CC2)C=C1,COC1=CC=C(N2CCN(CCC3CCC(NC(=O)C4=CC=CS4)CC3)CC2)C=C1
COC1=CC=C(NC(=O)CN2CCN(C3=CC=CC=N3)CC2)C=C1Cl,COC1=CC=CC=C1N1CCN(CCCCN2C(=O)C3=CC=CC=C3C2=O)CC1
COC1=CC=C(NC(C)C(=O)NCC2COC3=CC=CC=C3O2)C=C1,COC1=CC=C(N2CCC(CNCC3=CC=CC=C3)CC2)C=C1
COC1=CC=C(NC(=O)C2=CN=C3C=CC=CC3=N2)C=C1OC,COC1=CC=C(C(=O)NC2CC3CCC(C2)N3CC2=CC=CN=C2)OC2=C1
COC1=CC=C(F)C=C1NC(=O)N1CCC(C2=CC=NN2)CC1,COC1=CC(F)=CC=C1N1CCN(CCCCN2C=CC(Cl)=C3Cl)CC2N1
COC1=CC=C(N2CCOCC2)C(NC(=O)C2=CC=CS2)=C1,COC1=CC=C(N2CCN(CCC3OC=CC(C4=CC=CS4)CC3)CC2)C=C1
COC1=CC=C(NC(=O)C(C)NC(=O)C2=CC=CS2)C=C1,COC1=CC=C(C(=O)NC2CCC(CCN3CCN(C3=CC=CC(Cl)=C4Cl)CC3)CC2)C=C1
COC1=CC=C(OCCCC(=O)OC2=CC=C(OC)C=C2)C=C1,COC1=CC=C(OCCCN2CCC(O)CC3=CC=CC=C32)C=C1
COC1=CC=C(OCCNC(=O)CC2=CC=C(Cl)C=C2)C=C1,COC1=CC=C(C(=O)NCCCN2CCN(C3=CC=C(Cl)C=C3)CC2)C=C1
COC1=CC=C(NC(=O)C2=CC3=CC=CC=C3N2)C=C1,COC1=CC=C(N2CCN(CCC3OCCC4=CC(C(N)=O)=CC=C43)CC2)C=C1
COC1=CC=C(S(=O)(=O)N2CCCC2)C=C1C(=O)O,COC1=CC=C(S(=O)(=O)NC2CCC(N3CCN(C4=CC=CC=C4OC)CC3)CC2)C=C1OC
COC1=CC=C(NC2=NC3=CC=CC=C3N2C)C=C1,COC1=CC=C(C2=NC(CN3CCC4=CC=CC=C4C3)=C2)C=C1
COC1=CC=C(OCC2=CC=C(Cl)C=C2Cl)C=C1,COC1=CC=C(C2=C(C)C=C2Cl)N2CCCN2CC=C(C2=CC=C(Cl)C=C2)C=C1
COC1=CC=C(OCCCC2=C(C)NN=C2C)C=C1,COC1=CC=C(N2CCN(CCCCOC3=CC=C(C4=NC5=CC=CC=C5N4)C=C3)CC2)C=C1
COC1=CC=C(S(=O)(=O)N2CCN(CC3=CC(C4=CC=CC=C4)=NO3)CC2)C=C1OC,COC1=CC=C(C2=CC=CC=C1OCCN1CCC(C2=NOC3=CC(Cl)=CC=C23)CC1
COC1=CC=C(S(N)(=O)=O)C=C1C(=O)NCC(C1=CC=CC=C1Cl)[NH+](C)C,COC1=CC=C(Br)C=C1C(=O)NCC1CCN(CC2=CC=CC=C2)C1
COC1=CC=CC(C(=O)N2CCN(C(=O)COC3=CC=C4C=CC=CC4=C3)CC2)=C1,COC1=CC=CC(C(=O)NCCN2CCN(C3=CC=CC4=CC=CC=C34)CC2)=C1
COC1=CC=CC(C(=O)N2CCN(CC3=CC=CC=C3[N+](=O)[O-])CC2)=C1OC,COC1=CC=CC=C1C1(N)CC(CCN2CCN(C3=CC=CC=C3Cl)CC2)=C1
COC1=CC=CC(C2=C(C(=O)C3=CC=CS3)C(O)=C(O)N2CCN2CCOCC2)=C1,COC1=CC=CC(N2CCN(CCCOC3=CC=C(C4=CN=C(C)C=C4)C=C3)C=C2O)C=C1
COC1=CC=C2OC(C(=O)NCC3CCCN(C4=NC=CC=N4)C3)=C(C)C2=C1,COC1=CC=C2C(CCCN3CCN(C4=CC=CC=N4)CC3)=CC2=C1
COC1=CC=CC(C(=O)NCC(C2=CC=CS2)N2CCC3=CC=CC=C32)=C1,COC1=CC=CC(CNCC2=CC=CC=C2C(=O)N1CCCN1CCC(N2C(O)=NC3=CC=CC=C32)CC1
COC1=CC=CC(C(=O)NCC=[SH](O)(O)N=CCCC2=CC=CC=C2)=C1,COC1=CC=CC(C(=O)NCCCCN2CCC=C(C3=CC=CC=C3)CC2)=C1
COC1=CC=CC(C(=O)NCCNC(=O)C2=C(Cl)C(C3CC3)=NN2)=C1,COC1=CC(C(=O)NCCCN2CCC(C3=CC=CC=C3)CC2)=C1
COC1=CC=C2C(CN3CCN(C(=O)C4CC4C)CC3)=CC(=O)OC2=C1,COC1=CC(=O)OC2=CC(OCCCN3CCN(C4=CC=CC=C4)CC3)=CC=C12
COC1=CC=C2NC(C(=O)N3CCCCC3C3=CC=CC(F)=C3)=CC2=C1,COC1=CC=C2NC(C(=O)NCCCN3CCN(C4=CC=CC(Cl)=C4Cl)CC3)=CC2=C1
COC1=CC=C2NC=C(C3=CCN(C(=O)CC(C)C(C)C)CC3)C2=C1,COC1=CC=C2NC=C(CCCN3CCN(C4=CC=C(F)C=C4)CC3)C2=C1
COC1=CC=CC(C(=O)NCC2=CC=C(CN3CCCC3=O)C=C2)=C1OC,COC1=CC=CC(C(=O)NCC2CCCN2CC2=CC=CC=C2)=C1
COC1=CC=CC(C(=O)N2CCC(C(=O)NCC3=CC=CO3)CC2)=C1,COC1=CC=C(C(=O)NC2CCN(CC3=CC=CC(Cl)=C3)CC2)C=C1
COC1=CC=CC(C(=O)NC2CCN(C3=C(F)C=CC=C3F)C2)=C1O,COC1=CC=CC=C1N1CCN(CCCCNC(=O)C2=CC=C(F)C=C2)CC1
COC1=CC=C2C(=C1)CCCC2CC(=O)N1CCCC(CNC(C)=O)C1,COC1=CC=C2C(=C1)CCCN1CCC(C2=CC=CC(C(=O)NC3=CC=C(F)C=C3)CC21
COC1=CC=CC(C(=O)NC2=CC=CC(C3=CC=CC=C3)=C2)=C1,COC1=CC=CC(C2=CC=CC=C1OCCNCC1=CC=CC=C1)C(C)=C1
COC1=CC=CC(C2N(CC3=CC=CC=C3)C(=O)C2(F)F)=C1OC,COC1=CC=CC(CN2CCC(OC3=CC=C4C(C)=CC(=O)F)C3)C2=C1
COC1=CC=CC(C(=O)CN2C3=NCCCN3C3=CC=CC=C32)=C1,COC1=CC=CC(C(=O)NCC2CCCN2CCN2CC=C(C2=CC=CC=C2)C2=CC=C(Cl)C=C21
COC1=CC=CC(C(=O)N(CC2=CC=C(Cl)C=C2)C2CC2)=C1,COC1=CC=CC(C(=O)NCCCCN2CCN(C3=CC=C(Cl)C=C3)CC2)=C1
COC1=CC=CC(CC(=O)NNC(=O)C2=CC=C3OCOC3=C2)=C1,COC1=CC=CC(C2CCC(N3CCC(OC)=CC=C4C=C3CC2=O)CC1
COC1=CC=C2CCCC([NH2+]C3CCC([NH3+])CC3)C2=C1,COC1=CC=C2CCC3C(CCCN3CCC4=CC=C(F)C=C3)CC2)C1
COC1=CC=C2CCC([NH2+]CC3=CC=CC(C)=C3)C2=C1,COC1=CC=C2CCC3C(CCCN3CCC4=CC=CC=C4CC2)=C1
COC1=CC=C2OCC(C(=O)N(C)CCC3=CC=CS3)CC2=C1,COC1=CC=C(C(=O)NC2CCC(C3=CC=CC=C3)C3CCC2)C=C1
COC1=CC=CC(C(=O)C2=CC3=CC=CC(OC)=C3O2)=C1,COC1=CC=CC(C(=O)NC2CCC(C3=NOC4=CC(Cl)=CC=C34)CC2)=C1
COC1=CC=CC(C2C[NH+]=C(N)N2C2=CC=CC=C2)=C1,COC1=CC=CC(C(=O)NN2C3=CC=CC(Cl)=C3N=C(N3CCN(C)CC3)C3=CC=CC=C32)SC(=O)N1CCCCN1CCN(C2=CC=CC
COC1=CC=C2CCC([NH2+]CCCC(=O)NC3CC3)C2=C1,COC1=CC=C(C2=CCCN(CCCCN3CCC5=CC=CC=C4C3=O)CC2)C=C1
COC1=CC=CC(C(=O)N2CCS(=O)C(C)(C)C2)=C1OC,COC1=CC=CC(C(=O)NC2CCC(N3CCN(C4=CC=CC=C4Cl)CC3)CC2)=C1OC
COC1=CC=C2C(=C1)CCCC2CC(=O)NC1CCCC(C)C1,COC1=CC=C2CCC(CCN3CCN(C4=CC=CC=C4)CC3)C2=C1
COC1=CC=CC(C2=NC(C3=CC=CC=C3OC)=CS2)=C1,COC1=CC=CC(C2=CCC(N3CCN(CC4=CC=CC=C4)C3)=C2)=C1
COC1=CC=CC(C(=O)CN2CC[NH+]3CCCC3C2)=C1,COC1=CC=CC(C(=O)N2CCC(C3=CC=CC(C(F)(F)F)=C3)CC22)C=C1
COC1=CC=CC(C2CC2C(=O)N2C(C)CCCC2C)=C1,COC1=CC=CC(C2CCCN(CC3=CC=CC(Cl)=C3)C2)=C1
COC1=CC=CC(N2CCN(C(=O)C3=C(C4=CC=CN=C4)N(C4=CC=C(Cl)C=C4)N=N3)CC2)=C1,COC1=CC=C(CN2CCC(N3C(O)=NC(C4=CC=CN=C4)C=C3)CC2)C=C1
COC1=CC=CC=C1CN(C)C(=O)C1=CC=CC(S(=O)(=O)N2CCN(CC3=CC=CC=C3)CC2)=C1,COC1=CC=CC=C1N1CCN(CC2=CC=CC(C(=O)N3CCCC(O)C3)=C3)CC2=CC=CC=C23)CC1
COC1=CC=CC=C1C(CNC(=O)C1=C(C)C2=C(C)C=C(C)N=C2S1)[NH+]1CCCC1,COC1=CC=CC(C(=O)NCCN2CCN(C3=CC=CC(Cl)=C3Cl)CC2)=C1
COC1=CC=CC=C1C(NC(=O)C1=CC=C(Cl)C=C1)NC(=O)C1=CC=C(Cl)C=C1,COC1=CC=CC=C1C(=O)NC1CCN(CC2=CC=C(Cl)C=C2)CC1
COC1=CC=CC(CN(C)C(=O)CN2C(=O)NC3(CCCC4=CC=CC=C43)C2=O)=C1,COC1=CC=CC(C(=O)N2CCC(CN3CCCCC3)CC2)=C1
COC1=CC=CC(N(CC(=O)N2CCN(C3=CC=CC=C3OC)CC2)S(C)(=O)=O)=C1,COC1=CC=CC=C1N1CCN(CCCCNC(=O)C2=CC=C3C(=C2)CC2=CC=CC=C23)CC1
COC1=CC=CC=C1C(=O)NCC1=CC=C2CCN(C(=O)C3=CC=C(C)C=C3)C2=C1,COC1=CC=CC=C1C(=O)NCCN(CCC)C3=CC=CC=C2OC)C1=CC=C(Cl)C=C1
COC1=CC=CC(CNC(=O)C2=CC=C(Cl)C(S(=O)(=O)N3CCOCC3)=C2)=C1,COC1=CC=CC(C(=O)NCCCCN2CCN(C3=CC=CC(Cl)=C3Cl)CC2)=C1
COC1=CC=CC(CCC(=O)N2C3=CC=C([N+](=O)[O-])C=C3CC2C)=C1Cl,COC1=CC(Cl)=CC(Cl)=C1C(=O)NC1CC2CCC(C1)N2CC1CCCO1
COC1=CC=CC(CC2(CO)CCCN(CC3=C(C)OC(C4=CC=CS4)=N3)C2)=C1,COC1=CC=CC(C2CCCN(CCC3=CC=CC=C3)C2)=C1
COC1=CC=CC2=C1OC(C(=O)NCCN1N=C(C3=CC=CN=C3)C=CC1=O)=C2,COC1=CC=CC2=C1OC(C(=O)NCCCCN1CCN(C3=CC=CC(Cl)=C3)CC1)=C2
COC1=CC=CC(OC)=C1C(=O)N1CCN(C2=NC=CN2C2=CC=CC=C2F)CC1,COC1=CC=CC=C1N1CCN(CCC(O)C2=CC=CC(F)=C2)CC1
COC1=CC=CC=C1CN1CCCC(C2=NOC(C(=O)NCC3=CC=NC=C3)=C2)C1,COC1=CC=CC=C1C1(O)CC2CCN(CC3=CC=CC=C3)C2)C(=O)N1CCCCN1CCN(C2=NC=CC=N2)CC1
COC1=CC=CC(CCNC(=O)CN2C(C3=CC=CS3)=CC3=CC=CC=C32)=C1,COC1=CC=CC(C(=O)NCCCCN2CCN(C3=CC=CC=C3OC)CC2)=C1
COC1=CC=CC2=C1CCC1C2=NNC1C1=CC=C([N+](=O)[O-])C=C1,COC1=CC=CC2=C1C(=O)NC1CCN(CCC2=CC=C(F)C=C2)CC1
COC1=CC=CC=C1C(=O)N1CCC(C2=NN(C)C(=O)N2C2CCCC2)CC1,COC1=CC=CC=C1C(=O)NC1CCC(N2CCN(C3=CC=CC=C3OC(C)C)CC2)CC1
COC1=CC=CC=C1C1=NC(C#N)=C(N2CCN(C3=CC=CC=C3)CC2)O1,COC1=CC=CC=C1N1CCN(CCCCOC2=CC=C3C=CC(=O)OC3=C2)CC1
COC1=CC=CC=C1C=CC(=O)NCC(=O)NN=C(C)C1=CC=C(Cl)C=C1,COC1=CC=CC=C1N1CCN(CCCCNC(=O)C2=CC3=CC=CC(Cl)=C3O2)CC1
COC1=CC=CC(N2CCN(CC(=O)NC(=O)NCC3=CC=CO3)CC2)=C1,COC1=CC=CC(N2CCN(CC(C)C3=CC=CC=C3)CC2)=C1
COC1=CC=CC(S(=O)(=O)NCC2CCN(S(C)(=O)=O)CC2)=C1,COC1=CC=CC(C2=CC=CC(CCN3CCC(O)C4=CC=CC=C4)CC3)=C2)=C1
COC1=CC=CC2=C1OC(=O)C(C(=O)NCC1=CC=CC=C1Br)=C2,COC1=CC=CC=C1C(=O)NCC(CN1CCC(O)(C3=CC=CC=C3OC)CC2)C1=O
COC1=CC=CC2=C1OC(C(=O)NCC1(C3=CC=CS3)CC1)=C2,COC1=CC=CC2=C1OC(C(=O)NCCCCN1CCN(C3=CC=CC(Cl)=C3)CC1)=C2
COC1=CC=CC(NC(=O)CC2=CNC3=C(C)C=CC=C23)=C1,COC1=CC=CC(C(=O)NC2CC3CCC(C2)N3CC2=CC=CN=C2)=C1OC
COC1=CC=CC(CNC(=O)NC2=CC(Cl)=CC=C2SC)=C1,COC1=CC=CC(C(=O)NCCCN2CCC(N3C=CC(Cl)=C3Cl)CC2)=C1
COC1=CC=CC(N2CCC(CNC(=O)N3CCCCC3C)C2)=C1,COC1=CC=CC(N2CCC(CCN3CCCC4=CC=CC=C3)C2=O)=C1
COC1=CC=CC=C1C=CC(=O)NC1=CC=CC=C1C(N)=O,COC1=CC=CC=C1C(=O)NC1CCN(CC2=CC=CC=C2)CC1
COC1=CC=CC(N2CC[NH+](CC3CCCO3)CC2)=C1,COC1=CC=CC(C2CCCN(CC3=CC=CC=C3)C(C2)CC2)=C1
COC1=CC=CC=C1C(=O)N(CCC1=CC=CS1)C1CC1,COC1=CC=CC=C1C(=O)NC1CCC(N2CCN(C3=CC=CC=C3OC(C)C)CC2)CC1
COC1=CC=CC=C1C1CCCN1C(=O)CCCCNC(N)=O,COC1=CC=CC=C1C1=CC=CC=C1C(=O)NCCCCN1CCN(C2=CC=CC=C2OC)CC1
COC1=CC=CC=C1C1CCCN1C(=O)NCCN1CCOCC1,COC1=CC=CC(CN2CCN(C3=CC=CC=C3OC)CC2)=C1
COC1=CC=CC(CNC2=CC=C(C)C(Cl)=C2)=C1,COC1=CC=CC(C2CCC(N3CCN(CC4=CC=CC=C4OC)CC3)C2=C1
COC1=CC=CC=C1CN(C)CC1CSC2=CC=CC=C21,COC1=CC=CC=C1C1CCN(CCCCOC2=CC=C(Cl)C=C2)CC1
COC1=CC=CC=C1N1CCN(S(=O)(=O)C2=C(C)SC3=C2C(=O)N(CC(=O)NC2=CC=C(C(F)(F)F)C=C2)C=N3)CC1,COC1=CC=C(N2C=C(C(=O)NCCCCN3CCN(C4=CC=CC(C(F)(F)F)=C4)CC3)C2=C1
COC1=CC=CC=C1N1CCN(C2=NC=NC3=C2C(C2=CC=CC=C2)=CN3C2=CC=CC(Cl)=C2)CC1,COC1=CC=CC=C1N1CCN(CCCCOC2=CC=CC3=C2C(=O)OC3=C2Cl)CC1
COC1=CC=CC=C1N1CCN(C(=O)C2=CN=C3C(=C2)C(C#N)=CN3CC2=CC=CC=C2)CC1,COC1=CC=CC=C1N1CCN(CCCC2=CC(Cl)=CC=C23)CC1
COC1=CC=CC=C1N1CCN([SH](=O)(O)CC=NC(=O)COC2=CC=C(C(C)C)C=C2)CC1,COC1=CC=CC=C1N1CCN(CCCCOC2=CC=C3C(=C(C)C=C2C)CC1
COC1=CC=CC=C1N1CCN(C(=O)CCCC2=NS(=O)(=O)C3=CC=CC=C3N2)CC1,COC1=CC=CC=C1N1CCN(CCCCNC(=O)C2=CN3C=CC=CC3=C2)CC1
COC1=CC=CC=C1N1CCN(C(=O)CCNC(=O)CN2C=CC3=CC=CC=C3C2=O)CC1,COC1=CC=CC=C1N1CCN(CCCCNC(=O)C2=CCN3C=CC(OC)=CC3=C2N)CC1
COC1=CC=CC=C1N1CCN(C(CNC(=O)C(=O)NCCN(C)C)C2=CC=CN=C2)CC1,COC(=O)C1=CC=CC=C1N1CCN(CCCCNC(=O)C2=CC=CN=C2)CC1
COC1=CC=CC=C1N1CCN(C(=O)C2CC(=O)N(C3CCS(=O)(=O)C3)C2)CC1,COC1=CC=CC=C1N1CCN(CC2=CC=C(CN(CC(C)=O)C=C2)CC1
COC1=CC=CC=C1NC(=O)NCCS(=O)(=O)N1CCN(C2=CC=CC(C)=C2)CC1,COC1=CC=CC=C1C(=O)NCCCN1CCN(C2=NSC3=CC=CC=C23)CC1
COC1=CC=CC=C1N1CCN(C(=O)C(=O)NN=CC2=CC=C(Cl)C=C2Cl)CC1,COC1=CC=CC(C(=O)NC2CCN(CC3=CC=CC=C3)CC2)=C1OC
COC1=CC=CC=C1N1CCN(CC(=O)NC2=NC(C)=C(C(=O)N(C)C)S2)CC1,COC1=CC=CC=C1N1CCN(CCCCNC(=O)C2=C(C)C=CC=C2C(=O)N3CCCC12
COC1=CC=CC=C1N1CCN(C(=O)C2=CC=CC(OC3=CC=CC=C3)=C2)CC1,COC1=CC=CC=C1N1CCN(CCC(=O)NC2CCC3=CC=CC=C32)CC1
COC1=CC=CC=C1N1CCN(C(=O)CCN2C(=O)NC3=C(SC=C3)C2=O)CC1,COC1=CC=CC=C1N1CCN(CCCCNC(=O)C2=C(C3=CC=CC=C23)CC1
COC1=CC=CC=C1N1CC[NH+](CCCS(=O)(=O)C2=CC=C(F)C=C2)CC1,COC1=CC=C(S(=O)(=O)N2CCC(CN3CCC(C4=CC=C(F)C=C4)CC3)C2=CC=C(F)C=C2)C=C1
COC1=CC=CC=C1N1CCN(C(=O)C2=NOC(C3=CC=CC=C3O)=C2)CC1,COC1=CC=CC=C1N1CCN(CCCCOC2=CC=C3C(=C2)OC(=O)N3CCN2CCN(C3=CC=CC=C3)CC2)=CC(OC)=C2OC
COC1=CC=CC=C1CNC(=O)C1=CC=CC(NC(=O)C2=CC=CC=C2)=C1,COC1=CC=CC=C1C(=O)NCCC1CCN(CC2=CC=CC=C2)CC1
COC1=CC=CC=C1N1CCN(C(=O)C(=O)NN=CC2=CC=CC=C2F)CC1,COC1=CC=CC=C1N1CCN(CCCOC2=CC=C(F)C=C2)CC1
COC1=CC=CC=C1N1CCN(C(=O)CN2N=CC3=C(SC=C3)C2=O)CC1,COC1=CC=CC=C1N1CCN(CCCCN2C=C(C3=CC=CC=C3)N=N2)CC1
COC1=CC=CC=C1NC(=O)C1=CC=C(S(=O)(=O)N2CCOCC2)C=C1,COC1=CC=CC=C1N1CCN(CCCCNC(=O)C2=CC=C(N3C=CC=C3C)N=C2)CC1
COC1=CC=CC=C1N1CCN(C(=S)NC2=CC=C(F)C(Cl)=C2)CC1,COC1=CC=CC=C1N1CCN(CCCCN2C(=O)C3=CC=C(F)C=C3F)CC2)CC1
COC1=CC=CC=C1N1CCN(CCC(=O)NC2=CC=C3OCOC3=C2)CC1,COC1=CC=CC=C1N1CCN(CCCCNC(=O)C2=CC3=CC=CC=C3OC2=O)CC1
COC1=CC=CC=C1CN1CCN(CC2=NC(C3=CC=CS3)=NO2)CC1,COC1=CC=CC=C1N1CCN(CCCCN2C=C(C3=CC=CC=C3O)CC2)CC1
COC1=CC=CC=C1NC(=O)C1CCCN1C(=O)NCC1=CC=CC=C1,COC1=CC=C(Cl)C=C1C(=O)NC1CCCN(CC2=CC=CC=C2)C1
COC1=CC=CC=C1NC(=O)COC(=O)CC1=CNC2=CC=CC=C12,COC1=CC=CC=C1N1CCN(CCCCC2=CNC3=CC=CC=C23)CC1
COC1=CC=CC=C1N1CCN(C(=O)NC2=CC=CC(C)=C2)CC1,COC1=CC=CC=C1N1CCN(CCCC(O)C2=CC=CC(C)=C2)CC1
COC1=CC=CC=C1NC1CCN(C(=O)NCC(C)N2CCOCC2)CC1,COC1=CC=CC=C1C(=O)NC1CCN(CC2=CC=C(F)C=C2)CC1
COC1=CC=CC=C1NC(=S)N1CCN(C2=NC=CC=N2)CC1,COC1=CC=CC=C1C(=O)NC1CCCN(CC2=CC=CC=N2)CC1
COC1=CC=CC=C1CNC(=O)C1=CC=C2C=CC=CC2=N1,COC1=CC=CC2=C1CCC(CNCC1=CC=CC=C1)C2
COC1=CC=CC=C1NC(=S)NC(=O)C=CC1=CC=CS1,COC1=CC=CC=C1N1CCN(CCCCNC(=O)C2=CC=C3C(C)=CC(=O)F)C=C2)CC1
COC1=CC=CC=C1CNC1=CC=C(N2CCCCC2)C=C1,COC1=CC=CC=C1N1CCN(CCCC2=CC=C(CCCC2)C=C2)CC1
COC1=CC=CC=C1N1NC(C2=CC=CC=C2)=CC1=O,COC1=CC=CC=C1N1CCN(CC2=CC(C3=CC=CC=C3)=C2)CC1
COC1=CC=CC=C1CNC(=O)CC1=CC=CC=C1,COC1=CC=CC=C1C(=O)NCC1CCN(CC2=CC=CC=C2)CC1
COCC1=CC(C)=NC2=C1C(N)=C(C(=O)N1CCN(C3=CC=CC=C3)CC1)S2,COC1=CC=CC(N2CCN(CCCCN3CCN(C4=CC=CC(Cl)=C4)CC3)=C2)=C1
CS(=O)(=O)N1CCN(C2=CC=CC=C2NC(=O)C2=CC=C3OCCOC3=C2)CC1,CCCN1CCCC1CNC(=O)C1=CC(Br)=CC=C1OC
CS(=O)(=O)N(CC(=O)N1CCN(C2=CC=CC(Cl)=C2)CC1)C1CCCCC1,COC1=CC=CC(C(=O)NCCCCN2CCN(C3=CC=CC(Cl)=C3Cl)CC2)=C1
CSC1=CC=C(CN(C)C(=O)C2=C(C)N(C3=CC=CC=C3)N=C2C)C=C1,CN(C)CC(=O)C1=CC=C(CSC2=NC3=CC=CC=C3N2CC2=CC=C(Cl)C=C2)C=C1
COCCNC(=O)C1CC(C2=CC=CC=C2)CN(C(=O)C2=CC=CC=C2F)C1,COC1=CC=C(C(=O)NC2CCCN(CC3=CC=CC=C3)CC2)C=C1OC
COC1=CC=CC=C1NC1CCN(C2=CC=C([N+](=O)[O-])C=N2)CC1,COC1=CC=CC=C1N1CCN(CCCCC2=CC=CC=C2C(=O)NC2CCCCC22
COC1CCCN(C(=O)NCC2=CC=CC(NC(=O)C3=CC=NC=C3)=C2)C1,COC1=CC=CC=C1C(=O)NCCC1CCN(CCCC(=O)NC2CCCC3)CC2)C1
COC1=CC=CC=C1OCC(=O)N1CCCC2=CC(C(F)(F)F)=CC=C21,COC1=CC(C(F)=CC2=CC=CC=C1C2=CC=CC=C1CCFCN2CCCC2=O)C1
COC1=CC=CC=C1OCC(=O)NC1=CC=CC(C(=O)N2CCOCC2)=C1,COC1=CC=CC=C1N1CCN(CC2=CC=C((NC(=O)C3=CC=C(Br)C=C3)CC2)CC1
CSC1=CC=C(C(C)[NH2+]CC2CCCN(C3=NC=CC=N3)C2)C=C1,CC(C)N1CCCC1CNC(=O)C1=CC=C2C=CC=CC2=C1
COCCN1C(CNC(=O)C2=CC=C3OCOC3=C2)=NC2=CC=CN=C21,COC1=CC=CC=C1N1CCN(CCCCNC(=O)C2=CC3=CC=CC=C3N2)CC1
COCC(=O)NC(C)C1=NC2=CC=CC=C2N1CC1=CC=C(F)C=C1,COC1=CC=CC=C1N1CCN(CCCC(=O)NC2=CC=CC=C2)CC1
CS(=O)(=O)NCCCNC(=O)C1(C2=CC=CC(Cl)=C2)CCCCC1,CCOC(=O)NC1CCC(CN2CCCCCC2)CC(N2CCN(C3=CC=CC(Cl)=C3)CC2)C1=O
COCCC([NH2+]C1CCCC2=C1C=NN2C)C1=CC=C(Cl)C=C1,COC1=CC=C(CN2CCCC3(CCCC4=CC=CC=C43)CC2)C=C1
COCCCNC(=O)C1C2=CC=CC=C2C(=O)N(C)C1C1=CC=CS1,CC1=CC=C(OCCCN2CCC(N3CCOCC3)CC2)=C1C
COCC1=CC=C(C(=O)N(CC2CCCO2)C2=CC=NC=C2)C=C1,COC1=CC=CC=C1N1CCN(CCCCC2=CC=C(C3=CC=NC=C3)N=N2)CC1
CS(=O)(=O)N1CCC(C(=O)NCCCC2=CC=C(F)C=C2)CC1,CC(CC1CCN(CCC2=CC=CC=C2)C1)C(OC)=C(OC)C(C(F)(F)F)C=C1
CS(=O)(=O)NC1CCCN(C(=O)NC2=CC=C(F)C=C2Cl)C1,CC(C)OC1=CC=CC=C1N1CCN(CC2=CC=C(C(=O)N3CCCCC3)N2C)CC1
COC1=CC=CC=C1NS(=O)(=O)C1=CC=CC2=CC=CN=C12,COC1=CC=CC=C1N1CCN(CCCCNC(=O)C2=CC3=CC=CC=C3N2)CC1
COCC1=CC=CC(C(=O)N2CCN(C3=NC=CC=N3)CC2)=C1,COC1=CC=CC(C2=CC=CC(CN3CCN(C4=NC=CC=N4)CC3)=C2)=C1
COCC(NC(=O)CC1=CNC2=CC(Br)=CC=C12)C(N)=O,CC(C)OC1=CC=CC=C1N1CCN(CCCC(=O)NC2=CC=C(Cl)C=C2)CC1
CS(=O)(=O)CCCNC(=O)C1=CC2=CC=CC(Cl)=C2O1,CC1=CC=C2C(CCCN3CCN(C4=CC=CC(Cl)=C5)CC3)SC2=NO1
CSC1=CC=C(Cl)C(C(=O)NCCOC2=CC=CC=C2)=C1,CC(C)OC1=CC=CC=C1CNCC1=CC=CC=C1
COCCCNC(=O)CN1CCN(C2=CC=C(Cl)C=C2)C1=O,COC1=CC=C(C(=O)NCCCN2CCN(C3=CC=CC(Cl)=C3Cl)CC2)C=C1
CON=C(COC1=CC=C(F)C=C1)C1=CC=C(OC)C=C1,COC1=CC=C(C2=CC=C(F)C=C1)CN(CCC=CC2=CC=C(OC)C=C2)CC1
COCCCNC(=S)N1CCN(C2=CC=CC(C)=C2C)CC1,COC1=CC=CC(N2CCN(CCCCNC3=CC=CC=C3)CC2)=C1Cl
COCCOC1=CC=CC(CN2CCN(C(=O)OC)CC2)=C1,COC1=CC=CC(C(=O)NC2CCN(CC3=CC=CC=C3)CC2)=C1OC
COCC(=O)N1CCC(CN2CC[NH+](C)CC2C)CC1,COC1=CC(N)=C(Cl)C=C1C(=O)NC1CCN(CC2=CC=CC=C2)CC1
COCCCC1CCCCN1C(=O)C1=CN(C)C(=O)C=C1,COC1=CC=CC(N2CCN(CCCCOC3=CC=C4CCC(=O)NC4=C3)CC2)=C1
COC1CCN(C(=O)NCCCCCC2=CC=CC=C2)CC1,COC1=CC=CC=C1N1CCN(CCCCCC(=O)NCC2=CC=CC=C2)CC1
COCCN1C(SCC(F)(F)F)=NC2=CC=CC=C21,COC1=CC=CC(C(=O)NCCCCN2CCN(C3=CC=CC=C3OC)CC2)=C1
COCCCNC(=O)CCSC1=CC=C(Cl)C=C1,COC1=CC=C(C(=O)NCCCN2CCC(C3=CC=C(Cl)C=C3)CC2)C=C1
ClC1=CC=CC(N2CCN(C3=NC4=CC=CC=C4C4=NC(C5=CC=NC=C5)=NN34)CC2)=C1,C1=CN=C(N2CCN(CCC3=CN(C4=CC=CC=C4)C4=CC=CC=C4N3)CC2)C=C1
C[NH+](C)C1CCC(NC(=O)C2=CC=C3C(=O)N(CC4=CC=CC=C4)C(=O)C3=C2)C1,COC1=CC=C(C(=O)NC2CC3CCC(C2)N3CC2=CC=C(F)C=C2)C=C1OC
C[NH+](C)CCNC(=O)C1=CC=CC(NC(=O)CC2=NOC3=CC=CC=C23)=C1,CCCN(CCCC1=CC=CC(CCNC(=O)C2=CC3=CC=CC=C3O2)CC1
FC1=CC=C(C2=NOC3=NC=NC(N4CCN(C5=CC=CC=C5)CC4)=C23)C=C1,FC1=CC=C(N2CCN(CCC3OCCC4=CC(C4=CC=CC=C4)=NC3=CC=CC=C34)CC2)C=C1
ClC1=CC(C[NH2+]CC2CN(CC3=CC=CC=C3)CCO2)=CC2=C1OCCO2,C1=CC=C(CC2NCCC3=CC(C3=CC=CC=C3)=CN2C2=CC=CC=C2)C=C1
C[NH+]=C(NCC1=COC(C2=CC=CC=C2)=N1)N1CCC2=CC=CC=C21,CC(NC1CCN(CCCCOC2=CC=C3CCC(=CN4)C2=C1
ClC1=CC=C(C2=NN=C(C[NH+]3CCC(CN4CCOCC4)CC3)O2)C=C1,ClC1=CC=C(N2CCN(CC3=CN4C=C(C4=CC=C(Cl)C=C4)=NC4=C3)CC2)C=C1
FC(F)(F)C1=NN=C2CN(CC3=CC=CC(C4=CC=CC=N4)=C3)CCN21,FC1=CC=CC(C2=CC=CC(CN3CCN(C4=CC=CC=C4CC3)N2C)CCC3=C1
N#CC1=CC=C(N2CCN(C(=O)CN3CCC4=CC=CC=C43)CC2)N=C1,N#CC1=CC=C2C(=C1)CCN2C(=O)CN1CCN(CC2=CC=C(Cl)C=C2)CC1
C[NH+](C)C1(CN2C(=O)C3=CC=CC=C3S2(=O)=O)CCCCC1,CN1CCC2=C(CC1)N(C2=CC=CC=C2)C2=CC=CC=C21
C[NH+](C)CCNC(=O)C=CC1=CC=C([N+](=O)[O-])C=C1,CC(=O)NC1=CC=C(C(=O)NCCCCN2CCN(C3=CC=C(Cl)C=C3)CC2)C=C1
C[NH+]1CCCC(C(=O)NC2CCCN(C3=CC=CC=C3Cl)C2)C1,COC1=CC=CC=C1C(=O)NCCCCN1CCN(C2=CC=CC=C2OC)CC1
C[NH+](C)CCNC(=O)C1=CC2=C(S1)C1=CC=CC=C1OC2,CCOC1=CC=CC=C1C(=O)NCCCN1CCC(O)(C2=CC=CC=C2)CC1
FC1=CC=C(N2CCN(C3=CN=C4C=CC=CC4=N3)CC2)C=C1,FC1=CC=C(N2CCN(CCCN3CCN(C4=CC=CC=C4)CC3)CC2)C=C1
FC1=CC=CC=C1CN1C(C2=CC=CC=C2)=NC2=CC=CC=C21,FC1=CC=CC=C1C1=CC=CC(CN2CCN(C3=CC=CC=C3F)CC2)=C1
N#CC1=C(NC(=O)CN2CCN(C3=CC=CC=C3O)CC2)SC=C1,O=C1C2=CC=CC=C2N=NN1CCCCN1CCN(C2=CC=CC=C2O)CC1
N#CC1=CC=C(NC(=O)N2CCC(CS(N)(=O)=O)CC2)C=C1,NC(=O)NC1CCC(CCN2CCN(C3=CC=CC=C3Cl)CC2)CC1
FC1=CC=CC=C1N1CCN(C2=NN=NN2C2=CC=CC=C2)CC1,CC1=CN(C2=CC=CC=C2NN(CN(CCCN3CCN(C4=CC=CC=C4)CC3)C2=O)=C1
CSC1CCC(NC(=O)CCCNC(=O)C2=CC=C(F)C=C2)C1,CC1=CC=C(CCN2CCC(C3=CC=C(F)C=C3)C2=O)C=C1
ClC1=CC=C2NC(C3CCC4CCCCC4[NH2+]3)=NC2=C1,ClC1=CC=C2NC3=C(CN(CCCC4)C4=CC=CC=C4Cl4)C2C1)C1=CC2
C[N+](C)(C)CCOC(=O)C1(C2=CC=CC=C2)CCCC1,COC1=CC=CC=C1CN1CCN(C(=O)C2=CC=CC=C2)CC1
C[NH2+]CC(C)C(=O)N1CCN(CC2=CC=CC=C2)CC1,CC(C)C1=CC=CC=C1N1CCN(CC2=CC=CC=C2)CC1
ClC1=CC=C(CN2CCN(C3=NC=CC=N3)CC2)C=C1Cl,C1=CC=C(C2CCN(CC3=CC=C(CN4CCN(C5=NC=CC=N5)CC4)CC3)C=C2)CC1
CSCCC(C)N(C)C(=O)NC1CCN(C2=CC=CC=C2)C1,CC(=O)NC1CCC(CCN2CCN(C3=CC=CC=C3)CC2)CC1
ClC1=CC=C(Cl)C(OCCCCNCC2=CC=CC=C2)=C1,ClC1=CC=CC(OCCNCCCCOC2=CC=CC=C2)=C1
ClC1=CC=C(OCCN2C=NC3=CC=CC=C32)C=C1,ClC1=CC=C(CN2CCC(O)(C3=CC=C(Cl)C=C3)CC2)C=C1
N#CC1=CC(N)=CC=C1OCC1CC2=CC=CC=C2S1,NC1=CC=C2C(=C1)CCN(CCCSC2=NNC3=CC=CC=C23)SC1
C[NH+]=C([S-])NCCC1=CNC2=CC=CC=C12,CC1=C(C2=CC=CC=C2)CCN(CCCC2=CNC3=CC=CC=C23)C1
FC(F)(F)C1=CC=CC(NC(=S)N2CCCC2)=C1,OC(N1CCN(CCCN2C3=CC=CC=C3CCC2)CC1)NC1=CC=CC(C(F)(F)F)=C1
CSC1CCC(NC(=O)C2=CC=CC(I)=C2)C1,COC1=CC=CC(CN2CCC3=CC(C4=CC=CC=C4)=C3C=C2C=C1
ClC1=CC=C(OCCN2CCOCC2)C=C1Cl,OC1=CC=C(C2=CC=C(OCCCN3CCN(C4=CC=CC=C4)CC3)C=C2O1
ClC1=CC=CC(Cl)=C1OCCN1CCOCC1,OC1=CC=CC(C2=CC=CC(CN3CCN(C4=CC=CC=C4)CC3)=C2Cl=O)C=C1
O=C(C1=CC=C2C(=O)N(CCC3=CC=CC=C3)C(=O)NC2=C1)N1CCN(C2=CC=C(Cl)C=C2)CC1,O=C(C1=CC=C(CN2CCN(C3=CC=CC=C3)CC2)C=C1)N1CCC1=CC=C(Cl)C=C1
O=C(C1=CC=C(Cl)C=C1)C1CCC[NH+](CC2=CC=C(OC3=NC=CC=N3)C=C2)C1,ClC1=CC=C(CN2CCCC(N3CCN(C4=CC=C(Cl)C=C4)CC3)C2)C=C1
O=C(C1=CC=C(F)C=C1)C1C[NH+](CC2=CC=CC=C2)CC1C(=O)N1CCC(O)CC1,O=C(NC1=CC=C(F)C=C1)C1CCN(CC2=CC=C(F)C=C2)CC1
O=C(C1=CC=C(F)C=C1)N1CCN(C2=C(Cl)C(=O)N(C3=CC=CC=C3)N=C2)CC1,O=C(NC1=CC=CC=C1)N1CCN(CC2=CC=CC=C2)CC1)C1=CC=C(F)C=C1
N#CC1=CC=CC=C1COC1=CC=CC(C(=O)N2CCN(C3=CC=C(Br)C=N3)CC2)=C1,C#CC1=CC=CC=C1N1CCN(CCC(O)C2=CC=CC=C2)CC1
O=C(C1=CC(O)=NC2=CC=CC=C12)N1CCN(C2=CC=CC(C(F)(F)F)=C2)CC1,OC1=CC=CC(N2CCN(CCCN3CCN(C4=CC=CC(N4CCN(CC4=CC=CC=C4)CC3)CC2)=C1
NC(=O)C1CC(C(=O)N2CCN(CCC3=CC=CC=C3)CC2)=NN1C1=CC=CC=C1,O=C(CC1=CC=CN=C1)NCC1CCN(CCC2=CC=CC=C2)CC1
O=C(C1=CC=C(F)C=C1)C1CCN(C(=O)NC2=CC=CC=C2C(F)(F)F)CC1,O=C(NC1CCN(CC2=CC=CC=C2)C1)C1=CC=C(F)C=C1
O=C(C1=CC=C2OCOC2=C1)C1CCCN(CC2=NC(C3=CC=CC=C3)=CS2)C1,OC1=CC=C(C2=CCC(N3CCN(C4=CC=CC=C4)CC3)=C2)C=C1
O=C(C1=CC=C2N=CSC2=C1)N1CCN(C2=CC=CC(C(F)(F)F)=C2)CC1,COC1=CC=CC(N2CCN(CCCCNC(=O)C3=CC=C4C=CC=CC4=C3)CC2)=C1
O=C(C1=CC=C2OCOC2=C1)N1CCCN(C(=O)C2=CC=C3OCOC3=C2)CC1,O=C1C(CN2CCCC2)CCN1C1=CC=CC(Cl)=C1
N#CCC1=CC=C(NC(=O)N2CCN(C(=O)C3=CC=CC=C3F)CC2)C=C1,O=C(NC1=CC=C(F)C=C1)N1CCN(CC2=CC=CC=C2)CC1
NC(=O)C1=CC=C(C=CC(=O)N(CC2=CC=NC=C2)CC2CCCO2)C=C1,NC(=O)C1=CC=C(C2CC2)N(C3=CC=CC=N3)C=C2)C1
NC(=O)C1=CC=C(CNC(=O)NCC(=O)N2CCC3=CC=CC=C32)O1,O=C(NCCCCN1CCN(C2=CC=CC(Cl)=C2Cl)CC1)C1=CC=C2C(=C1)CCC1=CC=CC=C1
O=C(C1=CC=C2OCOC2=C1)N1CCN(C2CC2)CC1C1=CC=CC=C1,O=C1COC2=CC=CC=C2N1CCCN1CCC(C2=CC=CC=C2)CC1
O=C(C1=CC=C2OCOC2=C1)N1CCN(C2=CC=C(Cl)C=C2)CC1,O=C(C1=CC=C(Cl)C=C1)C1CCN(CC2=CC=C(Cl)C=C2)CC1
O=C(C1=CC=CC(Cl)=C1)N1CCN(C(=O)C2=CC=CS2)CC1,O=C(NC1CCN(CC2=CC=CC(Cl)=C2)CC1)C1=CC=CC(Cl)=C1
N#CC1=CC=C(S(=O)(=O)NNC(=O)C2=CC=CC=C2)C=C1,NC(=O)N1CCCN1CCC(C2=CC=CC=C2)C2=CC=CC=C2)CC1
O=C(C1=CC=CC(Cl)=C1Cl)N1CCN(C2=CC=CC=N2)CC1,O=C(NC1CCC(CCN2CCN(C3=CC=CC=N3)CC2)CC1)C1=CC=CC=N1
N#CC1=CC=CC(CN2CCN(C(=O)C3=CC=CS3)CC2)=C1,N#CC1=CC=CC(CN2CCN(C3=CC=CC=C3C(F)(F)F)CC2)=C1
NNC(=O)C1=CC=C2C(=O)C3=CC=CC=C3C(=O)C2=C1,NC(=O)C1=CC=CC(CN2CCC(CNC3=CC=CC=C3)CC2)=C1
NC1=CC(N)=NC(SCC(=O)N2CCC3=CC=CC=C32)=N1,O=C(CC1=CC=CC=C1)NC1CCCN(CC2=CC=CC=C2)C1
NC(=O)C1CCN(C2=NC=C(C(F)(F)F)C=C2Cl)CC1,O=C(NC1CCC(CCN2CCN(C3=CC=CC(Cl)=C3Cl)CC2)CC1)C1=CC(Cl)=CC=C1F
NC(=O)C1CCCN1CC1=NC(CC2=CC=CC=C2F)=NO1,O=C(NCCCCN1CCN(C2=NSC3=CC=CC=C23)CC1)C1=CC=CC(F)=C1
NC(=O)CC1CCC[NH+](CC2=CC=CC(O)=C2)C1,NC(=O)C1=CC=CC(CN2CCCC(NC(=O)C3=CC=CC(C4=CC=CC=C4)=NO3)CC2)=C1
N#CC1=CC=CC(C2C[NH2+]CC[NH2+]2)=C1,N#CC1=CC=CC(C2=CC=CC(CN3CCN(C4=CC=CC(C#N)=C4)CC3)=C2)=C1
NC(=O)NCCC(=O)NCCC1=CNC2=CC=CC=C12,OC(C)C1=CC=CC(CNCCC2=CNC3=CC=CC=C23)CC1
O=C(C1=CC2=CC=CC=C2C(=O)O1)N1CCCC1,O=C1C=C(CN2CCCC3=CC=CC=C3O2)CC1
N#CC1=CC=C(NCCOC2=CC=CC=C2)C=C1N,N#CC1=CC=CC(C2CCCN(CCCCNC3=CC=CC=C3)CC2)=C1
NC1=CC2=C(OCOC2)C(CN2CCOCC2)=C1,CN1CCCC1CNC(=O)C1=CC(Cl)=CC(OC)=C1OCCF
NCCCN1CCN(C2=CC=CC=C2)CC1,C1=CC=C(N2CCN(CCCCN3CCN(C4=CC=CC=C4)CC3)CC2)C=C1
NNC(=O)C1=CC2=CC=CC=C2N1,O=C(NCCCCN1CCN(C2=CC=CC=C2)CC1)C1=CC2=CC=CC=C2N1
O=C(CC1=CC=CC(NC(=O)C2CCCN(C(=O)C3CCC3)C2)=C1)NC1=CC=CC(C(=O)N2CCCC2)=C1,O=C(CC1=CC=CC(N2CCN(CCCC3=CC=C4C(=O)OC4=C3)CC2)=C1)N1CCCCC1
O=C(C1=CC=CC(F)=C1)N1CCN(C2=CC=C(C3=NOC(C4CC4)=N3)C=C2)CC1,O=C1N(CCN2CC3=CC=CC=C3C2)CCN1C1=CC(Cl)=CC(F)=C1
O=C(C1CCC1)N1CCC2=CC(S(=O)(=O)NCC3COC4=CC=CC=C4O3)=CC=C21,O=S(=O)(NCC1CCN(CC2OCCOC3=CC=CC=C3O2)CC1)NC1=CC=CC=C1
O=C(C=CC1=CC=C(F)C=C1[N+](=O)[O-])NCC1COC2=CC=CC=C2O1,O=C(NCCC1CCN(CC2COC3=CC=CC=C3O2)CC1)NC1=CC=C(F)C=C1
O=C(CC1=CC=C(Cl)C=C1)NC1=CC=CC(S(=O)(=O)N2CCCCCC2)=C1,O=S(=O)(NC1CCC(CCN2CCN(C3=CC=C(Cl)C=C3Cl)CC2)CC1)C1=CC=CN=C1
O=C(C=CC1=CC=CS1)NCC1CCN(C(=O)C2=CC3=CC=CC=C3O2)CC1,O=C(NCCC1CCN(CC2COC3=CC=CC=C3O2)CC1)C1=CC=CS1
O=C(CC1=CC=C(F)C=C1)NC1CC(=O)N(C2=CC=C3OCCOC3=C2)C1,O=C1C2=CC=C(F)C=C2OC1=CC=C(F)C=C1OC
O=C(C1CN(C(=O)COC2=CC=CC=C2)C2=CC=CC=C2O1)N1CCCCC1,O=C1CCCN(C2=CC=CC=C2)C12CCN(CC1COC3=CC=CC=C4O2)CC1
O=C(CC1=C2C=CC=CC2=[NH+]C1)OCC(=O)N1CCC2=CC=CC=C21,O=C(CN1CCN(C2=CC=CC=C2OC)CC1)NC1=CC=CC=C1
O=C(CC1=CC([O-])=NC(SCC2=CC=CC=C2)=N1)NC1=CC=CN=C1,O=C(CC1=CC=CN=C1)NC1=CC=CC(C2CCN(CCCC(=O)C3=CC=C(Cl)C=C3)CC2)=C1
O=C(C1=CC=CC=C1O)N1CCN(C(=O)C2CC2C2=CC=CC=C2F)CC1,O=C(NCCCCN1CCN(C2=CC=CC(Cl)=C2Cl)CC1)C1=CC=CC=C1F
O=C(C1=CC=CC=C1)N1CCN(CC2=CC=CC(C(F)(F)F)=C2)CC1,O=C(C1=CC=CC(CN2CCN(C3=CC=CC=C3F)CC2)=C1)N1CCC(CC1=CC=CC=C1)CC2
O=C(C1CC1)N1CCC(C(=O)N2CCN(C3=NC=CC=C3F)CC2)CC1,O=C(NC1CCC(CCN2CCN(C3=CC=CC=C3Cl)CC2)CC1)C1=CC=C(F)C=C1
O=C(C1=CC=NC=C1)N1CCCC(C2=NN=CN2C2=CC=CC=C2)C1,O=C(NC1CCCN(CC2=CC=CC=C2)C1)C1=CC=C(C2=CC=CN=C2)C=C1
O=C(CC(O)C1=CC=C(Cl)C=C1)N1CCCC([NH+]2CCCC2)C1,O=C(NCCC1CCN(C2=CC=C(Cl)C=C2)CC1)C12CCN(CC2)CC1
O=C(C1CCCN1C(=O)CC(O)C1=CC=C(Cl)C=C1)N1CCOCC1,CC(C)CCN1CCC(O)(C2=CC=C(Cl)C=C2)C1)C(=O)C1=CC=C2NC=CC=CC2=N1
O=C(CC(O)C1=CC=C(Cl)C=C1)N1CCOC2(CCCCCC2)C1,O=C(CCCN1CCC2=C(CC1)C1=CC=C(Cl)C=C1)CN1CCCC1
O=C(CC1=CC=C([N+](=O)[O-])C=C1)NC1=CC=CN=C1,O=C(CC1=CC=CN=C1)NC1=CC=C(Cl)C=C1)N1CCC(CN2CCC(N3C(O)=NC4=CC(F)=CC=C43)CC2)CC1
O=C(C1=CC=CC(F)=C1)N1CCCC(C(=O)N2CCCCC2)C1,O=C(C1=CC=CC(F)=C1)C1CCN(C2CCN(C3=CC=CC(F)=C3)CC2)CC1
O=C(CC1=CC=CC(C(F)(F)F)=C1)N(CC1CC1)CC1CC1,OC(CN1CCC(C2=CC=CC(C(F)(F)F)=C2)C1)C1=CC=CC(C2=CC=CS2)=C1
O=C(C1CC(=O)N(C2=CC=CC(F)=C2)C1)N1CCCCC1,O=C1N(CCN2CCCCCC2)CCN(CCCC(=O)C2=CC=CC(F)=C2)CC1
O=C(C=CC1=CC=CN=C1)NCC(=O)OCC1=CC=CC=C1,O=C(NCCC1=CC=CC(OC(=O)NCCC2CCN(CC3=CC=CC=C2)CC1)C1=CC=CC=C1
O=C(C1CCCN(CC2=CC=C(F)C=C2)C1)N1CCCCC1,O=C(C1=CC=C(F)C=C1)N1CCCC(N2CCN(C3=CC=C(F)C=C3)CC2)C1
O=C(CC1=CC=C(C2=CC=CC=C2)C=C1)N1CCOCC1,O=C(CC1=CC=C(F)C=C1)N1CCN(CC2=CC=C(C3=CC=CC=C3)C=C2)CC1
O=C(CC1=CC=C(C2=CC=CC=C2)C=C1)NC1CCCC1,O=C(CC1CCN(CC2=CC=CC=C2)CC1)C1=CC=C(F)C=C1
O=C(C1=CC=NC=C1)N1CCOC(C2=CC=CC=C2)C1,O=C(NC1=CC=CC=C1)NC1CCN(C2CCC(C3=CC=CC=C3)CC2)CC1
O=C(C1=CN(C2=CC=CC=C2)N=N1)N1CCCCCC1,O=C1C2=CC=CC=C2N=CN1CCCCN1CCN(C2=CC=CC(C(F)(F)F)=C2)CC1
O=C(C=CC1=CC=CO1)NC(=S)N1CCCCCC1,O=C(C1=CC=CC(CN2CCN(C3=CC=CC=C3CCC3=CC=CC=C2)C=C1
O=C(C1=CC=NC2=CC=CC=C12)N1CCCC1,O=C1C=C(C2=CC=CC=C2)NCC2=CC=NC=C2)CN1CCN1CCN(C2=CC=CC=N2)CC1
O=C(C=CC1=CC=CO1)NC(=S)N1CCCCC1,O=C(C1=CC=CC(CN2CCN(C3=CC=CC=C3)CC2)=C1)N1CCCCC1
O=C(C=CC1=CC=CO1)NCCCCN1C=NN=C1,O=C(NCCCCN1CCN(C2=CC=CC(Cl)=C2Cl)CC1)C1=CC=C2C=CC=CC2=C1
O=C(C1=CNC2=CC=CC=C12)C(F)(F)F,O=C(C1=CC=CC(CN2CCN(C3=CC=CC=C3)CC2)=C1)NC1=CC=CC=C21
O=C(CCNC(=O)CN1C=CC2=CC=CC=C2C1=O)NCCN1CCN(C2=CC=CC(Cl)=C2)CC1,O=C(NCCCN1CCN(C2=CC=CC(Cl)=C2)CC1)C1=CC2=CC=CC=C2S1
O=C(CC1=CC=CC=C1)NC1=CC=CC(C2=NN3C(C4=CC=NC=C4)=NN=C3C=C2)=C1,O=C(CC1=CC=CC=C1)NC1=CC=CC(C2=CC=CC=C2)N=C1)NC1=CC=CC(CCN2CCN(C3=CC=CC=C3)CC2)=C1
O=C(CCC1NC(=O)N(CC2=CC=C3OCOC3=C2)C1=O)N1CCN(C2=CC=CC=C2)CC1,CNC1=CC=C(N2CCN(CC3=CNC4=CC=CC=C34)CC2)C=C1
O=C(CC1=CN2C=CC=CC2=N1)N1CCN(C(=O)C2=CC(Cl)=CC(Cl)=C2)CC1,COC1=CC(N)=C(Cl)C=C1C(=O)NC1CC2CCCC(C1)N2CC1=CC=CC=C1
O=C(CC1=CC=CC=C1Cl)N1CCCC(COC2=CC=CC(C(=O)N3CCCC3)=C2)C1,COC1=CC=CC(C(=O)NC2CCCC(N3CCN(C4=CC=CC=C4OC)CC3)C2=C1
O=C(CCS(=O)(=O)C1CCCC1)NC1=C(C(=O)N2CCOCC2)OC2=CC=CC=C12,O=C(CC1CCN(CC2COC3=CC=CC=C3O2)CC1)NC1=CC=CC=C1
O=C(CN1C(=O)C(=CC2=CC=CO2)SC1=S)NCCC1=CNC2=CC=CC=C12,O=C(C1=CC=C2C(=C1)CCCC1NCC1CCN(CC2=CNC3=CC=CC=C23)CC1
O=C(CCCC1=CC=CC=C1)NC1=CC=NN1C1CCN(CC2=CC=CC=N2)CC1,O=C(CC1CCN(CC2COC3=CC=CC=C3O2)CC1)NC1=CC=CC=C1
O=C(CCN1CCN(CC(=O)NC2=CC=CC=C2Cl)CC1)NC1=CC=CC=C1F,O=C(NCCCCN1CCN(C2=CC=CC(Cl)=C2Cl)CC1)C1=CC=CC=C1
O=C(CC1NCCC2=CC=CC=C21)NC1=CC=C(OC2=CC=CC=C2)C=C1,OC(CC1=CC=C(F)C=C1)NC1CCC2=CC=C(OC)C=C2C1
O=C(CC1=CC=CN=C1)N1CCC(C2=CC=C(C(F)(F)F)C=C2)CC1,O=C(NC1=CC=CC(CN2CCN(C3=CC=C(F)C=C3)CC2)=C1
O=C(CCCCCN1C(=O)NC2=CC=CC=C2C1=O)NC1=CC=C(F)C=C1,O=C(CCCCCN1CCN(C2=CC=CC(Cl)=C2Cl)CC1)C1=CC=C(F)C=C1
O=C(CN1C(=O)C2=CC=CC=C2C1=O)NCCC1=CNC2=CC=CC=C12,O=C(CCCN1CCC(CC2=CNC3=CC=CC=C23)CC1)C1=CC=CC2=C1NC=C2
O=C(CC1CCC2=CC=CC=C21)N1CCC2=C(C1)NC1=CC=CC=C21,O=C(CN1CCN(CC2=CC=CC=C2)CC1)NC1(C2=CC=CC=C2C1)C1=CC=CC=C1[N+](=O)[O-])C=C1
O=C(CCC(=O)C1=CC=CC=C1)NC1CCCN(CC2=CC=CC=C2F)C1,O=C(CCCN1CCN(C2=CC=CC=C2F)CC1)C1=CC=C(F)C=C1
O=C(CCCC1=CC=CC=C1)N1CC(C2=NC(C3=CC=CS3)=NO2)C1,O=C1C2=CC=CC=C2S(=O)(=O)N1CCCCN1CCN(C2=NC=CC=C2)CC1
O=C(CC1CCN(C(=O)NC2=CC=CC(Cl)=C2)CC1)NCC1CCCO1,O=C(NC1CCC(CCN2CCN(C3=CC=CC(Cl)=C3Cl)CC2)CC1)C1=CC=CC(O)=C1
O=C(CCN1C(=O)C2=CC=CC=C2S1(=O)=O)NC1=CC=CC=C1O,O=C(CC1CCCN(CC2COC3=CC=CC=C3O2)CC1)NC(=O)C1=CC=CC=C1
O=C(CC1=CC=CS1)N1CCC2=CC=C([N+](=O)[O-])C=C21,O=C(CCCN1CCC2=C(C1)C1=NC2=CC=CC=C2S1
O=C(CCC1=CC=CN=C1)NC1=CC=C(OCC2=CC=CC=C2)C=C1,O=C(CC1=CC=CN=C1)NC1=CC=C(CCN2CCN(C3=CC=CC=C3)CC2)C=C1
O=C(CCC1=NN=C(CC2=CNC3=CC=CC=C23)O1)NC1CCCC1,O=C(C1=CC=CC(CN2CCN(C3=CNC4=CC=CC=C34)CC2)=C1
O=C(CCN1C=NC2=CC=CC=C2C1=O)NC1=CC=C2OCOC2=C1,O=C(CCC1=CC=CN=C1)NC1=CC=CC(CCN2CCN(C3=CC=CC=C3OC)CC2)=C1
O=C(CCSCCC(=O)NCC1=CC=CC=C1)NCC1=CC=CC=C1,O=C(CC1=CC=CC=C1)NCCC1CCN(CC2COC3=CC=CC=C3O2)CC1
O=C(CCC(=O)N1CCC2=CC=CC=C21)NC1=CC=CC=C1,O=C(CC1=CC=CC=C1)NC1=CC=CC=C1CN1CCN(CC2=CC=CC=C2)CC1
O=C(CC1=CC=CC=C1)N1CCN(CC2=CC=CC=N2)CC1,COC1=CC=CC=C1N1CCN(CC2=CN=C(CN3CCCC3=O)N2C)CC1
O=C(CC1=CNC2=CC=CC=C12)NCCN1C(=O)CNC1=O,O=C(CC1=CC=NC=C1)NCCC1CCN(CC2COC3=CC=CC=C3N2)CC1
O=C(CC1CCCCC1)NC1=CC=CC=C1C1=CC=CC=C1,O=C(CC1CCN(CC2CC2)CC1)C1=CC=CC=C1N2
O=C(CCCN1C=CN=N1)NC1(C2=CC=CC=C2)CCC1,O=C(CCCN1CCC(O)(C2=CC=CC=C2)CC1)NC1(C2=CC=CC=C2)CC1
O=C(CCSCCC1=CC=CC=N1)N1CCC2=CC=CC=C21,O=C(CN1CCN(C2=CC=CC=N2)CC1)N1CCC2=CC=CC=C21
O=C(CN(CC1=CC=CN=C1)CC1CCCO1)N1CCCCC1,O=C(NC1CCC(CCN2CCN(C3=CC=CC(Cl)=C3Cl)CC2)CC1)C1=CC=CN=C1
O=C(CC1=COC(C2=CC=CC=C2)=N1)NCC1CC1,O=C(CCCN1CCC(N2C(O)=NC3=CC=CC=C32)CC1)C1=CC=CC=C1
O=C(CC1CCCCC1)NC1=CC=C(F)C=C1F,O=C(NC1CCC(CCN2CCN(C3=CC=C(F)C=C3Cl)CC2)CC1)C1=CC=CN=C1
O=C(CN1C(=O)COC2=CC=C(S(=O)(=O)N3CCCCC3)C=C21)NC1CCCC2=CC=CC=C21,O=S(=O)(NC1CCCN(CC2=CC=CC=C2)C1)C1=CC=CC(C2=CC=CS2)=C1
O=C(COC1=CC=C2C3=CCCCC3C(=O)OC2=C1)NC(CC1=CC=C(Cl)C=C1)C(=O)O,OC1=CC=C(C2=CCC(N3CCN(CC4=CC=CC=C4)CC3)=C2)C=C1
O=C(CSC1=NC2=CC=CC=C2C(=O)N1C1=CC=C(F)C=C1F)C1=CNC2=CC=CC=C12,O=C(CCCN1CCC2=C(C1)SC1=CNC2=CC=CC=C12)C1=CC=C(F)C=C1
O=C(CN1CCN(CC=CC2=CC=CC=C2)CC1)NC1=CC([N+](=O)[O-])=CC=C1Cl,O=C(NCC=CCN1CCN(C2=CC=CC(Cl)=C2Cl)CC1)C1=CC=CC2=C1NC=C2
O=C(CN1C(=O)C2=CC=CN=C2OC2=CC=C(Cl)C=C21)NC1=CC=C(F)C=C1,O=C1N(CCN2CCCCC2)CCN1C1=CC=C(F)C=C1
O=C(CN1C=NC2=C(N=NN2CC2=CC=CC=C2)C1=O)N1CCCC2=CC=CC=C21,O=C(C1=CC=C(F)C=C1)N1CCCCN1CCN(C2=NC=CC=N2)CC1
O=C(COC1=CC=C2C=CC(=O)OC2=C1)NC1CCN(C2=CC=CC=[NH+]2)CC1,O=C(CC1=CC=C2NC=C(CC3=CC=C(OCC4)C=C4)CCN2C1)CC2=CC=CC=C12
O=C(CN1C=C([N+](=O)[O-])C=CC1=O)NC1CC2CCCC3=C2C1=CC=C3,O=C(CCCN1CCC2=C(C=CC=C2C2=CC=CC=C2)C1
O=C(CN1C(=O)C=NC2=CC=CC=C21)N1CCC2=C(C1)NC1=CC=CC=C21,O=C1C2=CC=CC=C2N=CN1CCCCN1CC=C(C2=CNC3=CC=CC=C23)CC1
O=C(CSC1=CC=C(Cl)C=C1)NC1=CC=C(C2=NC3=CC=CC=C3N2)C=C1,O=C(NCC=CCN1CCN(C2=CC=CC(Cl)=C2Cl)CC1)C1=CC=C(Cl)C=C1
O=C(CN1C(=O)NC2(CCC3=CC=CC=C32)C1=O)NC1=CC=CC(F)=C1,O=C1C2=CC=CC=C2C(=O)N1CCCN1CCC(N2C(O)=NC3=CC(F)=CC=C32)CC1
O=C(CN1C=C([N+](=O)[O-])C=CC1=O)NCC1COC2=CC=CC=C2O1,O=C(NCCC1CCN(CC2COC3=CC=CC=C3O2)CC1)NC1=CC=CC(C(=O)NCC2CCCN2CC
O=C(COC1=CC2=C(C=C1Cl)C1=CCCC1C(=O)O2)NCC1=CC=CC=N1,OC1=C2C(=C(CO)N1CCC(CCN2CCN(C3=CC=CC(Cl)=C3Cl)CC2)CC1
O=C(CN1CCN(CC2=CC=C3OCOC3=C2)CC1)NC1=CC=C2OCOC2=C1,O=C(CC1=CC=CC=C1N1CCN(CC2=CC=C(CN3CCCC3=O)OC2=O)CC1
O=C(CNS(=O)(=O)C1=CC=CC=C1F)NC1=CC=C(N2CCOCC2)C=C1,O=C(NCCCCN1CCN(C2=CC=CC(Cl)=C2Cl)CC1)C1=CC=C(F)C=C1
O=C(CN1C([S-])=NN=C1C1=CC=CS1)NCC1COC2=CC=CC=C2O1,CC1=CC=CC(S(=O)(=O)NCCCCN2CCN(C3=CC=CC=C3OC)CC2)=C1
O=C(CN1CCN(S(=O)(=O)C2=CC=CC=C2)CC1)NCC1=CC=CC=C1,O=S(=O)(NCC1CCN(CC2=CC=CC=C2)CC1)NC1=CC=CC=C1
O=C(CN1C(=O)NC2(CCC3=CC=CC=C32)C1=O)NCC1=CC=CO1,O=C1CC2(CCC4=CC=CC=C3O2)CCN(CC2=CC=CC=C2)C(C)C1
O=C(CN1C(NCCO)=NC2=CC=CC=C21)C1=CC=C(Cl)C=C1Cl,O=C(NCCCCN1CCN(C2=CC=CC(Cl)=C2)CC1)C1=NC2=CC=CC=C2S1
O=C(CN1C(=O)CCC1=O)N1CCN(CC(O)C2=CC=CC=C2)CC1,CC1=CC=C(CN2CCN(C3=CC=CC(C(F)(F)F)=C3)CC2)C=C1
O=C(CN1CCN(C2=CC=CC=C2F)CC1)NC(=O)NCC1=CC=CO1,O=C(CN1CCN(C2=CC=CC=C2F)CC1)NC1=CC=CC=C1
O=C(CN1N=CC=CC1=O)NC(C1=CC=CC=C1)C1=CC=CC=C1,O=C(CCCN1CCC2=C(C=CC=C2CC1)NC1=CC=CC=C1
O=C(CN1C(O)=CC=C1O)C1=CC=C(C2=CC=CC=C2)C=C1,O=C(C1=CC=CC(CN2CCN(C3=CC=CC=C3)CC2)=C1)N1CCC(CC2=CC=CC=C2)CC1
O=C(CN1C(=O)NC2=CC=CC=C2C1=O)NC1=CC=CC=C1,O=C(CC1=CC=CC=N1)NC1CCC(CCN2CCN(C3=CC=CC=C3C2)CC2)CC1
O=C(CN1CCCC1)NC1=CC=CC=C1C(=O)C1=CC=CC=C1,O=C(NC1=CC=CC=C1)N1CCC(NC(=O)C2=CC=CC=C2)CC1
O=C(CN1CCN(C2=CC=CC=N2)CC1)NC1=CC=CC=C1Br,O=C(NC1=CC=CC=C1)NC1CCCN(CC2=CC=CC=C2)CC1
O=C(CN1N=CC2=CC=CC=C21)N1CCC2=CC=CC=C21,O=C(C1=CC=CC(CN2CCN(C3=CC=CC=C3C4=CC=CC=C3)CC2)=C1)N1CCCC1=O
O=C(COC1=CC=C(C2=CC=CC=C2)C=C1)N1CCCC1,O=C(C1=CC=C(CN2CCN(C3=CC=CC=C3)CC2)C=C1
O=C(CSC1=CC=CC=C1O)NC1CCC2=CC=CC=C21,OC(C)C1=CC=CC=C1CNCCC1=CNC2=CC=CC=C12
O=C(CN1C=NC2=CC=CC=C2C1=O)C1=CC=CS1,O=C1C2=CC=CC=C2N=CN1CCCCN1CCN(C2=CC=CC=C2)CC1
O=C(COC1=CC=C(F)C=C1)NCCN1CCCC1,O=C(NCCN1CCN(C2=CC=CC=C2OCCF)CC1)C1=CC=C(F)C=C1
O=C(CN1CCOCC1)NCC1=CC=C(F)C=C1,O=C(CN1CCN(CC2=CC=C(F)C=C2)CC1)N1CCC2=CC=C(F)C=C21
O=C(NC1=CC=C(N2CCN(CC3=CC=CC=C3F)CC2)C=C1)C1=CC=CC=C1[N+](=O)[O-],O=C(NCCCCN1CCN(C2=CC=CC=C2OCCF)CC1)C1=CC=C(N2C(F)=NC2=CC=CC=C12
O=C(NC(CC1=CC=CC=C1)C(=O)N1CCN(C2=NC=CC=N2)CC1)C1=CC=C(Cl)C=C1,OC(CN1CCN(C2=NC=CC=N2)CC1)C1=CC=C(Cl)C(Cl)=C1
O=C(NC1CC1)C1=CC=C(NC(=O)C2CCCN(C(=O)CC3=CC=C(F)C=C3)C2)C=C1,O=C(NC1CCC(CCN2CCN(C3=CC=C(F)C=C3)CC2)C2=CC=C(F)C=C21)C1=CC=C(F)C=C1
O=C(NC1=CC=C(N2CCN(C3=CC=C(C(F)(F)F)C=N3)CC2)N=C1)C1=CC=CS1,O=C(NC1CCC(CCN2CCN(C3=CC=CC=C3Cl)CC2)CC1)C1=CC=CS1
O=C(NC1=CC=C(F)C=C1)C1=CC=CC(S(=O)(=O)N2CCC3=CC=CC=C32)=C1,O=C(NC1=CC=CC(F)=C1)C1CCN(CCN2CC3=CC=CC=C3C2)CC1
O=C(NC1=CN=C(N2CCN(C3=CC=CC=C3)CC2)C(C(=O)O)=C1)C1=CC=CS1,O=C(NC1CCC(CCN2CCN(C3=CC=CC=C3)CC2)CC1)C1=CC=CS1
O=C(NC1=CC=C2OCOC2=C1)N1CCN(C2=CC=CC(C(F)(F)F)=C2)CC1,O=C(NC1=CC=CC(CN2CCN(C3=CC=CC(C(F)(F)F)=C3)CC2)=C1
O=C(CSC1=NC=CN1C1CC1)N1CCN(C2=CC=CC(C(F)(F)F)=C2)CC1,O=C(CN1CCC(N2CCN(C3=CC=CC(C(F)(F)F)=C3)CC2)CC1)C1=CC=CC(Cl)=C1
O=C(N=CC[SH](=O)(O)N1CCN(C2=CC=CC(Cl)=C2)CC1)C1CCCC1,CC(C)C1=CC=CC(N2CCN(CCCCN3C=C(Cl)=CC=C4N3)C=C1
O=C(NC1=CC=C(Cl)C(F)=C1)C1CCCN(C(=O)NC2=CC=CC=C2F)C1,O=C(NC1CCC(CCN2CCN(C3=CC=CC(Cl)=C3Cl)CC2)CC1)C1=CC=C(F)C=C1
O=C(NC1=CC=C2N=C(C3CC3)OC2=C1)C1=CC=C(N2CCCC2=O)C=C1,O=C1N(CCN2CCCC2)CCN1C1=CC=C(Cl)C=C1
O=C(NC1=CC=NN1C1CCN(CC2=CC=CC(OCCO)=C2)CC1)C1CCCC1,O=C(CC1=CC=CC(F)=C1)N1CCN(CC2=CC=CC(C(=O)OC3=CC=C(F)C=C3)CC2)=C1
O=C(NC1=CC=C(C2=NNC=C2)C=C1)C1=CNC2=NC=CC(Cl)=C12,O=C(NC1=CC=C(Cl)C=C1)NCC1CCN(CC2COC3=CC=CC=C3O2)CC1
O=C(NC1CC(=O)N(C2CC2)C1)N1CCN(C2=CC=C(Cl)C=C2)CC1,O=C(CC1=CC=C(F)C=C1)N1CCN(C2CCC(C3=CC=C(Cl)C=C3)CC2)CC1
O=C(NC(=O)N1CCN(C2=CC=CC=C2)CC1)C1=CC=C(Cl)C=C1,O=C(NCCC1CCN(CC2COC3=CC=CC=C3O2)CC1)C1=CC=C(Cl)C=C1
O=C(NC1=CC=CC(NC(=O)N2CCC(CCO)C2)=C1)C1=COC=C1,O=C(NC1CCC(CCN2CCN(C3=CC=CC=C3Cl)CC2)CC1)C1=CC=CC=C1
O=C(CSC1=NN=C(C2=CC=CS2)N1)N1CCCC2=CC=CC=C21,O=C1C2=CC=CC=C2SC1=CC=CC=C1)CN3CCCC1=NC2=CC=CC=C2S1
O=C(NC1=CC=C2OCOC2=C1)C1=CC=C(CN2CCOCC2)C=C1,O=C(NC1=CC=C(CN2CCN(C3=CC=C(Cl)C=C3)CC2)C=C1
O=C(NC1=CC=C(Cl)C=C1)N1CCN(C(=O)C2CCCO2)CC1,O=C(CC1CCN(CC2=CC=C(F)C=C2)CC1)C1=CC=C(Cl)C=C1l
O=C(NC1=CC=C(Cl)C=C1)NC1=CC=C(N2CCOCC2)C=C1,O=C(NC1CCC(CCN2CCN(C3=CC=C(Cl)C=C3)CC2)CC1)C1=CC=C(OC)C=C1
O=C(CSC1CCCC1)N1CCC(C2=NC3=CC=CC=C3S2)CC1,CC1=CC=C(CSC2=NC3=CC=CC=C3N2CCC2=C1C
O=C(NC1=CC=CC(C(F)(F)F)=C1)C(=O)N1CCCCCC1,O=C(NC1=CC=CC(C(F)(F)F)=C1)N1CCC(CN2CCCCC2)CC1
O=C(NC1C=CCCC1)N1CCN(C(=O)C2=CC=NC=C2)CC1,O=C(C1=CC=C(F)C=C1)N1CCC(N2CCN(C3=CC=CC=N3)CC2)CC1
O=C(CSC1=NN=NN1C1CCCC1)N1CCCC2=CC=CC=C21,O=C(C1CCN(CCC2=CC=CC=C2)CC1)NC1CCCC2=CC=CC=C21
O=C(NC1=CC=CC(C(F)(F)F)=C1)C(=O)N1CCCCC1,O=C(NC1=CC=CC(C(F)(F)F)=C1)N1CCC(CN2CCCC2)CC1
O=C(NC(=S)N1CCCC2=CC=CC=C21)C1=CC=CC=C1,O=C(C1=CC=CC(CN2CCN(C3=CC=CC=C3)CC2)=C1)N1CCCCC1
O=C(C[N+]1=CC=CC=C1)N1CCCC2=CC=CC=C21,O=C(C1=CC=C2C=CC=CCN1CCN(C2=CC=CC=C2)CC1)N1CCCC2=CC=CC=C21
O=C(NC1=CC=CC(O)=C1)C(=O)NC1=CC=CC=N1,O=C(NC1=CC=CC(N2CCN(CCC3=CC=CC=N3)CC2)=C1)N1CCCC1
O=C(NC(=S)NCCN1CCOCC1)C1=CC=CC=C1,O=C(NCCN1CCN(C2=CC=CC=C2)CC1)C1=CC=C(C2=CC=CC=C2)C=C1
O=C(CSC1CCCC1)NC1CCCC2=CC=CC=C21,O=C(CCCCN1CCC(C2=CC=CC=C2)CC1)NC1CCC2=CC=CC=C2C1
O=C(NC(=S)NC1=CC=CC=C1Cl)C1CC1,O=C(NC1CCC(CCN2CCN(C3=CC=CC=C3Cl)CC2)CC1)C1=CC=CC=C1
O=C(NC1=CC=C(Cl)C=C1F)N1CCOCC1,O=C(NCC=CCN1CCN(C2=CC=CC(Cl)=C2Cl)CC1)C1=CC=C2[NC2=CC=C(F)C=C12
O=C(NCCC1=CC=CC=C1)C1=CC=C(CSC2=NC3=CC=CN=C3N2CC2=CC=C(F)C=C2)C=C1,O=C(NCCC1=CC=CC(CN2CCN(C3=CC=CC=C3)CC2)=C1
O=C(NCCCN1CCOCC1)NC1=CC=C(CC2=CC=C(NC(=O)NCCCN3CCOCC3)C=C2)C=C1,O=C(NCCCCN1CCN(C2=CC=C(Cl)C=C2)CC1)C1=CC2=CC=CC=C2C=N1
O=C(NCC1=CC=CC=C1)C1=CC=C(NC(=O)N2CC3CCCN3C3=CC=CC=C32)C=C1,O=C(NCCCC1=CC=CC(CN2CCN(C3=CC=CC=C3)CC2)C=C1
O=C(NCC1=CC=C(F)C=C1)C1=CC(SC2=CC=C(F)C=C2F)=NC2=CC=CC=C12,O=C(NCC=CCN1CCN(C2=CC=CC(F)=C2)CC1)C1=CC=CC2=CC=C1O
O=C(NCC1=CC=C(N2CCCC2=O)C=C1)C1=CC=CC=C1C(=O)C1=CC=CC=C1,O=C(NC1CCC(CCN2CCN(C3=CC=CC=C3Cl)CC2)CC1)C1=CC=CC=C1
O=C(NCCC1=NC(C2=CC=CC=C2)=NO1)C(C1=CC=CC=C1)C1=CC=CC=C1,O=C(CC1NCCC(NC(O)CC3=CC=CC=C3)C2)CC1)NC1=CC=CC=C1
O=C(NCC1CCCN1S(=O)(=O)C1=CC=CS1)C(=O)NC1=CC=CC(F)=C1,O=C(NC1=CC=CC(C(F)(F)F)=C1)N1CCC(N2CCC(N3C(O)=NC4=CC=CC=C43)CC2)CC1
O=C(NCC1CCCN(C2=NC=CC=N2)C1)C1=CC(=O)NC2=CC=CC=C12,O=C(NCCCCN1CCN(C2=NSC3=CC=CC=C23)CC1)C1=CC=CC=C1
O=C(NCC1CCN(C(=O)NC2=CC=C(F)C=C2)CC1)C1=CC=CC=C1Cl,O=C(NCCC1CCN(CC2COC3=CC=CC=C2OCCF)CC1)C1=CC=C(F)C=C1
O=C(NCC1CCN(C2=NC=CC=N2)CC1)C1=CC(=O)C2=CC=CC=C2O1,O=C(NCCCCN1CCN(C2=NSC3=CC=CC=C23)CC1)C1=CC=CC=C1
O=C(NC1CCCCC1)C1=CC=C2C(=O)N(CC3CCCO3)C(=O)NC2=C1,O=C(NC1CCC(CCN2CCN(C3=CC=CC(Cl)=C3)CC2)CC1)C1=CC=CC1=C1
O=C(NC1CC[NH+](CC2CCOC2)CC1)C1=CC=C(C(F)(F)F)C=C1,O=C(NC1CCC(CCN2CCN(C3=CC=C(Cl)C=C3Cl)CC2)CC1)C1=CC=C(F)C=C1
O=C(NCC1=CN2C=CC=CC2=N1)N1CCN(C2=CC=[NH+]C=C2)CC1,OC1=CC=C(CN2CCN(C3=CC=CC=N3)CC2)C=C1
O=C(NCC1=CC=C(F)C=C1)C1CCN(C(=O)NC2=CC=CC=C2)CC1,O=C(NC1CCC(CCN2CCN(C3=CC=CC=C3C2)CC2)CC1)C1=CC=C(F)C=C1
O=C(NCCC1=CC=C(Cl)C=C1)C1=CC=C2C(=C1)N=C1COCCN12,O=C(NCCCCN1CCN(C2=CC=C(Cl)C=C2)CC1)C1=CC=C2C=CC=CC2=C1
O=C(NC1CCCCC1)C1=CC=C(S(=O)(=O)C2=CC=CC=C2)C=C1,O=C(NC1CCC(CCN2CCN(C3=CC=CC=C3F)CC2)C=C1)N1CCCCC1
O=C(NCC1=CC=C(F)C=C1)N1CCN(C(=O)C2=CC=CC=C2)CC1,O=C(NC1CCN(CC2=CC=CC=C2)C1)C1=CC=C(F)C=C1
O=C(NCC1=CC=CO1)C1=CC=CC(CN2CCN(C(=O)CO)CC2)=C1,O=C(NCCC1CCN(CC2=CC=CC=C2)CC1)NC1=CC=CC(Cl)=C1
O=C(NCC1=CC=C(F)C=C1)C1=CC=C2NC3=C(CCCC3)C2=C1,O=C(CN1CCCN(CC2=CC=C(Cl)C=C2)CC1)C1=CC=C(F)C=C1
O=C(NCC1=CC=C(N2CCOCC2)C=C1)NC1CCCC2=CC=CC=C21,O=C(CC1CCN(CC2CC2)CC1)C1=CC=C2C=CC=CC2=C1
O=C(NCC1=CC=C(OC(F)(F)F)C=C1)C1COC2=CC=CC=C2C1,O=C(NCCC1CCN(CC2COC3=CC=CC=C3O2)CC1)OC1=CC=CC=C1
O=C(NCCCC(=O)N1CCC2=CC=CC=C21)C1=CC=CC(F)=C1Cl,O=C(NCCCN1CCN(C2=CC=CC(Cl)=C2Cl)CC1)C1=CC=CC2=C1CC1=CC=CC=C12
O=C(NCC(=O)N1CCN(C2=CC=CC=C2)CC1)C1=CC=CC=C1,O=C(NCCCN1CCN(C2=CC=CC=C2)CC1)C1=CC=C(Cl)C=C1
O=C(NC1CCCC2=CC=CC=C21)C1=NOC(CN2CCOCC2)=C1,O=C(CCCN1CCC(C2=CC=CC=C2)CC1)C1=CC=CC2=C1OCC1=CC=CC=C1
O=C(NCCC1=CNC2=CC=CC=C12)C1=CNC2=CC=CC=C12,OC(C)C1CCN(CC2=CNC3=CC=CC=C23)C1
O=C(NCC1=CC=CC=N1)C1=NNC2=CC=CC(Cl)=C12,O=C(NCCCN1CCN(C2=CC=CCl)CC1)C1=CNC2=CC=CC=C12
O=C(NCCCC1=CC=CC=C1)C1CC1C1=CC=CC=C1,COC1=CC=CC(C(=O)NCCCCCN2CCN(C3=CC=CC=C3C)CCC3)C2=O)=C1
O=C(NCCC1=CC=CC(Cl)=C1)C1=CC=CN=C1,O=C(NCCCCN1CCN(C2=CC=CC(Cl)=C2Cl)CC1)C1=CC=C2C(=C1)CC1=CC=CC(Cl)=C1
O=C(NCC1=CC=CO1)C1OCCC2=CC=CC=C21,O=C(NC1CCC(CCN2CCN(C3=CC=CC=C3Cl)CC2)CC1)C1=CC=CC=C1
O=C(NC1CC1)C1CCN(C2=NC=CC=N2)CC1,O=C(NC1CCC(CCN2CCN(C3=NC=CC=N3)CC2)CC1)C1=CC=CC=C1
O=C(NC1CCCCNC1=O)C1=CC=CC(Cl)=C1,O=C(NCCCCN1CCN(C2=CC=CC(Cl)=C2Cl)CC1)C1=CC=CC2=C1C1=CC=CC=C1C2=O
O=C(NCC(F)(F)F)C1=CC=CC(Cl)=C1,CC(C)OC1=CC=CC(C(=O)NCCCCN2CCN(C3=CC=CC(Cl)=C3Cl)CC2)=C1
O=C([O-])C1=CC=CC(NC(=[NH+]CC2=CC=CC=C2)N2CCN(C3=CC=C(F)C=C3)CC2)=C1,O=C(NC1CCC(CCN2CCN(C3=CC=CC=C3Cl)CC2)CC1)C1=CC=C(F)C=C1
O=C1C2=CC=CC(OCC(=O)N3CCCC4=CC=CC=C43)=C2CCN1CC1=CC=C(Br)C=C1,OC1=CC=C2CC3=CC=CC=C3CCN(CCCC2=C1
O=C1CC(C(=O)N2CCC3=CC=C([N+](=O)[O-])C=C32)CN1C1=CC=CC=C1Br,O=C(NC1CCC(N2CCN(C3=CC=CC=C3Cl)C3=CC=CC=C32)CC1)C1=CC=C([N+](=O)[O-])C=C1
O=C(NCC[NH+]1CCN(C(=O)COC2=CC=CC=C2)CC1)C1=CC=C2OCOC2=C1,O=C(NCCC1CCN(CC2COC3=CC=CC=C3O2)CC1)C1=CC=CC=C1
O=C([O-])C1=CC=C2C(=O)N(CCC3=CNC4=CC=CC=C34)C(=O)NC2=C1,O=C1C2=CC=CC=C2C(=O)N1CCCN1CC=C(C2=CNC3=CC=CC=C23)CC1
O=C([O-])C1C2CCC(O2)C1C(=O)N1CCN(C2=CC=CC(Cl)=C2)CC1,ClC1=CC=CC(N2CCN(CC3=CN(C4=CC=CC=C4)=N3)CC2)=C1
O=C(OCC(=O)N1CCC2=CC=CC=C21)C1=CC=CC=C1[N+](=O)[O-],O=C(CC1=CC=CC=C1)NC1=CC=CC=C1CN1CCN(C2CCC3=CC=CC=C32)CC1
O=C1C(=CC2=CC3=CC=CC=C3O2)OC2=C1C=CC(O)=C2CN1CCOCC1,O=C1C=C2C(=O)OC2=CC(OCCCCN3CCC(C4=NOC5=CC(F)=CC=C45)CC3)=CC=C12
O=C1C(=CC2=CC=C3OCOC3=C2)OC2=C1C=CC(O)=C2CN1CCOCC1,O=C1COC2=CC=CC=C2N1CCCN1CCN(C2=CC=C(O)C=C2)CC1
O=C1CC2(CCN(C(=O)C3=CC=CC(Br)=C3)CC2)OC2=CC=CC=C12,O=C(C1=CC=CC(C(=O)NC2CCN(CC3=CC=CC=C3)C2)C=C1)C1=CC=C(Cl)C(Cl)=C1
O=C(OCC(=O)N1CCC(CC2=CC=CC=C2)CC1)C1=CC=C(CO)C=C1,O=C(NC1=CC=CC=C1)NC1=CC=C(CCN2CCC(C3=CC=CC=C3)CC2)C=C1
O=C(NCCN1CCOCC1)C1=CN(CC2=CC=C(Cl)C=C2)C(=O)C=C1,O=C(NCCN1CCN(C2=CC=CC3=C2COC3=CC=CC=C23)CC1)C1=CC=C(Cl)C(Cl)=C1
O=C1C2=CC=CC=C2C(=O)N1CCCC1=NC(C2=CC=CC=C2)=NO1,O=C1C2=CC=CC=C2C(=O)N1CCCN1CCN(C2=NC=CC=N2)CC1
O=C1CC(NS(=O)(=O)C2=CC=CC=C2)CN1C1=CC=C(F)C=C1,O=C1N(CCN2CCC(C4=CC=C(F)C=C4)C3=CC=C(F)C=C32)CC1
O=C1CC2=C(OCCNC3=CC=C4C=CC=CC4=C3)C=CC(F)=C2N1,O=C(NCCC1CCN(CC2COC3=CC=CC=C3O2)CC1)NC1=CC=C(F)C=C1
O=C(O)C1=C(C(=O)N2CCC3=CC=CC=C32)C2CCC1C1CC21,O=C(CCN1CCN(C2=CC=CC=C2C2)CC1)NC1=CC=CC=C1
O=C1C2=CC=CC=C2C(=O)N1CC1=COC(C2=CC=CC=C2)=N1,O=C1C2=CC=CC=C2C(=O)N1CCCCN1CCN(C2=NSC3=CC=CC=C23)CC1
O=C1CCCN1CC1=CC=CC=C1C[NH2+]CC1=CC=C(F)C=C1F,FC1=CC=CC=C1C1=CC=CC(CN2CCC3=CC=CC=C3C2=O)CC1
O=C(OCCN1CCCC1=O)C1=CC2=C(S1)C1=CC=CC=C1OC2,O=S1(=O)C2=CC=CC(CC3=CC=CC=C3OCCC2=CC=CC=C2)C1
O=C([O-])C1=CN(C2CCC3=CC=CC=C3C2)C(=O)NC1=O,O=C1C2=CC=CC=C2CCN1CCC1=CC=CC=C1CN2CCC(N2CCC(N3C]C(O)=CC4=C3Cl)CC1
O=C(O)CN1N=C(N2CCN(C3=CC=CC=C3)CC2)C=CC1=O,O=C1C2=CC=CC=C2C(=O)N(CCN2CCN(C3=CC=CC=C3)CC2)C=C1
O=C(NCCOC1=CC=CN=C1)C1COC2=CC=C(F)C=C2C1,O=C(NCCC1CCN(CC2COC3=CC=CC=C3O2)CC1)NC1=CC=C(OCCF)C=C1
O=C1CC(=CN2C=CN=C2)C2=CC3=C(C=C2O1)CCC3,O=C1C=C(C2=CC=CC(Cl)=C2)N2CCN1CC=C(C2=CC=CC=C2)CC1)C1=CC=CC=C1
O=C1CCN(C2=CC=[NH+]C3=CC=C(Cl)C=C23)CC1,ClC1=CC=C(Cl)C=C1ClCN1CCCC1=CC=C(Cl)C=C1
O=C(NCCCNC(=O)C1CCC1)NC1CCC2=CC=CC=C21,O=C(NCCCCN1CCC(C2=CC=CC=C2)CC1)C1C2=CC=CC=C2C2
O=C([O-])C1=CC=CC=C1C(=O)NCCN1CCOCC1,O=C(NCCN1CCN(C2=CC=CC3=C2OC(O)=C3)CC1)C1=CC=CC(C2=CC=CS2)=C1
O=C1CCCC2=CC=CC=C2N1CC1=CC=C(Cl)C=C1,O=C1C2=CC=CC=C2CCCN1CCCCN1CCN(C2=CC=CC(Cl)=C2)CC1
O=C(NCCN1CCOCC1)C1=CC(Cl)=CC=C1Cl,O=C(NCCCN1CCN(C2=CC=CC(Cl)=C2Cl)CC1)C1=CC2=CC=CC=C2O1
O=C1C=CC(Br)=CN1CCCOC1=CC=CC=C1,O=C1C=C(C2=CC=CC=C2)OC2=CC=CC=C2C(=O)N1CCCN1CCN(C2=NC=CC=C2)CC1
O=C(O)CCC(=O)C1=CNC2=CC=CC=C12,O=C(CCCN1CCC(C2=NOC3=CC=CC=C23)CC1)C1=CNC2=CC=CC=C12
O=C(OCCN1CCCCC1)C1=CC=CC=C1Cl,O=C(OCCOC1=CC=CC=C1)NCC1CCCN1CCN(C2=CC=CC=C2OCCCC1)OCCO1
O=C(NCCN1CCCCC1)C1=CC=CO1,O=C(NCCCN1CCN(C2=CC=CC(Cl)=C2Cl)CC1)C1=CC=C2CCOC2=C1
O=S(=O)(NC1=CC=C2C(=C1)N=C1CN(CC3=CC=CC=C3)CCN12)C1=CC=C(F)C=C1,O=S(=O)(NC1CCC(CCN2CCN(C3=CC=CC=C3Cl)CC2)CC1)C1=CC=C(F)C=C1
O=[N+]([O-])C1=NN(C2=CC=C3OCCOC3=C2)N(O)C1=NCC1=CC=C(F)C=C1,O=C1COC2=CC=C(F)C=C2N1CCCCN1CC=C(C2=CC=C(F)C=C2)CC1
O=C1OC2=CC(OCC(=O)N3CCN(C4=CC=C(F)C=C4)CC3)=CC=C2C2=CCCC12,O=C1OC2=CC(OCCCCN3CCN(C4=CC=C(Cl)C=C4Cl)CC3)=CC=C2N1
O=S(=O)(C1=CC=C2N=C(O)C(O)=NC2=C1)N1CCN(CC2=CC=CC=C2)CC1,O=C(NCC1CCN(CC2=CC=CC=C2)CC1)C1=CC=CC=C1Cl
O=S(=O)(C1=CC=CC=C1)N1CCN(CC(O)COC2=CC=C(Cl)C=C2)CC1,O=C(OCCC1=CC=CC=C1)C1=CC=C(Cl)C=C1)N(C1=CC=CC=C1)CC2=CC=CC=C21
O=[N+]([O-])C1=CC=C(N2CCN(C3=CC=CC(Cl)=C3)CC2)N=C1,ClC1=CC=CC(N2CCN(CCC3=CC=CC=C3)CC2)=C1
O=[N+]([O-])C1=CC(Cl)=CC=C1N1CCN(C2=CC=CC=C2O)CC1,O=C(NCCC1CCN(CC2COC3=CC=CC=C3O2)CC1)C1=CC=C(O)C(Cl)=C1
O=C1NC2(CCCCC2)C(=O)N1CN1CCCCC1C1=NC2=CC=CC=C2S1,O=C1C2=CC=CC=C2S(=O)(=O)N1CCCCN1CCN(C2=CC=C(Cl)C=C2)CC1
O=S(=O)(NC1=CN(C2=CC=CC=C2F)N=C1)C1=CC=C(Cl)C=C1,O=C(NCC=CCN1CCN(C2=CC=CC(Cl)=C2Cl)CC1)C1=CC=C(Cl)C(Cl)=C1
OC1(C2=CC=C(F)C=C2)CC2CCC(C1)N2CC1=NN=NN1C1CCCC1,OC1(C2=CC=CC(Cl)=C2C2)CCN(CCCCC2=CC=C(F)C=C2)C1
O=C1NC(=O)N(C2=CC=C(F)C=C2)C(=O)C1C=NCCN1CCCCC1,O=C1C1=CC=C(F)C=C2S(=O)(=O)N1CCCCN1CCN(C2=CC=C(F)C=C2)CC1
O=S(=O)(NCCN1CCOC(C2=CC=CC=C2)C1)C1=CC=C(F)C=C1,O=S(=O)(NCCN1CCN(C2=NSC3=CC=CC=C23)CC1)C1=CC=C(F)C=C1
O=C1COC2=CC=C(S(=O)(=O)N3CCC4=CC=CC=C43)C=C2N1,O=S1(=O)C2=CC=C3CCN(CCN4CCC4=CC=CC=C3C2)CC1
O=S(=O)(C1=CC=CC=C1)N1CCN(C2=CC=CC(Cl)=C2)CC1,ClC1=CC=CC=C1N1CCN(CCCCN2C(=O)C3=CC=CC=C3C2=O)CC1
O=S(=O)(NCC1=CSC(C2=CC=CC=C2)=N1)C1=CC=CC=C1,O=S(=O)(NC1CCC(CCN2CCN(C3=CC=CC=C3C(F)(F)F)CC2)C1=CC=CC=C1
O=[N+]([O-])C1=CC=C(OCC=CC2=CC=CC=C2Cl)C=C1,COC1=CC=CC=C1N1CCN(CCCCOC2=CC=C(C3=CC=CN4C=CC=C(Cl)C=C3)N=N2)CC1
O=S1CCN(C2=NC=NC3=C2C(C2=CC=CC=C2)=CS3)CC1,O=C1C2=CC=CC=C2S(=O)(=O)N1CCCCN1CCN(C2=NSC3=CC=CC=C23)CC1
OC1=CC=C(N2CCN(C(=S)NCC3=CC=CC=C3)CC2)C=C1,OC1=CC=C(N2CCN(CC3=CC=CC=C3)CC2)C=C1
OCC1(C[NH+]2CCN(CC3=CC=CC(Cl)=C3)CC2)COC1,OC1=CC=C(Cl)C=C1CN1CCN(C2CCN(C3=CC=CC(Cl)=C3)CC2)CC1
O=C1CN(C(=O)CC2=COC(C3=CC=CC=C3)=N2)CCN1,O=C(CC1CCN(CCC2=CC=CC=C2)C1)C1=CC=C(C2=CN=C2)C=C1
OC(COCC1=CC=CS1)CN1CCN(C2=CC=CC=C2Cl)CC1,COC1=CC=CC=C1N1CCN(CC(O)C2=CC=CC3=C2O)CC1
OC(CN1CCOCC1)CN1CCN(C2=CC=CC(Cl)=C2)CC1,OC1=CC=CC(N2CCN(CCN3CCN(C4=CC=CC(Cl)=C4)CC3)CC2)=C1
O=CC1=CN(CC2=CC=C(Br)C=C2)C2=CC=CC=C12,O=C1C2=CC=CC=C2N=CN1CCCCN1CCN(C2=CC=CC(Cl)=C2)CC1
O=S(=O)(NCCCN1CCOCC1)C1=CC=C2OCCOC2=C1,O=S(=O)(NCCCN1CCN(C2=CC=CC3=C2OCCO3)CC1)C1=CC=C(F)C=C1
OC1=C2C(=C(O)N1CC1=CC=CC=C1)C1C=CC2C1,OC1=CC=C(C2CCN(CC3=CC=CC=C3)CC2)C=C1
OCC1=CC=C(Cl)C(NCC2=NC3=C(CCC3)S2)=C1,OC1(CCCCN2CCCC2)CCN1C1=CC=C(Cl)C=C1
OCCCC1=NC2=CC=CC=C2N1CCCCOC1=CC=CC=C1,OC1=CC=CC=C1N1CCN(CCCCOC2=CC=CC=C2)CC1
OC1=CC=C2C(=C1)CC1=CC3=CC=CC=C3N=C12,OC1=CC=C2C(=C1)CCN2CCCC1N1CCCN(CCCC(=O)C2=CC=C(F)C=C2)CC1
O=S(=O)(CCC1CC1)NCC1COC2=CC=CC=C2O1,O=C(NCCC1CCN(CC2COC3=CC=CC=C3O2)CC1)NC1=CC=CC(OC)=C1
OC(C[NH2+]C1CCOCC1)C1=CC=C(Cl)C=C1,OC1=CC=C(C2CCN(CCC3=CC=C(OC)C=C3)CC2)C=C1
OC(COCC1COC2=CC=CC=C2O1)CN1CCCCC1,C1=CC=CC2=C1OCCC1CN1CCN(C2=CC=CC=C2OCCCC2)CC1
OC(COCC1=CC=C2OCOC2=C1)CN1CCCCC1,OC1=CC=CC(C2CCCN(CCC3=CC=CC=C3)C2)=C1
[NH3+]CCCOC1CCN(C(=O)C2=CC=C(F)C=C2)CC1,O=C(C1=CC=C(F)C=C1)N1CCN(CCCCC2=CC=C(F)C=C2)CC1
OCCCCNCC1=CC=C(OCC2=CC=CC=C2)C=C1,OC1=CC=C(CCCN2CCCC3=CC=CC=C32)C=C1
[NH3+]CC1=CC=CC=C1NC(=O)NC1CCOC1,O=C(NC1CCC(CCN2CCN(C3=CC=CC(Cl)=C3Cl)CC2)CC1)C1=CC=CO1
S=C1OCCN1CN1CCOC(C2=CC=CC=C2)C1,O=C1C=C(C2CC2C2=CC=CC=C2)C1
S=C1SC2=CC=CC=C2N1CCC1=CC=NC=C1,C1=C(C)C=C(C)C=C(C2=CC=CSSC=CN=C2)CCN(CCCSC2=NC3=CC=CC=C3S2)C=C1
OCCNCCOC1=CC=C(Cl)C(Cl)=C1,OC1=CC=C(Cl)C(OCCNCCCOC2=CC=C(O)C=C2)C=C1
OCCNCCCCCOC1=CC=C(F)C=C1,FC1=CC=C(OCCCNCCOC2=CC=C(F)C=C2)C=C1
